station_id,name,lat,lon,state,elevation,total_days,observed_days,pct_observed,first_date,last_date
1001,OOMBULGURRI,-15.181,127.846,WA,,9647,879,9.1,2000-01-01,2026-05-30
1005,WYNDHAM PORT,-15.464,128.1,WA,,9647,0,0.0,2000-01-01,2026-05-30
1006,WYNDHAM AERO,-15.51,128.15,WA,,9647,9263,96.0,2000-01-01,2026-05-30
1009,KURI BAY,-15.488,124.522,WA,,9647,4150,43.0,2000-01-01,2026-05-30
1010,THEDA,-14.789,126.496,WA,,9647,9308,96.5,2000-01-01,2026-05-30
1012,MITCHELL PLATEAU,-14.793,125.826,WA,,9647,0,0.0,2000-01-01,2026-05-30
1013,WYNDHAM,-15.487,128.124,WA,,9647,7768,80.5,2000-01-01,2026-05-30
1018,MOUNT ELIZABETH,-16.418,126.103,WA,,9647,7584,78.6,2000-01-01,2026-05-30
1019,KALUMBURU,-14.296,126.645,WA,,9647,9327,96.7,2000-01-01,2026-05-30
1021,KALUMBURU MISSION,-14.296,126.643,WA,,9647,1916,19.9,2000-01-01,2026-05-30
1025,DOONGAN,-15.38,126.311,WA,,9647,9366,97.1,2000-01-01,2026-05-30
2000,ALICE DOWNS,-17.757,127.939,WA,,9647,668,6.9,2000-01-01,2026-05-30
2001,ARGYLE DOWNS,-16.504,128.917,WA,,9647,5140,53.3,2000-01-01,2026-05-30
2002,BOHEMIA DOWNS,-18.883,126.233,WA,,9647,0,0.0,2000-01-01,2026-05-30
2003,BOW RIVER,-16.87,128.184,WA,,9647,0,0.0,2000-01-01,2026-05-30
2005,CARLTON HILL,-15.486,128.534,WA,,9647,7437,77.1,2000-01-01,2026-05-30
2007,DUNHAM RIVER STATION,-16.317,128.25,WA,,9647,0,0.0,2000-01-01,2026-05-30
2008,FLORA VALLEY OLD,-18.317,128.0,WA,,9647,0,0.0,2000-01-01,2026-05-30
2009,GIBB RIVER,-16.42,126.441,WA,,9647,8812,91.3,2000-01-01,2026-05-30
2010,GORDON DOWNS,-18.751,128.584,WA,,9647,0,0.0,2000-01-01,2026-05-30
2011,OLD HALLS CREEK,-18.252,127.782,WA,,9647,0,0.0,2000-01-01,2026-05-30
2012,HALLS CREEK METEOROLOGICAL OFFICE,-18.229,127.664,WA,,9647,6753,70.0,2000-01-01,2026-05-30
2013,IVANHOE STATION,-15.69,128.683,WA,,9647,3517,36.5,2000-01-01,2026-05-30
2014,KIMBERLEY RES.STATION,-15.655,128.709,WA,,9647,3683,38.2,2000-01-01,2026-05-30
2015,LAMBOO,-18.409,127.355,WA,,9647,424,4.4,2000-01-01,2026-05-30
2016,LISSADELL,-16.674,128.553,WA,,9647,2668,27.7,2000-01-01,2026-05-30
2017,LOUISA DOWNS,-18.711,126.711,WA,,9647,0,0.0,2000-01-01,2026-05-30
2018,MABEL DOWNS,-17.179,128.122,WA,,9647,1492,15.5,2000-01-01,2026-05-30
2019,MARGARET RIVER STATION,-18.625,126.862,WA,,9647,5186,53.8,2000-01-01,2026-05-30
2020,MOOLA BULLA,-18.189,127.501,WA,,9647,7076,73.3,2000-01-01,2026-05-30
2021,MOUNT AMHURST,-18.387,126.989,WA,,9647,9123,94.6,2000-01-01,2026-05-30
2023,NICHOLSON,-18.031,128.894,WA,,9647,7610,78.9,2000-01-01,2026-05-30
2024,ORD RIVER,-17.4,128.85,WA,,9647,0,0.0,2000-01-01,2026-05-30
2026,RUBY PLAINS,-18.596,127.642,WA,,9647,9432,97.8,2000-01-01,2026-05-30
2028,SPRING CREEK,-16.818,128.866,WA,,9647,6134,63.6,2000-01-01,2026-05-30
2029,STURT CREEK,-19.163,128.163,WA,,9647,8715,90.3,2000-01-01,2026-05-30
2030,YULMBU,-17.299,126.916,WA,,9647,8370,86.8,2000-01-01,2026-05-30
2031,TEXAS DOWNS,-17.01,128.467,WA,,9647,0,0.0,2000-01-01,2026-05-30
2032,WARMUN,-17.015,128.217,WA,,9647,9038,93.7,2000-01-01,2026-05-30
2033,TURNER RIVER,-17.8,128.3,WA,,9647,0,0.0,2000-01-01,2026-05-30
2038,KUNUNURRA,-15.783,128.735,WA,,9647,0,0.0,2000-01-01,2026-05-30
2041,ORD RIVER REGENERATION STATION,-17.385,128.923,WA,,9647,0,0.0,2000-01-01,2026-05-30
2044,LAKE ARGYLE RESORT,-16.112,128.741,WA,,9647,7095,73.5,2000-01-01,2026-05-30
2047,BEDFORD DOWNS,-17.263,127.462,WA,,9647,3329,34.5,2000-01-01,2026-05-30
2049,SOPHIE DOWNS,-18.195,127.815,WA,,9647,8836,91.6,2000-01-01,2026-05-30
2050,SPRINGVALE,-17.784,127.685,WA,,9647,6199,64.3,2000-01-01,2026-05-30
2056,KUNUNURRA AERO,-15.781,128.71,WA,,9647,9465,98.1,2000-01-01,2026-05-30
2062,FOX RIVER,-18.423,128.031,WA,,9647,2844,29.5,2000-01-01,2026-05-30
2064,ARGYLE AERODROME,-16.638,128.452,WA,,9647,9080,94.1,2000-01-01,2026-05-30
3000,BEAGLE BAY,-16.981,122.666,WA,,9647,4692,48.6,2000-01-01,2026-05-30
3001,COUNTRY DOWNS,-17.277,122.571,WA,,9647,9349,96.9,2000-01-01,2026-05-30
3002,BROOME POST OFFICE,-17.95,122.25,WA,,9647,0,0.0,2000-01-01,2026-05-30
3003,BROOME AIRPORT,-17.948,122.235,WA,,9647,9624,99.8,2000-01-01,2026-05-30
3004,CAPE LEVEQUE,-16.396,122.928,WA,,9647,5180,53.7,2000-01-01,2026-05-30
3005,FAIRFIELD STATION,-17.573,125.067,WA,,9647,2129,22.1,2000-01-01,2026-05-30
3006,FITZROY CROSSING COMP.,-18.192,125.564,WA,,9647,9,0.1,2000-01-01,2026-05-30
3007,DERBY POST OFFICE,-17.304,123.629,WA,,9647,0,0.0,2000-01-01,2026-05-30
3008,ELLENDALE,-17.928,124.811,WA,,9647,4297,44.5,2000-01-01,2026-05-30
3009,JUBILEE DOWNS,-18.355,125.303,WA,,9647,8973,93.0,2000-01-01,2026-05-30
3010,KIMBERLEY DOWNS,-17.393,124.357,WA,,9647,5767,59.8,2000-01-01,2026-05-30
3011,LEOPOLD DOWNS,-17.753,125.381,WA,,9647,3327,34.5,2000-01-01,2026-05-30
3012,LIVERINGA UPPER,-18.048,124.173,WA,,9647,153,1.6,2000-01-01,2026-05-30
3013,LULUIGUI,-18.145,124.028,WA,,9647,0,0.0,2000-01-01,2026-05-30
3014,GOGO STATION,-18.291,125.587,WA,,9647,8533,88.5,2000-01-01,2026-05-30
3015,MEDA,-17.368,123.996,WA,,9647,2846,29.5,2000-01-01,2026-05-30
3016,MOUNT ANDERSON,-18.036,123.929,WA,,9647,0,0.0,2000-01-01,2026-05-30
3017,MOUNT HOUSE STATION,-17.052,125.705,WA,,9647,6542,67.8,2000-01-01,2026-05-30
3018,MYROODAH,-18.122,124.269,WA,,9647,7823,81.1,2000-01-01,2026-05-30
3019,NAPIER DOWNS,-17.331,124.817,WA,,9647,8986,93.1,2000-01-01,2026-05-30
3021,NOONKANBAH,-18.488,124.823,WA,,9647,0,0.0,2000-01-01,2026-05-30
3022,QUANBUN DOWNS,-18.382,125.227,WA,,9647,6023,62.4,2000-01-01,2026-05-30
3023,ROEBUCK PLAINS,-17.931,122.472,WA,,9647,3822,39.6,2000-01-01,2026-05-30
3024,UDIALLA,-17.946,123.738,WA,,9647,9591,99.4,2000-01-01,2026-05-30
3026,YEEDA,-17.615,123.648,WA,,9647,5439,56.4,2000-01-01,2026-05-30
3027,FOSSIL DOWNS,-18.139,125.776,WA,,9647,9566,99.2,2000-01-01,2026-05-30
3028,ANNA PLAINS,-19.254,121.486,WA,,9647,9478,98.2,2000-01-01,2026-05-30
3029,FRAZIER DOWNS,-18.798,121.713,WA,,9647,0,0.0,2000-01-01,2026-05-30
3030,BIDYADANGA,-18.684,121.78,WA,,9647,9098,94.3,2000-01-01,2026-05-30
3032,DERBY AERO,-17.371,123.661,WA,,9647,9377,97.2,2000-01-01,2026-05-30
3033,BLINA,-17.747,124.528,WA,,9647,6466,67.0,2000-01-01,2026-05-30
3040,CAMBALLIN,-17.99,124.192,WA,,9647,7624,79.0,2000-01-01,2026-05-30
3043,CHRISTMAS CREEK HOMESTEAD,-18.877,125.921,WA,,9647,5667,58.7,2000-01-01,2026-05-30
3051,MOUNT BARNETT,-16.737,125.909,WA,,9647,8586,89.0,2000-01-01,2026-05-30
3052,MOUNT HART STATION,-16.821,124.915,WA,,9647,5333,55.3,2000-01-01,2026-05-30
3056,THANGOO,-18.179,122.358,WA,,9647,4113,42.6,2000-01-01,2026-05-30
3057,CYGNET BAY,-16.451,123.009,WA,,9647,8951,92.8,2000-01-01,2026-05-30
3059,NITA DOWNS,-19.086,121.676,WA,,9647,3425,35.5,2000-01-01,2026-05-30
3063,CHARNLEY RIVER,-16.716,125.46,WA,,9647,8447,87.6,2000-01-01,2026-05-30
3068,DAMPIER DOWNS,-18.508,123.456,WA,,9647,8944,92.7,2000-01-01,2026-05-30
3069,KOOLAN ISLAND,-16.131,123.776,WA,,9647,0,0.0,2000-01-01,2026-05-30
3078,CADJEBUT,-18.727,125.987,WA,,9647,1389,14.4,2000-01-01,2026-05-30
3080,CURTIN AERO,-17.577,123.83,WA,,9647,9403,97.5,2000-01-01,2026-05-30
3093,FITZROY CROSSING AERO,-18.181,125.562,WA,,9647,9558,99.1,2000-01-01,2026-05-30
3096,WEST ROEBUCK,-17.896,122.312,WA,,9647,0,0.0,2000-01-01,2026-05-30
4000,ABYDOS,-21.417,118.933,WA,,9647,0,0.0,2000-01-01,2026-05-30
4001,WOODBROOK,-20.9,117.117,WA,,9647,0,0.0,2000-01-01,2026-05-30
4002,PORT HEDLAND POST OFFICE,-20.314,118.574,WA,,9647,0,0.0,2000-01-01,2026-05-30
4003,BALFOUR DOWNS,-22.8,120.862,WA,,9647,0,0.0,2000-01-01,2026-05-30
4004,BAMBOO CREEK,-20.926,120.207,WA,,9647,8763,90.8,2000-01-01,2026-05-30
4005,BAMBOO SPRINGS,-22.052,119.632,WA,,9647,0,0.0,2000-01-01,2026-05-30
4006,BONNEY DOWNS,-22.183,119.935,WA,,9647,9435,97.8,2000-01-01,2026-05-30
4007,BOODARIE,-20.4,118.467,WA,,9647,0,0.0,2000-01-01,2026-05-30
4008,CARLINDIE,-20.639,119.243,WA,,9647,3835,39.8,2000-01-01,2026-05-30
4009,COONGAN STATION,-20.683,119.667,WA,,9647,0,0.0,2000-01-01,2026-05-30
4010,COOYA POOYA,-21.033,117.133,WA,,9647,0,0.0,2000-01-01,2026-05-30
4011,CORUNNA DOWNS,-21.467,119.833,WA,,9647,0,0.0,2000-01-01,2026-05-30
4012,DE GREY,-20.176,119.191,WA,,9647,4028,41.8,2000-01-01,2026-05-30
4013,ETTRICK,-20.517,119.667,WA,,9647,0,0.0,2000-01-01,2026-05-30
4014,EGINBAH,-20.85,119.767,WA,,9647,0,0.0,2000-01-01,2026-05-30
4015,HILLSIDE STATION,-21.722,119.399,WA,,9647,4039,41.9,2000-01-01,2026-05-30
4016,INDEE,-20.787,118.597,WA,,9647,8896,92.2,2000-01-01,2026-05-30
4019,MANDORA,-19.742,120.843,WA,,9647,9474,98.2,2000-01-01,2026-05-30
4020,MARBLE BAR COMPARISON,-21.176,119.75,WA,,9647,2433,25.2,2000-01-01,2026-05-30
4021,MOUNT EDGAR,-21.312,120.059,WA,,9647,0,0.0,2000-01-01,2026-05-30
4022,MUCCAN,-20.633,120.086,WA,,9647,3637,37.7,2000-01-01,2026-05-30
4023,MULYIE,-20.462,119.519,WA,,9647,1236,12.8,2000-01-01,2026-05-30
4024,MUNDABULLANGANA,-20.519,118.06,WA,,9647,4681,48.5,2000-01-01,2026-05-30
4025,NIMINGARRA,-20.5,119.8,WA,,9647,0,0.0,2000-01-01,2026-05-30
4026,NOREENA DOWNS,-22.291,120.176,WA,,9647,9505,98.5,2000-01-01,2026-05-30
4027,NULLAGINE,-21.886,120.11,WA,,9647,573,5.9,2000-01-01,2026-05-30
4028,PARDOO STATION,-20.108,119.581,WA,,9647,8203,85.0,2000-01-01,2026-05-30
4030,PILGA,-21.4,119.4,WA,,9647,0,0.0,2000-01-01,2026-05-30
4032,PORT HEDLAND AIRPORT,-20.372,118.632,WA,,9647,9314,96.5,2000-01-01,2026-05-30
4033,PYRAMID STATION,-21.056,117.444,WA,,9647,6565,68.1,2000-01-01,2026-05-30
4035,ROEBOURNE,-20.777,117.146,WA,,9647,5485,56.9,2000-01-01,2026-05-30
4036,STRELLEY,-20.468,119.056,WA,,9647,6712,69.6,2000-01-01,2026-05-30
4037,TALGA TALGA,-21.05,120.0,WA,,9647,0,0.0,2000-01-01,2026-05-30
4038,WALLAREENYA,-20.748,118.817,WA,,9647,7080,73.4,2000-01-01,2026-05-30
4039,WARAMBIE,-20.948,117.373,WA,,9647,7903,81.9,2000-01-01,2026-05-30
4040,WARRALONG,-20.647,119.587,WA,,9647,0,0.0,2000-01-01,2026-05-30
4041,WARRAWAGINE,-20.851,120.696,WA,,9647,8871,92.0,2000-01-01,2026-05-30
4042,WHIM CREEK,-20.841,117.835,WA,,9647,1474,15.3,2000-01-01,2026-05-30
4043,REDMONT,-21.993,119.013,WA,,9647,420,4.4,2000-01-01,2026-05-30
4045,ABYDOS WOODSTOCK,-21.62,118.955,WA,,9647,0,0.0,2000-01-01,2026-05-30
4046,YARRIE,-20.674,120.204,WA,,9647,7453,77.3,2000-01-01,2026-05-30
4047,TABBA TABBA,-20.833,118.9,WA,,9647,0,0.0,2000-01-01,2026-05-30
4054,COSSACK,-20.678,117.189,WA,,9647,2821,29.2,2000-01-01,2026-05-30
4057,LALLA ROOKH,-20.883,119.15,WA,,9647,0,0.0,2000-01-01,2026-05-30
4059,MALLINA,-20.882,118.031,WA,,9647,5198,53.9,2000-01-01,2026-05-30
4068,WALLAL DOWNS,-19.779,120.642,WA,,9647,8309,86.1,2000-01-01,2026-05-30
4074,GOLDSWORTHY,-20.342,119.521,WA,,9647,0,0.0,2000-01-01,2026-05-30
4079,YANDEE,-21.363,118.878,WA,,9647,0,0.0,2000-01-01,2026-05-30
4082,CAPE LAMBERT,-20.615,117.163,WA,,9647,1086,11.3,2000-01-01,2026-05-30
4083,KARRATHA AERO,-20.71,116.774,WA,,9647,9564,99.1,2000-01-01,2026-05-30
4084,SHAY GAP,-20.496,120.167,WA,,9647,0,0.0,2000-01-01,2026-05-30
4086,SHERLOCK,-20.896,117.645,WA,,9647,6513,67.5,2000-01-01,2026-05-30
4090,ROEBOURNE AERO,-20.759,117.158,WA,,9647,8693,90.1,2000-01-01,2026-05-30
4093,STRELLEY PUMPING STATION,-20.329,119.188,WA,,9647,425,4.4,2000-01-01,2026-05-30
4097,DAMPIER PORT,-20.617,116.752,WA,,9647,610,6.3,2000-01-01,2026-05-30
4106,MARBLE BAR,-21.176,119.75,WA,,9647,8814,91.4,2000-01-01,2026-05-30
5000,BOOLALOO,-22.583,115.85,WA,,9647,0,0.0,2000-01-01,2026-05-30
5001,COOLAWANYAH,-21.805,117.806,WA,,9647,8694,90.1,2000-01-01,2026-05-30
5003,ETHEL CREEK,-22.897,120.173,WA,,9647,5553,57.6,2000-01-01,2026-05-30
5004,EXMOUTH GULF,-22.376,114.111,WA,,9647,7690,79.7,2000-01-01,2026-05-30
5005,HAMERSLEY,-22.279,117.677,WA,,9647,5177,53.7,2000-01-01,2026-05-30
5006,KOOLINE,-22.912,116.29,WA,,9647,9476,98.2,2000-01-01,2026-05-30
5007,LEARMONTH AIRPORT,-22.241,114.097,WA,,9647,9378,97.2,2000-01-01,2026-05-30
5008,MARDIE,-21.191,115.98,WA,,9647,9536,98.8,2000-01-01,2026-05-30
5009,MARILLANA,-22.633,119.408,WA,,9647,6650,68.9,2000-01-01,2026-05-30
5010,MARRILLA,-22.974,114.46,WA,,9647,0,0.0,2000-01-01,2026-05-30
5012,MILLSTREAM,-21.591,117.066,WA,,9647,8417,87.2,2000-01-01,2026-05-30
5013,MINDEROO,-21.997,115.046,WA,,9647,8020,83.1,2000-01-01,2026-05-30
5014,MOUNT FLORANCE,-21.787,117.865,WA,,9647,9290,96.3,2000-01-01,2026-05-30
5015,MULGA DOWNS,-22.104,118.47,WA,,9647,5763,59.7,2000-01-01,2026-05-30
5016,ONSLOW,-21.636,115.112,WA,,9647,4566,47.3,2000-01-01,2026-05-30
5017,ONSLOW AIRPORT,-21.669,115.109,WA,,9647,9355,97.0,2000-01-01,2026-05-30
5018,PEEDAMULLAH,-21.85,115.617,WA,,9647,0,0.0,2000-01-01,2026-05-30
5020,NINGALOO,-22.698,113.674,WA,,9647,6726,69.7,2000-01-01,2026-05-30
5021,RANGE,-22.267,115.417,WA,,9647,0,0.0,2000-01-01,2026-05-30
5022,RED HILL,-21.975,116.065,WA,,9647,9556,99.1,2000-01-01,2026-05-30
5023,ROY HILL,-22.622,119.956,WA,,9647,1605,16.6,2000-01-01,2026-05-30
5024,VLAMINGH HEAD,-21.807,114.107,WA,,9647,0,0.0,2000-01-01,2026-05-30
5026,WITTENOOM,-22.242,118.336,WA,,9647,7177,74.4,2000-01-01,2026-05-30
5028,WYLOO,-22.691,116.233,WA,,9647,5625,58.3,2000-01-01,2026-05-30
5029,YALLEEN,-21.677,116.393,WA,,9647,9516,98.6,2000-01-01,2026-05-30
5030,YANREY,-22.506,114.794,WA,,9647,4218,43.7,2000-01-01,2026-05-30
5031,YARDIE CREEK,-21.887,114.009,WA,,9647,0,0.0,2000-01-01,2026-05-30
5032,YARRALOOLA HOMESTEAD,-21.57,115.879,WA,,9647,6918,71.7,2000-01-01,2026-05-30
5033,KOORDARRIE,-22.342,114.932,WA,,9647,1994,20.7,2000-01-01,2026-05-30
5034,MOUNT STUART,-22.456,116.051,WA,,9647,8707,90.3,2000-01-01,2026-05-30
5035,TAMBREY,-21.6,117.6,WA,,9647,0,0.0,2000-01-01,2026-05-30
5036,GLEN FLORRIE STATION,-22.937,115.983,WA,,9647,8269,85.7,2000-01-01,2026-05-30
5040,BALMORAL,-21.159,116.12,WA,,9647,8435,87.4,2000-01-01,2026-05-30
5045,GIRALIA,-22.685,114.367,WA,,9647,6479,67.2,2000-01-01,2026-05-30
5048,NANUTARRA,-22.54,115.498,WA,,9647,0,0.0,2000-01-01,2026-05-30
5051,EXMOUTH TOWN,-21.93,114.126,WA,,9647,8632,89.5,2000-01-01,2026-05-30
5052,KARRATHA STATION,-20.883,116.672,WA,,9647,5129,53.2,2000-01-01,2026-05-30
5053,EAST INTERCOURSE ISLAND,-20.655,116.679,WA,,9647,0,0.0,2000-01-01,2026-05-30
5058,BARROW ISLAND,-20.821,115.393,WA,,9647,2,0.0,2000-01-01,2026-05-30
5061,DAMPIER SALT,-20.728,116.748,WA,,9647,9240,95.8,2000-01-01,2026-05-30
5064,SAND HILL,-22.782,119.617,WA,,9647,0,0.0,2000-01-01,2026-05-30
5066,UAROO,-22.781,115.372,WA,,9647,3820,39.6,2000-01-01,2026-05-30
5068,BULLARA,-22.681,114.039,WA,,9647,5070,52.6,2000-01-01,2026-05-30
5069,PANNAWONICA,-21.639,116.331,WA,,9647,9006,93.4,2000-01-01,2026-05-30
5070,ROBE,-21.357,115.821,WA,,9647,8576,88.9,2000-01-01,2026-05-30
5071,PINDRAL OUTCAMP,-21.344,115.936,WA,,9647,8873,92.0,2000-01-01,2026-05-30
5072,TOM PRICE,-22.697,117.77,WA,,9647,4032,41.8,2000-01-01,2026-05-30
5075,NAVY ALPHA,-21.822,114.171,WA,,9647,0,0.0,2000-01-01,2026-05-30
5094,BARROW ISLAND AIRPORT,-20.874,115.407,WA,,9647,9458,98.0,2000-01-01,2026-05-30
6000,BIDGEMIA,-25.042,115.309,WA,,9647,6235,64.6,2000-01-01,2026-05-30
6001,BILLABALONG,-27.423,115.835,WA,,9647,6368,66.0,2000-01-01,2026-05-30
6002,BINTHALYA,-24.685,114.836,WA,,9647,0,0.0,2000-01-01,2026-05-30
6003,BOOLATHANA,-24.652,113.694,WA,,9647,6155,63.8,2000-01-01,2026-05-30
6004,BOOLOGOORO,-24.333,114.024,WA,,9647,0,0.0,2000-01-01,2026-05-30
6005,BRICKHOUSE,-24.821,113.785,WA,,9647,8496,88.1,2000-01-01,2026-05-30
6006,BULLARDOO,-27.855,115.673,WA,,9647,0,0.0,2000-01-01,2026-05-30
6008,CALLAGIDDY STATION,-25.048,114.029,WA,,9647,9369,97.1,2000-01-01,2026-05-30
6009,CARDABIA,-23.104,113.804,WA,,9647,3040,31.5,2000-01-01,2026-05-30
6010,CAREY DOWNS,-25.611,115.463,WA,,9647,9172,95.1,2000-01-01,2026-05-30
6011,CARNARVON AIRPORT,-24.888,113.67,WA,,9647,9421,97.7,2000-01-01,2026-05-30
6012,CARRARANG,-26.463,113.505,WA,,9647,91,0.9,2000-01-01,2026-05-30
6015,COORALYA,-24.445,114.078,WA,,9647,3982,41.3,2000-01-01,2026-05-30
6017,DAIRY CREEK,-25.279,115.863,WA,,9647,5306,55.0,2000-01-01,2026-05-30
6018,DIRK HARTOG ISLAND,-26.033,113.217,WA,,9647,0,0.0,2000-01-01,2026-05-30
6019,DOORAWARRAH,-24.806,114.431,WA,,9647,8077,83.7,2000-01-01,2026-05-30
6020,EDAGGEE,-25.36,114.229,WA,,9647,9570,99.2,2000-01-01,2026-05-30
6021,EUDAMULLAH,-24.451,115.607,WA,,9647,5861,60.8,2000-01-01,2026-05-30
6022,GASCOYNE JUNCTION,-25.054,115.21,WA,,9647,7143,74.0,2000-01-01,2026-05-30
6023,GNARALOO,-23.822,113.526,WA,,9647,7589,78.7,2000-01-01,2026-05-30
6025,HAMELIN POOL,-26.399,114.166,WA,,9647,3898,40.4,2000-01-01,2026-05-30
6026,HAMELIN STATION,-26.428,114.192,WA,,9647,8401,87.1,2000-01-01,2026-05-30
6027,JIMBA JIMBA,-25.044,115.133,WA,,9647,9373,97.2,2000-01-01,2026-05-30
6029,LYNDON,-23.636,115.246,WA,,9647,7588,78.7,2000-01-01,2026-05-30
6030,LYONS RIVER,-24.631,115.338,WA,,9647,5725,59.3,2000-01-01,2026-05-30
6031,MANGAROON,-23.915,115.618,WA,,9647,0,0.0,2000-01-01,2026-05-30
6032,MARDATHUNA,-24.473,114.555,WA,,9647,2480,25.7,2000-01-01,2026-05-30
6033,MAROONAH,-23.48,115.548,WA,,9647,5470,56.7,2000-01-01,2026-05-30
6034,MARRON,-25.366,114.359,WA,,9647,9362,97.0,2000-01-01,2026-05-30
6035,MEADOW STATION,-26.703,114.618,WA,,9647,0,0.0,2000-01-01,2026-05-30
6036,MEEDO,-25.663,114.626,WA,,9647,3485,36.1,2000-01-01,2026-05-30
6038,MIA MIA,-23.382,114.438,WA,,9647,7252,75.2,2000-01-01,2026-05-30
6039,MINILYA,-23.85,113.971,WA,,9647,4555,47.2,2000-01-01,2026-05-30
6040,MINNIE CREEK,-24.031,115.697,WA,,9647,7662,79.4,2000-01-01,2026-05-30
6041,MOOGOOREE,-24.063,115.205,WA,,9647,0,0.0,2000-01-01,2026-05-30
6043,NEW FOREST,-27.37,115.652,WA,,9647,0,0.0,2000-01-01,2026-05-30
6044,DENHAM,-25.927,113.532,WA,,9647,9114,94.5,2000-01-01,2026-05-30
6045,TAMALA,-26.697,113.716,WA,,9647,9534,98.8,2000-01-01,2026-05-30
6046,TOWERA,-23.175,115.119,WA,,9647,89,0.9,2000-01-01,2026-05-30
6047,TOWRANA,-25.405,115.227,WA,,9647,0,0.0,2000-01-01,2026-05-30
6048,TWIN PEAKS,-27.385,115.966,WA,,9647,2158,22.4,2000-01-01,2026-05-30
6050,WANDAGEE,-23.765,114.554,WA,,9647,5791,60.0,2000-01-01,2026-05-30
6051,WANDINA,-27.986,115.631,WA,,9647,2586,26.8,2000-01-01,2026-05-30
6052,WILLIAMBURY,-23.861,115.147,WA,,9647,7814,81.0,2000-01-01,2026-05-30
6053,WINDERIE,-25.302,115.116,WA,,9647,4778,49.5,2000-01-01,2026-05-30
6054,WOODLEIGH,-26.051,114.754,WA,,9647,3852,39.9,2000-01-01,2026-05-30
6055,WOOLGORONG,-27.746,115.829,WA,,9647,8949,92.8,2000-01-01,2026-05-30
6056,WOORAMEL,-25.74,114.285,WA,,9647,6504,67.4,2000-01-01,2026-05-30
6057,YALBALGO,-25.188,114.68,WA,,9647,5477,56.8,2000-01-01,2026-05-30
6058,YALLALONG,-27.428,115.515,WA,,9647,8613,89.3,2000-01-01,2026-05-30
6059,YARINGA STATION,-25.944,114.322,WA,,9647,9314,96.5,2000-01-01,2026-05-30
6060,CARBLA STATION,-26.201,114.287,WA,,9647,6882,71.3,2000-01-01,2026-05-30
6062,CARNARVON POST OFFICE,-24.886,113.656,WA,,9647,250,2.6,2000-01-01,2026-05-30
6066,WINNING,-23.157,114.54,WA,,9647,8160,84.6,2000-01-01,2026-05-30
6068,WAHROONGA,-25.491,114.398,WA,,9647,7211,74.7,2000-01-01,2026-05-30
6069,MOUNT NARRYER,-26.59,115.927,WA,,9647,6621,68.6,2000-01-01,2026-05-30
6070,HILL SPRINGS,-24.306,114.5,WA,,9647,9598,99.5,2000-01-01,2026-05-30
6071,MUGGON,-26.617,115.547,WA,,9647,5473,56.7,2000-01-01,2026-05-30
6072,EMU CREEK STATION,-23.031,115.041,WA,,9647,8585,89.0,2000-01-01,2026-05-30
6079,ELLA VALLA,-25.088,114.384,WA,,9647,2098,21.7,2000-01-01,2026-05-30
6080,NANGA,-26.256,113.806,WA,,9647,0,0.0,2000-01-01,2026-05-30
6084,WARROORA,-23.484,113.793,WA,,9647,8634,89.5,2000-01-01,2026-05-30
6087,BRICKHOUSE WOOLSHED,-24.817,113.833,WA,,9647,0,0.0,2000-01-01,2026-05-30
6090,MEEBERRIE,-26.96,115.973,WA,,9647,0,0.0,2000-01-01,2026-05-30
6095,QUOBBA,-24.397,113.406,WA,,9647,8929,92.6,2000-01-01,2026-05-30
6099,MURCHISON,-26.896,115.957,WA,,9647,9021,93.5,2000-01-01,2026-05-30
6103,MIDDALYA,-23.906,114.768,WA,,9647,4340,45.0,2000-01-01,2026-05-30
6105,SHARK BAY AIRPORT,-25.892,113.577,WA,,9647,9346,96.9,2000-01-01,2026-05-30
6106,MOOLOO DOWNS,-25.037,115.994,WA,,9647,6301,65.3,2000-01-01,2026-05-30
7000,BARNONG,-28.629,116.281,WA,,9647,2274,23.6,2000-01-01,2026-05-30
7001,BEEBYN,-26.968,117.903,WA,,9647,6266,65.0,2000-01-01,2026-05-30
7002,BELELE,-26.361,118.028,WA,,9647,814,8.4,2000-01-01,2026-05-30
7003,BERINGARRA,-26.042,116.953,WA,,9647,5886,61.0,2000-01-01,2026-05-30
7006,BOOGARDIE,-28.041,117.67,WA,,9647,5188,53.8,2000-01-01,2026-05-30
7007,BOOLARDY,-26.984,116.535,WA,,9647,7949,82.4,2000-01-01,2026-05-30
7008,BRYAH,-25.506,118.798,WA,,9647,3190,33.1,2000-01-01,2026-05-30
7009,BULLARA,-27.483,117.3,WA,,9647,0,0.0,2000-01-01,2026-05-30
7010,BUNNAWARRA,-28.606,116.572,WA,,9647,2298,23.8,2000-01-01,2026-05-30
7011,BURNERBINMAH,-28.784,117.362,WA,,9647,5914,61.3,2000-01-01,2026-05-30
7012,BUTTAH,-26.13,118.485,WA,,9647,0,0.0,2000-01-01,2026-05-30
7014,COODARDY,-27.253,117.652,WA,,9647,9475,98.2,2000-01-01,2026-05-30
7016,COODINGNOW,-29.367,117.7,WA,,9647,0,0.0,2000-01-01,2026-05-30
7017,CUE,-27.425,117.894,WA,,9647,9106,94.4,2000-01-01,2026-05-30
7018,CULLCULLI,-27.039,118.365,WA,,9647,0,0.0,2000-01-01,2026-05-30
7019,BULLOO DOWNS,-24.002,119.573,WA,,9647,9522,98.7,2000-01-01,2026-05-30
7020,ANNEAN,-26.876,118.173,WA,,9647,1856,19.2,2000-01-01,2026-05-30
7021,AUSTIN DOWNS,-27.384,117.745,WA,,9647,1421,14.7,2000-01-01,2026-05-30
7022,DAY DAWN,-27.467,117.85,WA,,9647,0,0.0,2000-01-01,2026-05-30
7023,DOOLGUNNA,-25.686,119.226,WA,,9647,7884,81.7,2000-01-01,2026-05-30
7024,EDAH,-28.273,117.154,WA,,9647,8636,89.5,2000-01-01,2026-05-30
7025,WANNA,-23.921,116.559,WA,,9647,1057,11.0,2000-01-01,2026-05-30
7026,FOUR CORNERS,-26.45,118.2,WA,,9647,0,0.0,2000-01-01,2026-05-30
7027,GABYON,-28.249,116.34,WA,,9647,8468,87.8,2000-01-01,2026-05-30
7028,WANNA,-24.047,116.218,WA,,9647,3436,35.6,2000-01-01,2026-05-30
7029,GLENBURGH,-25.433,116.117,WA,,9647,0,0.0,2000-01-01,2026-05-30
7030,JUDAL STATION,-26.114,117.505,WA,,9647,9552,99.0,2000-01-01,2026-05-30
7031,HILLVIEW,-26.903,118.836,WA,,9647,8407,87.1,2000-01-01,2026-05-30
7032,ILLGIDDY,-27.629,117.487,WA,,9647,0,0.0,2000-01-01,2026-05-30
7033,ILLGARARIE,-24.344,119.581,WA,,9647,3028,31.4,2000-01-01,2026-05-30
7034,JINGEMARRA,-27.744,116.744,WA,,9647,5251,54.4,2000-01-01,2026-05-30
7035,KALLI,-26.894,117.121,WA,,9647,0,0.0,2000-01-01,2026-05-30
7036,KILLARA,-26.348,118.958,WA,,9647,0,0.0,2000-01-01,2026-05-30
7037,KIRKALOCKA,-28.556,117.78,WA,,9647,8972,93.0,2000-01-01,2026-05-30
7038,KOONMARRA,-26.275,117.784,WA,,9647,2307,23.9,2000-01-01,2026-05-30
7040,LAKESIDE,-27.596,117.75,WA,,9647,0,0.0,2000-01-01,2026-05-30
7041,LANDOR,-25.13,116.905,WA,,9647,2547,26.4,2000-01-01,2026-05-30
7042,MADOONGA,-26.937,117.593,WA,,9647,5092,52.8,2000-01-01,2026-05-30
7043,MANFRED,-26.446,116.547,WA,,9647,2400,24.9,2000-01-01,2026-05-30
7045,MEEKATHARRA AIRPORT,-26.614,118.537,WA,,9647,9283,96.2,2000-01-01,2026-05-30
7046,MEEKATHARRA POST OFFICE,-26.593,118.488,WA,,9647,0,0.0,2000-01-01,2026-05-30
7047,MEELINE STATION,-28.447,118.268,WA,,9647,7430,77.0,2000-01-01,2026-05-30
7048,MEKA STATION,-27.422,116.825,WA,,9647,4110,42.6,2000-01-01,2026-05-30
7049,MILEURA,-26.374,117.334,WA,,9647,5841,60.5,2000-01-01,2026-05-30
7050,MILGUN,-25.094,118.298,WA,,9647,8115,84.1,2000-01-01,2026-05-30
7052,MOORARIE,-25.921,117.6,WA,,9647,6806,70.6,2000-01-01,2026-05-30
7053,MOUNT AUGUSTUS,-24.309,116.911,WA,,9647,6687,69.3,2000-01-01,2026-05-30
7054,MOUNT FARMER,-27.879,117.551,WA,,9647,3728,38.6,2000-01-01,2026-05-30
7055,MOUNT GOULD,-25.806,117.391,WA,,9647,8500,88.1,2000-01-01,2026-05-30
7056,MOUNT JAMES,-24.857,116.895,WA,,9647,0,0.0,2000-01-01,2026-05-30
7057,MOUNT MAGNET,-28.062,117.851,WA,,9647,3691,38.3,2000-01-01,2026-05-30
7058,MOUNT PHILLIP,-24.4,116.308,WA,,9647,6962,72.2,2000-01-01,2026-05-30
7059,MOUNT VERNON,-24.23,118.241,WA,,9647,8495,88.1,2000-01-01,2026-05-30
7060,MOUNT WITTENOOM,-27.419,116.69,WA,,9647,4895,50.7,2000-01-01,2026-05-30
7061,MULGUL,-24.833,118.472,WA,,9647,0,0.0,2000-01-01,2026-05-30
7062,MUNDIWINDI,-23.794,120.244,WA,,9647,0,0.0,2000-01-01,2026-05-30
7063,MURALGARRA,-28.525,117.034,WA,,9647,3408,35.3,2000-01-01,2026-05-30
7064,MURGOO,-27.364,116.426,WA,,9647,8558,88.7,2000-01-01,2026-05-30
7065,NALBARRA,-28.652,117.608,WA,,9647,4260,44.2,2000-01-01,2026-05-30
7066,NANNINE,-26.9,118.4,WA,,9647,0,0.0,2000-01-01,2026-05-30
7067,NARNDEE,-28.947,118.186,WA,,9647,5743,59.5,2000-01-01,2026-05-30
7068,NINGHAN STATION,-29.425,117.291,WA,,9647,9268,96.1,2000-01-01,2026-05-30
7069,NOONGAL,-28.123,116.829,WA,,9647,0,0.0,2000-01-01,2026-05-30
7070,PEAK HILL,-25.638,118.713,WA,,9647,303,3.1,2000-01-01,2026-05-30
7071,PINDATHUNA,-28.053,116.651,WA,,9647,1397,14.5,2000-01-01,2026-05-30
7072,PULLAGAROO,-29.189,117.922,WA,,9647,7583,78.6,2000-01-01,2026-05-30
7073,RPF 126 MILE,-29.55,118.5,WA,,9647,0,0.0,2000-01-01,2026-05-30
7076,RPF 206 MILE,-27.95,118.6,WA,,9647,0,0.0,2000-01-01,2026-05-30
7078,SHERWOOD,-26.559,118.542,WA,,9647,9572,99.2,2000-01-01,2026-05-30
7079,SYLVANIA,-23.587,120.052,WA,,9647,1321,13.7,2000-01-01,2026-05-30
7080,THREE RIVERS,-25.126,119.151,WA,,9647,4329,44.9,2000-01-01,2026-05-30
7081,THUNDELARRA,-28.893,117.133,WA,,9647,8877,92.0,2000-01-01,2026-05-30
7082,TUCKANARRA,-27.119,118.084,WA,,9647,5427,56.3,2000-01-01,2026-05-30
7083,TUREE CREEK,-23.624,118.656,WA,,9647,9381,97.2,2000-01-01,2026-05-30
7084,ULLAWARRA,-23.48,116.111,WA,,9647,203,2.1,2000-01-01,2026-05-30
7085,WANARIE,-27.834,117.879,WA,,9647,0,0.0,2000-01-01,2026-05-30
7087,WINDSOR,-28.01,118.575,WA,,9647,1822,18.9,2000-01-01,2026-05-30
7088,WOOGALONG,-27.806,116.569,WA,,9647,0,0.0,2000-01-01,2026-05-30
7089,WOOLEEN,-27.088,116.161,WA,,9647,7911,82.0,2000-01-01,2026-05-30
7090,WYDGEE,-28.844,117.831,WA,,9647,8173,84.7,2000-01-01,2026-05-30
7091,YALGOO,-28.339,116.683,WA,,9647,4277,44.3,2000-01-01,2026-05-30
7092,YANDIL,-26.361,119.823,WA,,9647,0,0.0,2000-01-01,2026-05-30
7093,YARLERWEELOR,-25.579,117.993,WA,,9647,5181,53.7,2000-01-01,2026-05-30
7094,YINNETHARRA,-24.651,116.165,WA,,9647,5852,60.7,2000-01-01,2026-05-30
7095,YOWERAGABBIE,-28.232,117.656,WA,,9647,8492,88.0,2000-01-01,2026-05-30
7096,YUIN,-27.981,116.035,WA,,9647,9451,98.0,2000-01-01,2026-05-30
7097,WONDINONG,-27.861,118.418,WA,,9647,8657,89.7,2000-01-01,2026-05-30
7099,YARRABUBBA,-27.131,118.78,WA,,9647,9368,97.1,2000-01-01,2026-05-30
7100,MOUNT PADBURY,-25.693,118.08,WA,,9647,7823,81.1,2000-01-01,2026-05-30
7101,MUNARRA,-26.282,118.693,WA,,9647,9197,95.3,2000-01-01,2026-05-30
7103,NEDS CREEK,-25.48,119.649,WA,,9647,9386,97.3,2000-01-01,2026-05-30
7105,WOODLANDS,-24.808,118.111,WA,,9647,7449,77.2,2000-01-01,2026-05-30
7106,WURARGA,-28.415,116.283,WA,,9647,0,0.0,2000-01-01,2026-05-30
7107,NOONDIE 2,-27.118,117.118,WA,,9647,0,0.0,2000-01-01,2026-05-30
7111,COBRA STATION,-24.201,116.475,WA,,9647,1828,18.9,2000-01-01,2026-05-30
7119,ASHBURTON DOWNS,-23.386,117.032,WA,,9647,3511,36.4,2000-01-01,2026-05-30
7123,COGLA DOWNS,-27.438,118.929,WA,,9647,0,0.0,2000-01-01,2026-05-30
7124,DALGETY DOWNS,-25.281,116.208,WA,,9647,5361,55.6,2000-01-01,2026-05-30
7129,MELANGATA,-27.804,116.886,WA,,9647,7208,74.7,2000-01-01,2026-05-30
7130,MILLY MILLY,-26.075,116.694,WA,,9647,5959,61.8,2000-01-01,2026-05-30
7132,MOUNT CLERE,-25.096,117.592,WA,,9647,8025,83.2,2000-01-01,2026-05-30
7134,MURCHISON DOWNS,-26.795,118.984,WA,,9647,9142,94.8,2000-01-01,2026-05-30
7135,MURRUM STATION,-28.275,117.392,WA,,9647,4018,41.7,2000-01-01,2026-05-30
7139,PAYNES FIND,-29.271,117.684,WA,,9647,9568,99.2,2000-01-01,2026-05-30
7146,WOGARNO,-28.383,117.682,WA,,9647,5613,58.2,2000-01-01,2026-05-30
7149,MEEKATHARRA,-26.594,118.488,WA,,9647,6364,66.0,2000-01-01,2026-05-30
7151,NEWMAN,-23.368,119.731,WA,,9647,606,6.3,2000-01-01,2026-05-30
7153,PRAIRIE DOWNS,-23.553,119.148,WA,,9647,8112,84.1,2000-01-01,2026-05-30
7154,WYNYANGOO,-27.937,118.189,WA,,9647,7174,74.4,2000-01-01,2026-05-30
7156,TARDIE STATION,-27.958,116.338,WA,,9647,7168,74.3,2000-01-01,2026-05-30
7157,DALGARANGA,-27.774,117.016,WA,,9647,4025,41.7,2000-01-01,2026-05-30
7159,YARRAQUIN,-27.548,118.218,WA,,9647,7655,79.4,2000-01-01,2026-05-30
7160,PAROO,-26.263,119.764,WA,,9647,7804,80.9,2000-01-01,2026-05-30
7161,ERRABIDDY,-25.463,117.136,WA,,9647,1796,18.6,2000-01-01,2026-05-30
7168,OUDABUNNA,-29.067,117.757,WA,,9647,2550,26.4,2000-01-01,2026-05-30
7176,NEWMAN AERO,-23.421,119.802,WA,,9647,9526,98.7,2000-01-01,2026-05-30
7177,MININER,-23.604,117.689,WA,,9647,9557,99.1,2000-01-01,2026-05-30
7178,PARABURDOO,-23.203,117.669,WA,,9647,0,0.0,2000-01-01,2026-05-30
7179,TANGADEE,-24.411,118.941,WA,,9647,9435,97.8,2000-01-01,2026-05-30
7180,MARYMIA,-25.039,120.006,WA,,9647,6912,71.6,2000-01-01,2026-05-30
7185,PARABURDOO AERO,-23.173,117.749,WA,,9647,9291,96.3,2000-01-01,2026-05-30
7195,BYRO,-26.079,116.154,WA,,9647,6848,71.0,2000-01-01,2026-05-30
7197,CHALLA,-28.281,118.311,WA,,9647,9419,97.6,2000-01-01,2026-05-30
7600,MOUNT MAGNET AERO,-28.116,117.843,WA,,9647,9453,98.0,2000-01-01,2026-05-30
8000,AJANA,-27.961,114.634,WA,,9647,3728,38.6,2000-01-01,2026-05-30
8001,BALLA,-28.06,114.946,WA,,9647,723,7.5,2000-01-01,2026-05-30
8002,BALLIDU,-30.597,116.771,WA,,9647,8597,89.1,2000-01-01,2026-05-30
8003,BALLIDU EAST,-30.592,116.919,WA,,9647,0,0.0,2000-01-01,2026-05-30
8004,BALLINE,-28.006,114.221,WA,,9647,9414,97.6,2000-01-01,2026-05-30
8005,BARBERTON,-30.729,116.02,WA,,9647,9359,97.0,2000-01-01,2026-05-30
8007,PINDAWA,-28.896,115.811,WA,,9647,8009,83.0,2000-01-01,2026-05-30
8008,BERKSHIRE VALLEY,-30.583,116.135,WA,,9647,9564,99.1,2000-01-01,2026-05-30
8009,BINDI BINDI EAST,-30.629,116.386,WA,,9647,5517,57.2,2000-01-01,2026-05-30
8010,BINNU,-28.042,114.674,WA,,9647,5739,59.5,2000-01-01,2026-05-30
8012,BOWES,-28.38,114.671,WA,,9647,0,0.0,2000-01-01,2026-05-30
8013,BOWGADA,-29.33,116.143,WA,,9647,9397,97.4,2000-01-01,2026-05-30
8014,DALWALLINU NORTH,-30.219,116.778,WA,,9647,9593,99.4,2000-01-01,2026-05-30
8016,GLENFERRIE,-30.445,117.041,WA,,9647,9222,95.6,2000-01-01,2026-05-30
8017,BUNTINE,-29.987,116.571,WA,,9647,3358,34.8,2000-01-01,2026-05-30
8018,BUNTINE EAST,-29.933,116.77,WA,,9647,3549,36.8,2000-01-01,2026-05-30
8019,BUNYA BUNYA,-28.438,115.178,WA,,9647,0,0.0,2000-01-01,2026-05-30
8020,SHELLEYVALE,-28.982,116.168,WA,,9647,1345,13.9,2000-01-01,2026-05-30
8021,SUNNYDALE,-30.043,116.698,WA,,9647,3742,38.8,2000-01-01,2026-05-30
8022,BALGERBINE,-30.291,116.331,WA,,9647,9581,99.3,2000-01-01,2026-05-30
8023,CANNA 1,-28.9,115.85,WA,,9647,0,0.0,2000-01-01,2026-05-30
8025,CARNAMAH,-29.688,115.886,WA,,9647,9348,96.9,2000-01-01,2026-05-30
8026,CARON,-29.583,116.317,WA,,9647,0,0.0,2000-01-01,2026-05-30
8028,NABAWA,-28.501,114.79,WA,,9647,8606,89.2,2000-01-01,2026-05-30
8032,BALMAHA,-29.098,116.15,WA,,9647,0,0.0,2000-01-01,2026-05-30
8033,CLONTARF FARM,-28.703,115.817,WA,,9647,3617,37.5,2000-01-01,2026-05-30
8034,COOARRA,-30.3,116.8,WA,,9647,0,0.0,2000-01-01,2026-05-30
8036,COOMBERDALE,-30.464,116.037,WA,,9647,0,0.0,2000-01-01,2026-05-30
8037,COOROW,-29.881,116.025,WA,,9647,9040,93.7,2000-01-01,2026-05-30
8039,DALWALLINU COMPARISON,-30.277,116.662,WA,,9647,4625,47.9,2000-01-01,2026-05-30
8041,DARTMOOR,-27.977,115.21,WA,,9647,481,5.0,2000-01-01,2026-05-30
8042,YAMMA,-28.09,115.145,WA,,9647,0,0.0,2000-01-01,2026-05-30
8043,DINGLEY DELL,-29.0,116.0,WA,,9647,0,0.0,2000-01-01,2026-05-30
8044,DONGARA,-29.253,114.931,WA,,9647,6310,65.4,2000-01-01,2026-05-30
8045,DURAWAH,-28.55,114.9,WA,,9647,0,0.0,2000-01-01,2026-05-30
8046,DUNOLLY,-30.913,116.809,WA,,9647,5916,61.3,2000-01-01,2026-05-30
8047,FAIRFIELD,-29.471,115.853,WA,,9647,6169,63.9,2000-01-01,2026-05-30
8048,KARINGA,-29.3,116.2,WA,,9647,0,0.0,2000-01-01,2026-05-30
8050,GERALDTON TOWN,-28.777,114.605,WA,,9647,6769,70.2,2000-01-01,2026-05-30
8051,GERALDTON AIRPORT COMPARISON,-28.795,114.698,WA,,9647,5259,54.5,2000-01-01,2026-05-30
8052,GLENEVA,-28.17,114.761,WA,,9647,9430,97.8,2000-01-01,2026-05-30
8057,GREEN GROVE,-29.549,115.069,WA,,9647,9535,98.8,2000-01-01,2026-05-30
8058,GREENOUGH,-29.0,114.8,WA,,9647,0,0.0,2000-01-01,2026-05-30
8059,HILLRIVER FARM,-28.7,114.7,WA,,9647,0,0.0,2000-01-01,2026-05-30
8060,SOUTH HOLMWOOD,-29.036,115.554,WA,,9647,9553,99.0,2000-01-01,2026-05-30
8061,HYDE PARK,-30.284,116.633,WA,,9647,9186,95.2,2000-01-01,2026-05-30
8064,INDARRIE,-30.672,116.308,WA,,9647,7918,82.1,2000-01-01,2026-05-30
8065,ISSEKA,-28.429,114.654,WA,,9647,9178,95.1,2000-01-01,2026-05-30
8066,KOKARDINE,-30.701,117.061,WA,,9647,9471,98.2,2000-01-01,2026-05-30
8067,KOOBABBIE,-29.941,116.2,WA,,9647,7680,79.6,2000-01-01,2026-05-30
8070,LAKE HINDS,-30.782,116.506,WA,,9647,3941,40.9,2000-01-01,2026-05-30
8071,LAKE NINAN,-30.95,116.65,WA,,9647,0,0.0,2000-01-01,2026-05-30
8072,LATHAM,-29.758,116.445,WA,,9647,9574,99.2,2000-01-01,2026-05-30
8073,LATHAM EAST,-29.815,116.585,WA,,9647,0,0.0,2000-01-01,2026-05-30
8075,LYNTON,-28.21,114.305,WA,,9647,8826,91.5,2000-01-01,2026-05-30
8077,HIGHFIELDS,-29.601,115.939,WA,,9647,7851,81.4,2000-01-01,2026-05-30
8078,MALLEE VALE,-29.242,115.779,WA,,9647,8971,93.0,2000-01-01,2026-05-30
8079,MANARRA,-29.071,115.626,WA,,9647,8800,91.2,2000-01-01,2026-05-30
8080,MAYA,-29.866,116.525,WA,,9647,3321,34.4,2000-01-01,2026-05-30
8081,MELLENBYE,-28.888,116.195,WA,,9647,2764,28.7,2000-01-01,2026-05-30
8082,MELROSE,-30.4,116.9,WA,,9647,0,0.0,2000-01-01,2026-05-30
8084,MANAVI,-30.261,116.21,WA,,9647,2660,27.6,2000-01-01,2026-05-30
8085,MILING,-30.492,116.362,WA,,9647,8378,86.8,2000-01-01,2026-05-30
8086,STRAWBERRY NORTH,-29.151,115.243,WA,,9647,6409,66.4,2000-01-01,2026-05-30
8087,MINDALLA,-30.423,116.458,WA,,9647,9443,97.9,2000-01-01,2026-05-30
8088,MINGENEW,-29.191,115.441,WA,,9647,7486,77.6,2000-01-01,2026-05-30
8091,MOORA,-30.642,116.007,WA,,9647,1470,15.2,2000-01-01,2026-05-30
8092,MORAWA WEST,-29.191,115.881,WA,,9647,0,0.0,2000-01-01,2026-05-30
8093,MORAWA,-29.21,116.009,WA,,9647,1892,19.6,2000-01-01,2026-05-30
8095,MULLEWA,-28.537,115.514,WA,,9647,9492,98.4,2000-01-01,2026-05-30
8096,MUMBY,-28.152,114.569,WA,,9647,8046,83.4,2000-01-01,2026-05-30
8097,NARALING,-28.447,114.945,WA,,9647,0,0.0,2000-01-01,2026-05-30
8098,NANGETTY,-29.001,115.399,WA,,9647,0,0.0,2000-01-01,2026-05-30
8099,NARRA TARRA,-28.693,114.732,WA,,9647,1220,12.6,2000-01-01,2026-05-30
8100,NORTHAMPTON,-28.362,114.633,WA,,9647,9552,99.0,2000-01-01,2026-05-30
8101,NORTHERN GULLY,-28.709,114.907,WA,,9647,0,0.0,2000-01-01,2026-05-30
8102,KONDUT EAST,-30.675,116.939,WA,,9647,0,0.0,2000-01-01,2026-05-30
8103,OAKABELLA,-28.5,114.6,WA,,9647,0,0.0,2000-01-01,2026-05-30
8104,OGILVIE,-28.154,114.669,WA,,9647,7478,77.5,2000-01-01,2026-05-30
8105,RPF 102,-30.3,116.95,WA,,9647,0,0.0,2000-01-01,2026-05-30
8106,PERANGERY,-29.369,116.406,WA,,9647,5190,53.8,2000-01-01,2026-05-30
8107,PERENJORI,-29.442,116.287,WA,,9647,7806,80.9,2000-01-01,2026-05-30
8108,PIAWANING,-30.839,116.386,WA,,9647,3870,40.1,2000-01-01,2026-05-30
8109,PINDAR,-28.477,115.79,WA,,9647,6626,68.7,2000-01-01,2026-05-30
8111,PITHARA,-30.388,116.665,WA,,9647,0,0.0,2000-01-01,2026-05-30
8113,RIVERSIDE,-27.832,114.736,WA,,9647,9339,96.8,2000-01-01,2026-05-30
8115,ROUND HILL,-30.565,116.236,WA,,9647,1720,17.8,2000-01-01,2026-05-30
8116,SANDSPRINGS,-28.789,114.942,WA,,9647,5837,60.5,2000-01-01,2026-05-30
8117,SHADY GROVE,-29.284,115.19,WA,,9647,0,0.0,2000-01-01,2026-05-30
8118,SUNDERLAND,-28.323,114.945,WA,,9647,0,0.0,2000-01-01,2026-05-30
8119,TALLERING,-28.377,115.851,WA,,9647,1555,16.1,2000-01-01,2026-05-30
8120,TENINDEWA,-28.621,115.364,WA,,9647,0,0.0,2000-01-01,2026-05-30
8121,THREE SPRINGS,-29.534,115.763,WA,,9647,8892,92.2,2000-01-01,2026-05-30
8122,TOOTRA,-30.6,116.4,WA,,9647,0,0.0,2000-01-01,2026-05-30
8123,TOP WELL,-28.378,114.762,WA,,9647,0,0.0,2000-01-01,2026-05-30
8124,TARDUN,-28.793,115.734,WA,,9647,634,6.6,2000-01-01,2026-05-30
8125,URELLA,-29.052,115.4,WA,,9647,0,0.0,2000-01-01,2026-05-30
8126,MINARU,-29.85,116.229,WA,,9647,5879,60.9,2000-01-01,2026-05-30
8128,TENINDEWA BINDU,-28.554,115.246,WA,,9647,8614,89.3,2000-01-01,2026-05-30
8130,WATHEROO,-30.299,116.059,WA,,9647,7210,74.7,2000-01-01,2026-05-30
8132,WATHEROO MAGNETIC OBS.,-30.317,115.883,WA,,9647,0,0.0,2000-01-01,2026-05-30
8134,WHITE PEAK,-28.648,114.624,WA,,9647,0,0.0,2000-01-01,2026-05-30
8135,WICKA,-28.7,114.9,WA,,9647,0,0.0,2000-01-01,2026-05-30
8136,WINCHESTER,-29.8,115.9,WA,,9647,0,0.0,2000-01-01,2026-05-30
8137,WONGAN HILLS,-30.892,116.719,WA,,9647,9600,99.5,2000-01-01,2026-05-30
8138,WONGAN HILLS RES.STATION,-30.841,116.727,WA,,9647,4650,48.2,2000-01-01,2026-05-30
8139,WUBIN,-30.107,116.633,WA,,9647,6837,70.9,2000-01-01,2026-05-30
8140,WYE WYE,-30.8,116.5,WA,,9647,0,0.0,2000-01-01,2026-05-30
8141,WILLIGULLI NORTH,-28.381,114.453,WA,,9647,5995,62.1,2000-01-01,2026-05-30
8142,YAMMA POOL,-29.191,115.787,WA,,9647,0,0.0,2000-01-01,2026-05-30
8143,YANDANOOKA,-29.287,115.633,WA,,9647,9579,99.3,2000-01-01,2026-05-30
8144,YARRAGADEE,-29.076,115.409,WA,,9647,3488,36.2,2000-01-01,2026-05-30
8145,YARRALLA,-29.721,116.495,WA,,9647,0,0.0,2000-01-01,2026-05-30
8146,YTINICHE,-30.071,116.209,WA,,9647,9351,96.9,2000-01-01,2026-05-30
8147,YUNA,-28.325,114.959,WA,,9647,8366,86.7,2000-01-01,2026-05-30
8148,BOOKARA,-29.0,114.9,WA,,9647,0,0.0,2000-01-01,2026-05-30
8150,NEWINGTON,-30.872,116.798,WA,,9647,2487,25.8,2000-01-01,2026-05-30
8151,WALEBING,-30.665,116.138,WA,,9647,7837,81.2,2000-01-01,2026-05-30
8153,NORWOOD,-29.8,116.7,WA,,9647,0,0.0,2000-01-01,2026-05-30
8154,MILMOCUNDIN,-28.87,114.893,WA,,9647,0,0.0,2000-01-01,2026-05-30
8155,WILROY,-28.65,115.667,WA,,9647,0,0.0,2000-01-01,2026-05-30
8157,CANNA,-28.898,115.863,WA,,9647,9566,99.2,2000-01-01,2026-05-30
8159,MAYSBORO,-30.99,116.355,WA,,9647,4522,46.9,2000-01-01,2026-05-30
8168,HOWATHARRA,-28.545,114.624,WA,,9647,9444,97.9,2000-01-01,2026-05-30
8170,BRAESIDE 1,-28.5,115.65,WA,,9647,0,0.0,2000-01-01,2026-05-30
8178,YONGARLOO,-29.186,115.741,WA,,9647,7702,79.8,2000-01-01,2026-05-30
8179,EAST KONDUT,-30.658,116.934,WA,,9647,9117,94.5,2000-01-01,2026-05-30
8181,ENEABBA POST OFFICE OLD SITE,-29.8,115.35,WA,,9647,0,0.0,2000-01-01,2026-05-30
8200,ERADU,-28.694,115.041,WA,,9647,9487,98.3,2000-01-01,2026-05-30
8215,NARDY,-30.485,116.266,WA,,9647,0,0.0,2000-01-01,2026-05-30
8225,ENEABBA,-29.818,115.272,WA,,9647,5871,60.9,2000-01-01,2026-05-30
8230,ELENA,-30.382,116.722,WA,,9647,9425,97.7,2000-01-01,2026-05-30
8232,CLYDE PARK,-30.332,116.713,WA,,9647,0,0.0,2000-01-01,2026-05-30
8233,FIVE GUMS,-29.485,116.07,WA,,9647,6819,70.7,2000-01-01,2026-05-30
8234,BYRON,-28.569,115.28,WA,,9647,8529,88.4,2000-01-01,2026-05-30
8238,HAKEA,-30.099,116.234,WA,,9647,9561,99.1,2000-01-01,2026-05-30
8240,COOLANGATTA,-28.91,115.512,WA,,9647,9575,99.3,2000-01-01,2026-05-30
8249,PERENJORI AMBULANCE,-29.45,116.267,WA,,9647,0,0.0,2000-01-01,2026-05-30
8251,KALBARRI,-27.712,114.165,WA,,9647,9611,99.6,2000-01-01,2026-05-30
8254,KONDUT,-30.709,116.774,WA,,9647,9163,95.0,2000-01-01,2026-05-30
8258,WALKAWAY,-28.942,114.801,WA,,9647,0,0.0,2000-01-01,2026-05-30
8261,MINDARRA,-29.064,115.175,WA,,9647,5103,52.9,2000-01-01,2026-05-30
8264,WANARRA,-29.515,116.801,WA,,9647,9095,94.3,2000-01-01,2026-05-30
8267,NOKANENA,-28.352,114.578,WA,,9647,0,0.0,2000-01-01,2026-05-30
8268,BALLA NORTH,-27.97,114.969,WA,,9647,1478,15.3,2000-01-01,2026-05-30
8273,ARENA,-29.359,115.45,WA,,9647,9396,97.4,2000-01-01,2026-05-30
8276,IRWIN HOUSE,-29.224,115.108,WA,,9647,9529,98.8,2000-01-01,2026-05-30
8277,RUFUS DOWNS,-30.283,116.65,WA,,9647,0,0.0,2000-01-01,2026-05-30
8279,YGOOLA,-30.669,117.21,WA,,9647,1787,18.5,2000-01-01,2026-05-30
8288,GHURKA,-28.258,114.603,WA,,9647,8917,92.4,2000-01-01,2026-05-30
8294,WANDANA,-28.209,115.285,WA,,9647,9482,98.3,2000-01-01,2026-05-30
8296,MORAWA AIRPORT,-29.204,116.025,WA,,9647,9423,97.7,2000-01-01,2026-05-30
8297,DALWALLINU,-30.276,116.671,WA,,9647,9498,98.5,2000-01-01,2026-05-30
9000,ARALUEN,-32.125,116.103,WA,,9647,7933,82.2,2000-01-01,2026-05-30
9001,ARMADALE,-32.13,116.005,WA,,9647,5792,60.0,2000-01-01,2026-05-30
9002,ALLAMBIE,-31.25,115.73,WA,,9647,0,0.0,2000-01-01,2026-05-30
9003,BELVOIR,-31.8,116.0,WA,,9647,0,0.0,2000-01-01,2026-05-30
9006,CHELSEA,-30.626,115.78,WA,,9647,9340,96.8,2000-01-01,2026-05-30
9007,CHIDLOW,-31.862,116.266,WA,,9647,8719,90.4,2000-01-01,2026-05-30
9009,LOWER CHITTERING,-31.6,116.112,WA,,9647,9240,95.8,2000-01-01,2026-05-30
9010,CHURCHMAN BROOK,-32.148,116.076,WA,,9647,5969,61.9,2000-01-01,2026-05-30
9013,COWALLA,-31.05,115.567,WA,,9647,0,0.0,2000-01-01,2026-05-30
9014,DANDARAGAN WEST,-30.697,115.582,WA,,9647,7740,80.2,2000-01-01,2026-05-30
9015,KARRAGULLEN NORTH,-32.089,116.126,WA,,9647,8437,87.5,2000-01-01,2026-05-30
9017,FREMANTLE,-32.055,115.75,WA,,9647,0,0.0,2000-01-01,2026-05-30
9018,GINGIN,-31.346,115.903,WA,,9647,7301,75.7,2000-01-01,2026-05-30
9020,GREENMOUNT,-31.9,116.057,WA,,9647,0,0.0,2000-01-01,2026-05-30
9021,PERTH AIRPORT,-31.927,115.976,WA,,9647,9647,100.0,2000-01-01,2026-05-30
9022,GUILDFORD POST OFFICE,-31.899,115.972,WA,,9647,0,0.0,2000-01-01,2026-05-30
9023,JARRAHDALE,-32.334,116.076,WA,,9647,8573,88.9,2000-01-01,2026-05-30
9024,MARBLING,-31.561,116.084,WA,,9647,9530,98.8,2000-01-01,2026-05-30
9025,MIDLAND,-31.869,116.017,WA,,9647,6758,70.1,2000-01-01,2026-05-30
9026,MIMIGARRA,-30.853,115.446,WA,,9647,5286,54.8,2000-01-01,2026-05-30
9027,MOGUMBER,-31.0,116.017,WA,,9647,0,0.0,2000-01-01,2026-05-30
9028,MOOLIABEENEE SIDING,-31.3,116.017,WA,,9647,0,0.0,2000-01-01,2026-05-30
9029,MUCHEA TREE FARM,-31.582,115.966,WA,,9647,6478,67.2,2000-01-01,2026-05-30
9030,MUNDARING,-31.898,116.158,WA,,9647,8902,92.3,2000-01-01,2026-05-30
9031,MUNDARING WEIR,-31.956,116.164,WA,,9647,5937,61.5,2000-01-01,2026-05-30
9033,NEW NORCIA,-30.971,116.218,WA,,9647,9145,94.8,2000-01-01,2026-05-30
9034,PERTH REGIONAL OFFICE,-31.956,115.87,WA,,9647,0,0.0,2000-01-01,2026-05-30
9035,NEDLANDS UWA,-31.986,115.819,WA,,9647,0,0.0,2000-01-01,2026-05-30
9036,ROCKINGHAM POST OFFICE,-32.284,115.755,WA,,9647,0,0.0,2000-01-01,2026-05-30
9037,BADGINGARRA RESEARCH STN,-30.338,115.539,WA,,9647,8787,91.1,2000-01-01,2026-05-30
9038,ROTTNEST ISLAND LIGHTHOUSE,-32.009,115.502,WA,,9647,0,0.0,2000-01-01,2026-05-30
9039,SERPENTINE,-32.354,116.005,WA,,9647,8751,90.7,2000-01-01,2026-05-30
9040,WANNAMAL,-31.143,116.054,WA,,9647,9338,96.8,2000-01-01,2026-05-30
9041,WANNERIE,-31.167,115.55,WA,,9647,0,0.0,2000-01-01,2026-05-30
9044,WUNGONG DAM,-32.198,116.062,WA,,9647,6589,68.3,2000-01-01,2026-05-30
9045,YANCHEP,-31.557,115.673,WA,,9647,290,3.0,2000-01-01,2026-05-30
9046,YATHROO,-30.774,115.698,WA,,9647,5679,58.9,2000-01-01,2026-05-30
9047,YERE YERE,-30.616,115.719,WA,,9647,0,0.0,2000-01-01,2026-05-30
9050,CANNING RIVER WEIR,-32.157,116.126,WA,,9647,0,0.0,2000-01-01,2026-05-30
9053,PEARCE RAAF,-31.667,116.019,WA,,9647,8907,92.3,2000-01-01,2026-05-30
9054,TAMBREY,-30.603,115.643,WA,,9647,5661,58.7,2000-01-01,2026-05-30
9055,DANDARAGAN,-30.683,115.7,WA,,9647,0,0.0,2000-01-01,2026-05-30
9056,FLOREAT PARK,-31.949,115.793,WA,,9647,2145,22.2,2000-01-01,2026-05-30
9057,HERNE HILL,-31.819,116.038,WA,,9647,2614,27.1,2000-01-01,2026-05-30
9058,KALAMUNDA,-31.982,116.059,WA,,9647,0,0.0,2000-01-01,2026-05-30
9063,BADGINGARRA,-30.39,115.504,WA,,9647,2766,28.7,2000-01-01,2026-05-30
9064,KWINANA BP REFINERY,-32.226,115.761,WA,,9647,4632,48.0,2000-01-01,2026-05-30
9066,GIDGEGANNUP,-31.791,116.198,WA,,9647,8429,87.4,2000-01-01,2026-05-30
9067,UPPER SWAN RESEARCH STATION,-31.756,116.022,WA,,9647,0,0.0,2000-01-01,2026-05-30
9068,MELVILLE,-32.045,115.821,WA,,9647,387,4.0,2000-01-01,2026-05-30
9072,BUNDIDUP,-30.284,115.524,WA,,9647,992,10.3,2000-01-01,2026-05-30
9096,MOUNT VICTORIA,-32.033,116.05,WA,,9647,0,0.0,2000-01-01,2026-05-30
9097,PERTH GARDENS,-31.95,115.85,WA,,9647,0,0.0,2000-01-01,2026-05-30
9102,SUBIACO,-31.9,115.8,WA,,9647,0,0.0,2000-01-01,2026-05-30
9105,WANNEROO,-31.732,115.793,WA,,9647,7806,80.9,2000-01-01,2026-05-30
9106,GOSNELLS CITY,-32.048,115.984,WA,,9647,7758,80.4,2000-01-01,2026-05-30
9109,STONEVILLE RESEARCH STN,-31.853,116.178,WA,,9647,264,2.7,2000-01-01,2026-05-30
9111,KARNET,-32.439,116.079,WA,,9647,9413,97.6,2000-01-01,2026-05-30
9112,BINDOON,-31.393,116.088,WA,,9647,9353,97.0,2000-01-01,2026-05-30
9113,ROLEYSTONE,-32.113,116.082,WA,,9647,9516,98.6,2000-01-01,2026-05-30
9114,LANCELIN,-31.016,115.332,WA,,9647,7754,80.4,2000-01-01,2026-05-30
9115,SERPENTINE MAIN DAM,-32.402,116.104,WA,,9647,5902,61.2,2000-01-01,2026-05-30
9120,WANNEROO CALM,-31.751,115.801,WA,,9647,406,4.2,2000-01-01,2026-05-30
9127,MOSMAN PARK,-32.02,115.769,WA,,9647,4272,44.3,2000-01-01,2026-05-30
9130,TUYALI,-30.641,115.5,WA,,9647,5071,52.6,2000-01-01,2026-05-30
9131,JURIEN BAY,-30.308,115.031,WA,,9647,9212,95.5,2000-01-01,2026-05-30
9133,LAKE LESCHENAULTIA,-31.851,116.254,WA,,9647,6319,65.5,2000-01-01,2026-05-30
9135,WALLISTON,-31.994,116.069,WA,,9647,0,0.0,2000-01-01,2026-05-30
9137,CARDUP,-32.248,116.017,WA,,9647,4482,46.5,2000-01-01,2026-05-30
9144,BARAMBA,-31.077,115.508,WA,,9647,9304,96.4,2000-01-01,2026-05-30
9151,SUBIACO TREATMENT PLANT,-31.956,115.793,WA,,9647,8799,91.2,2000-01-01,2026-05-30
9152,MAHOMET SPRINGS,-30.5,115.712,WA,,9647,2288,23.7,2000-01-01,2026-05-30
9161,BENTLEY (CURTIN),-32.002,115.886,WA,,9647,0,0.0,2000-01-01,2026-05-30
9163,WEST SWAN,-31.851,115.994,WA,,9647,1669,17.3,2000-01-01,2026-05-30
9166,WHITBY FALLS,-32.293,116.014,WA,,9647,329,3.4,2000-01-01,2026-05-30
9167,MOGUMBER FARM,-31.005,115.937,WA,,9647,0,0.0,2000-01-01,2026-05-30
9168,KARRAGULLEN,-32.119,116.12,WA,,9647,8673,89.9,2000-01-01,2026-05-30
9172,JANDAKOT AERO,-32.101,115.879,WA,,9647,9581,99.3,2000-01-01,2026-05-30
9177,SAN ANGELO,-31.122,115.446,WA,,9647,5109,53.0,2000-01-01,2026-05-30
9178,GINGIN AERO,-31.463,115.864,WA,,9647,9286,96.3,2000-01-01,2026-05-30
9186,BEENYUP,-31.786,115.777,WA,,9647,3295,34.2,2000-01-01,2026-05-30
9192,FREMANTLE,-32.053,115.765,WA,,9647,4817,49.9,2000-01-01,2026-05-30
9193,ROTTNEST ISLAND,-32.007,115.502,WA,,9647,9578,99.3,2000-01-01,2026-05-30
9194,MEDINA RESEARCH CENTRE,-32.221,115.808,WA,,9647,6503,67.4,2000-01-01,2026-05-30
9197,GARDEN ISLAND,-32.23,115.684,WA,,9647,0,0.0,2000-01-01,2026-05-30
9209,SPRINGDALE,-32.433,116.029,WA,,9647,4860,50.4,2000-01-01,2026-05-30
9210,LAKE NAMMEN,-30.893,115.579,WA,,9647,8974,93.0,2000-01-01,2026-05-30
9215,SWANBOURNE,-31.956,115.762,WA,,9647,9615,99.7,2000-01-01,2026-05-30
9216,VICTORIA DAM,-32.039,116.066,WA,,9647,6453,66.9,2000-01-01,2026-05-30
9225,PERTH METRO,-31.919,115.873,WA,,9647,9631,99.8,2000-01-01,2026-05-30
9240,BICKLEY,-32.007,116.137,WA,,9647,9548,99.0,2000-01-01,2026-05-30
9256,GARDEN ISLAND HSF,-32.243,115.684,WA,,9647,8682,90.0,2000-01-01,2026-05-30
9500,ALBANY,-35.029,117.881,WA,,9647,9500,98.5,2000-01-01,2026-05-30
9501,ARUNDEL,-34.474,117.48,WA,,9647,4748,49.2,2000-01-01,2026-05-30
9502,BOWELLING,-33.417,116.477,WA,,9647,0,0.0,2000-01-01,2026-05-30
9503,BOYANUP,-33.483,115.729,WA,,9647,3392,35.2,2000-01-01,2026-05-30
9504,BOYUP BROOK,-33.833,116.389,WA,,9647,6784,70.3,2000-01-01,2026-05-30
9505,BALINGUP,-33.786,115.982,WA,,9647,5131,53.2,2000-01-01,2026-05-30
9506,BANGALUP,-34.468,116.917,WA,,9647,9563,99.1,2000-01-01,2026-05-30
9507,BANNISTER,-32.684,116.519,WA,,9647,9590,99.4,2000-01-01,2026-05-30
9508,BIDDELIA,-34.25,115.75,WA,,9647,0,0.0,2000-01-01,2026-05-30
9509,BODDINGTON SHIRE,-32.809,116.458,WA,,9647,6643,68.9,2000-01-01,2026-05-30
9510,BRIDGETOWN COMPARISON,-33.958,116.138,WA,,9647,4621,47.9,2000-01-01,2026-05-30
9511,ELSFIELD,-32.7,115.95,WA,,9647,0,0.0,2000-01-01,2026-05-30
9512,SPRINGFIELDS,-34.401,115.935,WA,,9647,1944,20.2,2000-01-01,2026-05-30
9513,BRUNSWICK JUNCTION,-33.214,115.85,WA,,9647,9236,95.7,2000-01-01,2026-05-30
9514,BUNBURY POST OFFICE,-33.327,115.63,WA,,9647,0,0.0,2000-01-01,2026-05-30
9515,BUSSELTON SHIRE,-33.661,115.346,WA,,9647,7783,80.7,2000-01-01,2026-05-30
9516,CAPEL,-33.551,115.572,WA,,9647,920,9.5,2000-01-01,2026-05-30
9517,CASTLEDENE,-33.718,115.85,WA,,9647,0,0.0,2000-01-01,2026-05-30
9518,CAPE LEEUWIN,-34.373,115.136,WA,,9647,9586,99.4,2000-01-01,2026-05-30
9519,CAPE NATURALISTE,-33.537,115.019,WA,,9647,9552,99.0,2000-01-01,2026-05-30
9520,CAPE RICHE,-34.609,118.751,WA,,9647,9258,96.0,2000-01-01,2026-05-30
9521,CARMENDALE,-34.735,117.722,WA,,9647,0,0.0,2000-01-01,2026-05-30
9522,YALLINGUP,-33.633,115.0,WA,,9647,0,0.0,2000-01-01,2026-05-30
9523,ILLALANGI,-34.973,117.267,WA,,9647,9005,93.3,2000-01-01,2026-05-30
9525,CULICUP ESTATE,-33.874,116.654,WA,,9647,1058,11.0,2000-01-01,2026-05-30
9527,DARDANUP EAST,-33.397,115.783,WA,,9647,9597,99.5,2000-01-01,2026-05-30
9528,DARRADUP,-34.083,115.583,WA,,9647,0,0.0,2000-01-01,2026-05-30
9530,DEESIDE,-34.377,116.415,WA,,9647,9431,97.8,2000-01-01,2026-05-30
9531,DENMARK,-34.962,117.357,WA,,9647,6313,65.4,2000-01-01,2026-05-30
9533,DINNINUP,-33.839,116.56,WA,,9647,0,0.0,2000-01-01,2026-05-30
9534,DONNYBROOK,-33.572,115.825,WA,,9647,9165,95.0,2000-01-01,2026-05-30
9537,QUINDALUP,-33.6,115.1,WA,,9647,0,0.0,2000-01-01,2026-05-30
9538,DWELLINGUP,-32.71,116.059,WA,,9647,9561,99.1,2000-01-01,2026-05-30
9540,MARGARET RIVER 1,-33.983,115.017,WA,,9647,0,0.0,2000-01-01,2026-05-30
9541,ESPERANCE POST OFFICE,-33.85,121.883,WA,,9647,0,0.0,2000-01-01,2026-05-30
9542,ESPERANCE AERO,-33.682,121.827,WA,,9647,9562,99.1,2000-01-01,2026-05-30
9544,FANNY COVE,-33.833,121.167,WA,,9647,0,0.0,2000-01-01,2026-05-30
9545,FERGUSON,-33.436,115.843,WA,,9647,0,0.0,2000-01-01,2026-05-30
9546,FERNDALE,-33.817,115.933,WA,,9647,0,0.0,2000-01-01,2026-05-30
9547,FOREST GROVE,-34.074,115.081,WA,,9647,9424,97.7,2000-01-01,2026-05-30
9550,GLEN WARREN,-34.419,116.209,WA,,9647,1214,12.6,2000-01-01,2026-05-30
9551,GRASSMERE,-35.015,117.758,WA,,9647,5299,54.9,2000-01-01,2026-05-30
9552,GREENBUSHES,-33.856,116.055,WA,,9647,6532,67.7,2000-01-01,2026-05-30
9553,HAMEL,-32.868,115.914,WA,,9647,0,0.0,2000-01-01,2026-05-30
9554,HARVEY POST OFFICE,-33.08,115.892,WA,,9647,0,0.0,2000-01-01,2026-05-30
9556,ALDERVALE,-33.978,116.334,WA,,9647,8024,83.2,2000-01-01,2026-05-30
9557,HOPETOUN,-33.933,120.094,WA,,9647,6231,64.6,2000-01-01,2026-05-30
9558,IAWAKIA,-34.692,117.235,WA,,9647,1951,20.2,2000-01-01,2026-05-30
9559,KALGAN RIVER,-34.91,117.994,WA,,9647,9284,96.2,2000-01-01,2026-05-30
9560,KARRIDALE,-34.2,115.1,WA,,9647,0,0.0,2000-01-01,2026-05-30
9561,KENDENUP,-34.486,117.629,WA,,9647,7679,79.6,2000-01-01,2026-05-30
9562,KENINUP,-33.933,116.567,WA,,9647,0,0.0,2000-01-01,2026-05-30
9563,WATTLEGROVE,-34.8,117.017,WA,,9647,0,0.0,2000-01-01,2026-05-30
9564,KING RIVER,-34.943,117.924,WA,,9647,3430,35.6,2000-01-01,2026-05-30
9565,KOJANEERUP,-34.532,118.278,WA,,9647,0,0.0,2000-01-01,2026-05-30
9568,LAKE MUIR,-34.517,116.617,WA,,9647,0,0.0,2000-01-01,2026-05-30
9569,BUSSELTON,-33.655,115.319,WA,,9647,4262,44.2,2000-01-01,2026-05-30
9572,HALLS HEAD,-32.538,115.7,WA,,9647,1004,10.4,2000-01-01,2026-05-30
9573,MANJIMUP,-34.251,116.145,WA,,9647,9409,97.5,2000-01-01,2026-05-30
9574,MARGARET RIVER,-33.958,115.064,WA,,9647,7214,74.8,2000-01-01,2026-05-30
9575,MARRADONG,-32.856,116.45,WA,,9647,8957,92.8,2000-01-01,2026-05-30
9577,STRATHALBYN,-34.616,116.024,WA,,9647,0,0.0,2000-01-01,2026-05-30
9579,OAKE MARSH FARM,-33.763,122.067,WA,,9647,9327,96.7,2000-01-01,2026-05-30
9580,MORNINGTON MILLS,-33.15,115.933,WA,,9647,0,0.0,2000-01-01,2026-05-30
9581,MOUNT BARKER,-34.625,117.636,WA,,9647,6861,71.1,2000-01-01,2026-05-30
9582,MANYPEAKS,-34.839,118.17,WA,,9647,0,0.0,2000-01-01,2026-05-30
9583,MYLOR,-33.86,115.855,WA,,9647,0,0.0,2000-01-01,2026-05-30
9584,MYRUP,-33.742,121.995,WA,,9647,9543,98.9,2000-01-01,2026-05-30
9585,NANNUP,-33.98,115.766,WA,,9647,7109,73.7,2000-01-01,2026-05-30
9587,NEWBICUP,-33.997,116.425,WA,,9647,9352,96.9,2000-01-01,2026-05-30
9588,NOGGERUP,-33.583,116.183,WA,,9647,0,0.0,2000-01-01,2026-05-30
9589,NORNALUP,-34.992,116.821,WA,,9647,8303,86.1,2000-01-01,2026-05-30
9590,NORTHCLIFFE,-34.634,116.124,WA,,9647,6855,71.1,2000-01-01,2026-05-30
9591,PARDELUP,-34.628,117.385,WA,,9647,6769,70.2,2000-01-01,2026-05-30
9592,PEMBERTON,-34.448,116.043,WA,,9647,8522,88.3,2000-01-01,2026-05-30
9594,PEPPERMINT GROVE,-34.435,119.363,WA,,9647,9200,95.4,2000-01-01,2026-05-30
9595,PERILLUP,-34.569,117.25,WA,,9647,2663,27.6,2000-01-01,2026-05-30
9596,PINJARRA,-32.627,115.875,WA,,9647,4570,47.4,2000-01-01,2026-05-30
9597,QUINDALUP,-33.683,115.15,WA,,9647,0,0.0,2000-01-01,2026-05-30
9598,RADYR PARK,-33.05,115.9,WA,,9647,0,0.0,2000-01-01,2026-05-30
9599,BARRETT MEADOWS,-34.98,117.632,WA,,9647,7242,75.1,2000-01-01,2026-05-30
9600,ROSA BROOK,-33.963,115.183,WA,,9647,7712,79.9,2000-01-01,2026-05-30
9601,ROELANDS VILLAGE,-33.321,115.882,WA,,9647,2933,30.4,2000-01-01,2026-05-30
9603,BUSSELTON AERO,-33.682,115.403,WA,,9647,9377,97.2,2000-01-01,2026-05-30
9606,DRUMMONDS,-34.342,115.989,WA,,9647,0,0.0,2000-01-01,2026-05-30
9607,WHITE GUMS,-34.547,117.936,WA,,9647,7508,77.8,2000-01-01,2026-05-30
9608,TOTTENUP,-33.983,116.533,WA,,9647,0,0.0,2000-01-01,2026-05-30
9609,YOUNGS SIDING,-35.018,117.529,WA,,9647,8701,90.2,2000-01-01,2026-05-30
9611,WALPOLE,-34.976,116.733,WA,,9647,6860,71.1,2000-01-01,2026-05-30
9612,WALPOLE NORTH OLD,-34.851,116.709,WA,,9647,0,0.0,2000-01-01,2026-05-30
9613,WARNER GLEN,-34.144,115.226,WA,,9647,9483,98.3,2000-01-01,2026-05-30
9614,WAROONA,-32.856,115.893,WA,,9647,4758,49.3,2000-01-01,2026-05-30
9615,WARRIUP,-34.715,118.469,WA,,9647,9320,96.6,2000-01-01,2026-05-30
9616,WESTBOURNE,-34.091,116.663,WA,,9647,9468,98.1,2000-01-01,2026-05-30
9617,BRIDGETOWN,-33.949,116.131,WA,,9647,9481,98.3,2000-01-01,2026-05-30
9619,WILGARRUP,-34.152,116.204,WA,,9647,9393,97.4,2000-01-01,2026-05-30
9621,WOODBURN,-34.7,117.956,WA,,9647,7450,77.2,2000-01-01,2026-05-30
9622,WOODPERRY,-33.624,115.934,WA,,9647,0,0.0,2000-01-01,2026-05-30
9623,WOOGENELLUP,-34.53,117.825,WA,,9647,4993,51.8,2000-01-01,2026-05-30
9624,YARLOOP,-32.959,115.901,WA,,9647,4894,50.7,2000-01-01,2026-05-30
9625,YELLANUP,-34.727,117.922,WA,,9647,6904,71.6,2000-01-01,2026-05-30
9626,PLEASANT VALLEY,-33.711,121.562,WA,,9647,9471,98.2,2000-01-01,2026-05-30
9627,YORNUP,-34.077,116.203,WA,,9647,3760,39.0,2000-01-01,2026-05-30
9628,COLLIE,-33.36,116.147,WA,,9647,7843,81.3,2000-01-01,2026-05-30
9629,MARRIWOOD,-33.446,115.731,WA,,9647,9258,96.0,2000-01-01,2026-05-30
9630,WONNENUP,-34.211,117.103,WA,,9647,925,9.6,2000-01-01,2026-05-30
9631,ESPERANCE DOWNS RESEARCH STN,-33.603,121.783,WA,,9647,7173,74.4,2000-01-01,2026-05-30
9632,FERNBROOK,-33.267,115.983,WA,,9647,0,0.0,2000-01-01,2026-05-30
9633,TAMAR,-34.864,118.112,WA,,9647,9490,98.4,2000-01-01,2026-05-30
9634,PARKFIELD,-33.206,115.715,WA,,9647,4085,42.3,2000-01-01,2026-05-30
9635,FRANKLAND,-34.363,117.084,WA,,9647,7882,81.7,2000-01-01,2026-05-30
9636,COWARAMUP,-33.836,115.075,WA,,9647,9293,96.3,2000-01-01,2026-05-30
9637,DENMARK RES.STN.,-34.951,117.37,WA,,9647,0,0.0,2000-01-01,2026-05-30
9640,COOEEARUP,-33.95,116.05,WA,,9647,0,0.0,2000-01-01,2026-05-30
9642,WOKALUP,-33.133,115.879,WA,,9647,7504,77.8,2000-01-01,2026-05-30
9647,WEREROA,-34.951,117.277,WA,,9647,9534,98.8,2000-01-01,2026-05-30
9648,THIRLMERE,-33.506,115.64,WA,,9647,5874,60.9,2000-01-01,2026-05-30
9652,YOUNG RIVER,-33.777,121.113,WA,,9647,2223,23.0,2000-01-01,2026-05-30
9654,BREMER BAY,-34.399,119.378,WA,,9647,7536,78.1,2000-01-01,2026-05-30
9657,ROELANDS,-33.295,115.771,WA,,9647,6901,71.5,2000-01-01,2026-05-30
9660,MCLEODS CREEK,-34.161,115.141,WA,,9647,1308,13.6,2000-01-01,2026-05-30
9661,ROCKY GULLY TOWN,-34.51,117.012,WA,,9647,7640,79.2,2000-01-01,2026-05-30
9666,MCALINDEN,-33.596,116.335,WA,,9647,7651,79.3,2000-01-01,2026-05-30
9668,KURANDA,-33.674,116.647,WA,,9647,7711,79.9,2000-01-01,2026-05-30
9671,WILGA,-33.688,116.215,WA,,9647,5495,57.0,2000-01-01,2026-05-30
9673,BOKERUP,-34.251,116.877,WA,,9647,8516,88.3,2000-01-01,2026-05-30
9678,REDMOND,-34.879,117.673,WA,,9647,9597,99.5,2000-01-01,2026-05-30
9679,LAKE PRESTON LODGE 2 COMP.,-32.994,115.727,WA,,9647,2151,22.3,2000-01-01,2026-05-30
9680,PORONGORUP,-34.673,117.9,WA,,9647,0,0.0,2000-01-01,2026-05-30
9690,CONDINUP,-33.762,116.521,WA,,9647,6696,69.4,2000-01-01,2026-05-30
9698,DINGUP,-34.2,116.2,WA,,9647,0,0.0,2000-01-01,2026-05-30
9705,GLEN MERVYN,-33.52,116.074,WA,,9647,910,9.4,2000-01-01,2026-05-30
9714,KIRUP,-33.704,115.89,WA,,9647,7531,78.1,2000-01-01,2026-05-30
9715,THOMAS RIVER,-33.803,123.033,WA,,9647,4266,44.2,2000-01-01,2026-05-30
9738,MUJA POWER STATION,-33.453,116.302,WA,,9647,9106,94.4,2000-01-01,2026-05-30
9739,TELINA DOWNS,-33.679,122.331,WA,,9647,9028,93.6,2000-01-01,2026-05-30
9740,GORDON RIVER,-34.236,117.187,WA,,9647,4145,43.0,2000-01-01,2026-05-30
9741,ALBANY AIRPORT COMPARISON,-34.941,117.802,WA,,9647,5111,53.0,2000-01-01,2026-05-30
9746,WITCHCLIFFE,-34.028,115.104,WA,,9647,7730,80.1,2000-01-01,2026-05-30
9749,FAIRBRIDGE,-32.604,115.946,WA,,9647,1849,19.2,2000-01-01,2026-05-30
9752,DENBARKER,-34.745,117.34,WA,,9647,8169,84.7,2000-01-01,2026-05-30
9754,METTLER,-34.596,118.552,WA,,9647,8521,88.3,2000-01-01,2026-05-30
9764,BEDFORD HARBOUR 1,-33.75,120.6,WA,,9647,0,0.0,2000-01-01,2026-05-30
9766,LITTLE GROVE,-35.06,117.866,WA,,9647,9372,97.1,2000-01-01,2026-05-30
9768,TARIPTA,-34.361,117.619,WA,,9647,1343,13.9,2000-01-01,2026-05-30
9769,CULFORD,-32.571,116.435,WA,,9647,8735,90.5,2000-01-01,2026-05-30
9771,YOONGARILLUP,-33.741,115.47,WA,,9647,9499,98.5,2000-01-01,2026-05-30
9772,ERINAIR,-33.761,121.216,WA,,9647,9393,97.4,2000-01-01,2026-05-30
9784,KIMBERLEY,-34.932,117.161,WA,,9647,8283,85.9,2000-01-01,2026-05-30
9788,BOYATUP,-33.814,122.294,WA,,9647,0,0.0,2000-01-01,2026-05-30
9789,ESPERANCE,-33.83,121.892,WA,,9647,9355,97.0,2000-01-01,2026-05-30
9794,BEDFORD HARBOUR,-33.804,120.638,WA,,9647,840,8.7,2000-01-01,2026-05-30
9801,ALEXANDRA BRIDGE,-34.16,115.189,WA,,9647,8695,90.1,2000-01-01,2026-05-30
9802,THE OAKS,-33.663,121.631,WA,,9647,6490,67.3,2000-01-01,2026-05-30
9803,CHAPMAN HILL,-33.783,115.345,WA,,9647,8753,90.7,2000-01-01,2026-05-30
9804,ADINA,-33.881,122.217,WA,,9647,9549,99.0,2000-01-01,2026-05-30
9805,WALPOLE FORESTRY,-34.977,116.729,WA,,9647,7824,81.1,2000-01-01,2026-05-30
9812,HARVEY,-33.079,115.881,WA,,9647,4933,51.1,2000-01-01,2026-05-30
9813,MOUNT HOWICK,-33.729,122.755,WA,,9647,4905,50.8,2000-01-01,2026-05-30
9816,LORT RIVER STATION,-33.726,121.301,WA,,9647,6676,69.2,2000-01-01,2026-05-30
9822,DALYUP PARK,-33.775,121.555,WA,,9647,9432,97.8,2000-01-01,2026-05-30
9827,SECOND BEACH,-33.882,121.86,WA,,9647,7025,72.8,2000-01-01,2026-05-30
9829,TALLANGATTA,-33.891,120.326,WA,,9647,3938,40.8,2000-01-01,2026-05-30
9835,WAYJO PARK,-34.403,118.969,WA,,9647,8560,88.7,2000-01-01,2026-05-30
9842,JARRAHWOOD,-33.796,115.666,WA,,9647,9629,99.8,2000-01-01,2026-05-30
9843,FRANKLAND VINEYARDS,-34.442,116.994,WA,,9647,7854,81.4,2000-01-01,2026-05-30
9848,WINDRUSH,-34.771,118.117,WA,,9647,7370,76.4,2000-01-01,2026-05-30
9854,AV-A-REST,-33.802,116.6,WA,,9647,0,0.0,2000-01-01,2026-05-30
9856,GLENORCHY,-33.7,116.7,WA,,9647,0,0.0,2000-01-01,2026-05-30
9858,SYLVAN LOCH,-33.65,116.567,WA,,9647,0,0.0,2000-01-01,2026-05-30
9859,HILLMAN,-33.306,116.803,WA,,9647,0,0.0,2000-01-01,2026-05-30
9862,CAPERCUP,-33.508,116.739,WA,,9647,6138,63.6,2000-01-01,2026-05-30
9867,LORINNA,-33.651,122.016,WA,,9647,6386,66.2,2000-01-01,2026-05-30
9871,WINDY HARBOUR,-34.837,116.026,WA,,9647,8809,91.3,2000-01-01,2026-05-30
9875,MOUNT BARKER NORTH,-34.57,117.623,WA,,9647,7001,72.6,2000-01-01,2026-05-30
9877,LUDLOW,-33.603,115.498,WA,,9647,8129,84.3,2000-01-01,2026-05-30
9885,BUNBURY POWER STATION,-33.316,115.66,WA,,9647,0,0.0,2000-01-01,2026-05-30
9887,MANDURAH,-32.521,115.75,WA,,9647,506,5.2,2000-01-01,2026-05-30
9904,WALTERS FARM,-34.597,116.107,WA,,9647,9313,96.5,2000-01-01,2026-05-30
9907,YANMAH,-34.213,116.023,WA,,9647,6120,63.4,2000-01-01,2026-05-30
9908,ONE TREE BRIDGE (HAZELMERE),-34.229,115.929,WA,,9647,9196,95.3,2000-01-01,2026-05-30
9909,ASTON DOWNS,-33.791,115.319,WA,,9647,9528,98.8,2000-01-01,2026-05-30
9912,FERGUSON VALLEY,-33.445,115.851,WA,,9647,9553,99.0,2000-01-01,2026-05-30
9914,VALERN,-33.355,116.675,WA,,9647,9555,99.0,2000-01-01,2026-05-30
9915,HILLVIEW FARM,-32.998,115.921,WA,,9647,4452,46.1,2000-01-01,2026-05-30
9916,CRENDON,-33.642,115.812,WA,,9647,5193,53.8,2000-01-01,2026-05-30
9922,WEST LORT RIVER,-33.649,121.197,WA,,9647,8659,89.8,2000-01-01,2026-05-30
9926,SCOTT RIVER,-34.299,115.445,WA,,9647,2832,29.4,2000-01-01,2026-05-30
9930,TAMARU,-34.88,118.051,WA,,9647,8158,84.6,2000-01-01,2026-05-30
9955,NEWLEIGH,-33.731,120.931,WA,,9647,3817,39.6,2000-01-01,2026-05-30
9961,HOPETOUN NORTH,-33.931,120.128,WA,,9647,9308,96.5,2000-01-01,2026-05-30
9963,GLENMORE,-33.686,115.015,WA,,9647,3035,31.5,2000-01-01,2026-05-30
9964,ROCKY GULLY,-34.571,117.011,WA,,9647,9426,97.7,2000-01-01,2026-05-30
9965,BUNBURY,-33.357,115.645,WA,,9647,9550,99.0,2000-01-01,2026-05-30
9968,SHANNON,-34.568,116.337,WA,,9647,8597,89.1,2000-01-01,2026-05-30
9970,LOUGHREA,-33.806,120.913,WA,,9647,1397,14.5,2000-01-01,2026-05-30
9975,BUNDALEER,-34.703,118.299,WA,,9647,359,3.7,2000-01-01,2026-05-30
9977,MANDURAH,-32.522,115.712,WA,,9647,8916,92.4,2000-01-01,2026-05-30
9994,COLLIE EAST,-33.361,116.172,WA,,9647,8493,88.0,2000-01-01,2026-05-30
10000,AMERY ACRES,-31.168,117.074,WA,,9647,8799,91.2,2000-01-01,2026-05-30
10001,BAANDEE,-31.6,117.967,WA,,9647,0,0.0,2000-01-01,2026-05-30
10002,BAANDEE NORTH,-31.367,117.903,WA,,9647,9225,95.6,2000-01-01,2026-05-30
10003,BALKULING,-31.983,117.1,WA,,9647,0,0.0,2000-01-01,2026-05-30
10004,BEACON,-30.449,117.865,WA,,9647,5426,56.2,2000-01-01,2026-05-30
10006,BELKA,-31.727,118.11,WA,,9647,9463,98.1,2000-01-01,2026-05-30
10007,BENCUBBIN,-30.808,117.86,WA,,9647,9540,98.9,2000-01-01,2026-05-30
10008,BERRY BROW,-31.817,116.533,WA,,9647,0,0.0,2000-01-01,2026-05-30
10009,BOLGART,-31.274,116.509,WA,,9647,9428,97.7,2000-01-01,2026-05-30
10010,BONNIE DOON,-30.939,117.964,WA,,9647,7649,79.3,2000-01-01,2026-05-30
10011,BONNIE ROCK,-30.472,118.382,WA,,9647,7071,73.3,2000-01-01,2026-05-30
10012,BOODJERAKINE,-31.526,117.406,WA,,9647,9378,97.2,2000-01-01,2026-05-30
10014,BRADFORDALE,-30.606,117.567,WA,,9647,0,0.0,2000-01-01,2026-05-30
10016,BRUCE ROCK,-31.878,118.15,WA,,9647,6273,65.0,2000-01-01,2026-05-30
10017,BUNGULLA NORTH,-31.555,117.586,WA,,9647,3071,31.8,2000-01-01,2026-05-30
10018,BURAKIN,-30.532,117.174,WA,,9647,7830,81.2,2000-01-01,2026-05-30
10019,BURRACOPPIN,-31.396,118.481,WA,,9647,9088,94.2,2000-01-01,2026-05-30
10020,WANOBBING,-31.917,116.967,WA,,9647,0,0.0,2000-01-01,2026-05-30
10022,CARDONIA,-31.5,117.802,WA,,9647,0,0.0,2000-01-01,2026-05-30
10023,WARRADONG FARM,-31.5,116.941,WA,,9647,6350,65.8,2000-01-01,2026-05-30
10024,CASUARINA VALE,-31.163,116.858,WA,,9647,798,8.3,2000-01-01,2026-05-30
10026,GOODLANDS,-30.061,117.142,WA,,9647,9461,98.1,2000-01-01,2026-05-30
10027,EADINE,-31.717,116.517,WA,,9647,0,0.0,2000-01-01,2026-05-30
10030,WATTONING,-30.777,118.199,WA,,9647,9444,97.9,2000-01-01,2026-05-30
10032,COWCOWING,-30.996,117.395,WA,,9647,9590,99.4,2000-01-01,2026-05-30
10034,FORT HILL,-31.727,118.293,WA,,9647,8858,91.8,2000-01-01,2026-05-30
10035,CUNDERDIN,-31.649,117.233,WA,,9647,4415,45.8,2000-01-01,2026-05-30
10036,YOUNDEGIN,-31.797,117.361,WA,,9647,9536,98.8,2000-01-01,2026-05-30
10037,CUTTENING,-31.726,117.764,WA,,9647,4543,47.1,2000-01-01,2026-05-30
10038,DANDANNING,-31.006,118.198,WA,,9647,1309,13.6,2000-01-01,2026-05-30
10039,DOODARDING WELL,-31.007,117.204,WA,,9647,9340,96.8,2000-01-01,2026-05-30
10040,DOODLAKINE,-31.609,117.877,WA,,9647,7837,81.2,2000-01-01,2026-05-30
10041,DOONGIN PEAK,-31.619,117.437,WA,,9647,9372,97.1,2000-01-01,2026-05-30
10042,DOWERIN,-31.194,117.031,WA,,9647,7530,78.1,2000-01-01,2026-05-30
10044,BUNGULLA,-31.623,117.543,WA,,9647,9477,98.2,2000-01-01,2026-05-30
10045,EJANDING,-31.011,117.134,WA,,9647,7265,75.3,2000-01-01,2026-05-30
10046,ELLABIN,-31.2,118.1,WA,,9647,0,0.0,2000-01-01,2026-05-30
10047,GUM PARK,-31.047,118.151,WA,,9647,8140,84.4,2000-01-01,2026-05-30
10052,ALEPPO,-31.445,117.222,WA,,9647,7816,81.0,2000-01-01,2026-05-30
10053,FRIARS WELL,-31.723,118.437,WA,,9647,8763,90.8,2000-01-01,2026-05-30
10054,MOUNT PLEASANT FARM,-30.9,117.8,WA,,9647,0,0.0,2000-01-01,2026-05-30
10055,GABBIN,-30.8,117.681,WA,,9647,6993,72.5,2000-01-01,2026-05-30
10056,INKPEN,-31.804,116.417,WA,,9647,4133,42.8,2000-01-01,2026-05-30
10058,GOOMALLING,-31.299,116.827,WA,,9647,8034,83.3,2000-01-01,2026-05-30
10060,GRABALL,-31.989,118.511,WA,,9647,8956,92.8,2000-01-01,2026-05-30
10061,HAPPY VALLEY,-31.142,116.956,WA,,9647,9610,99.6,2000-01-01,2026-05-30
10062,ELY PARK,-31.235,116.882,WA,,9647,0,0.0,2000-01-01,2026-05-30
10063,HAWTHORNDEN,-31.514,116.458,WA,,9647,1501,15.6,2000-01-01,2026-05-30
10065,JENNABERRING,-31.9,117.5,WA,,9647,0,0.0,2000-01-01,2026-05-30
10066,JENNAPULLIN,-31.517,116.7,WA,,9647,0,0.0,2000-01-01,2026-05-30
10067,JOUERDINE SOUTH,-30.729,118.415,WA,,9647,0,0.0,2000-01-01,2026-05-30
10069,JUROKINE,-31.3,116.6,WA,,9647,0,0.0,2000-01-01,2026-05-30
10070,KALANNIE,-30.369,117.113,WA,,9647,9573,99.2,2000-01-01,2026-05-30
10071,KARLONING,-30.645,118.13,WA,,9647,0,0.0,2000-01-01,2026-05-30
10072,KELLERBERRIN SOUTH,-31.721,117.659,WA,,9647,3044,31.6,2000-01-01,2026-05-30
10073,KELLERBERRIN,-31.618,117.722,WA,,9647,9006,93.4,2000-01-01,2026-05-30
10074,KIRAMI,-31.0,117.9,WA,,9647,0,0.0,2000-01-01,2026-05-30
10076,KONNONGORRING,-31.06,116.732,WA,,9647,9539,98.9,2000-01-01,2026-05-30
10077,KOORDA,-30.825,117.483,WA,,9647,7511,77.9,2000-01-01,2026-05-30
10078,KORRELOCKING POST OFFICE,-31.2,117.483,WA,,9647,0,0.0,2000-01-01,2026-05-30
10080,JINGYMIA,-30.501,117.403,WA,,9647,0,0.0,2000-01-01,2026-05-30
10081,KULJA,-30.467,117.283,WA,,9647,0,0.0,2000-01-01,2026-05-30
10082,KUNUNOPPIN,-31.113,117.919,WA,,9647,8819,91.4,2000-01-01,2026-05-30
10083,THE PINES,-31.372,118.196,WA,,9647,8471,87.8,2000-01-01,2026-05-30
10084,GLAMOFF,-30.106,117.36,WA,,9647,9481,98.3,2000-01-01,2026-05-30
10085,LANAUBRA,-31.3,118.0,WA,,9647,0,0.0,2000-01-01,2026-05-30
10088,WALLAMABIN PARK,-30.95,117.533,WA,,9647,0,0.0,2000-01-01,2026-05-30
10090,MANGOWINE,-31.05,118.1,WA,,9647,0,0.0,2000-01-01,2026-05-30
10091,MECKERING,-31.632,117.008,WA,,9647,6726,69.7,2000-01-01,2026-05-30
10092,MERREDIN,-31.476,118.279,WA,,9647,9562,99.1,2000-01-01,2026-05-30
10093,MERREDIN RESEARCH STATION,-31.499,118.224,WA,,9647,4530,47.0,2000-01-01,2026-05-30
10094,NEILBOROUGH,-30.907,118.179,WA,,9647,0,0.0,2000-01-01,2026-05-30
10095,MILLSTON,-31.594,118.235,WA,,9647,9445,97.9,2000-01-01,2026-05-30
10096,MOLLERIN POST OFFICE,-30.459,117.522,WA,,9647,0,0.0,2000-01-01,2026-05-30
10097,MONINGARIN,-30.657,117.263,WA,,9647,9169,95.0,2000-01-01,2026-05-30
10099,MOUNT CAROLINE,-31.8,117.6,WA,,9647,0,0.0,2000-01-01,2026-05-30
10100,KURRAJONG,-31.798,118.546,WA,,9647,0,0.0,2000-01-01,2026-05-30
10101,MOUNT MARSHALL EAST,-30.9,118.0,WA,,9647,0,0.0,2000-01-01,2026-05-30
10102,MUKINBUDIN,-30.915,118.21,WA,,9647,6075,63.0,2000-01-01,2026-05-30
10103,MUNTADGIN,-31.758,118.56,WA,,9647,1204,12.5,2000-01-01,2026-05-30
10104,NANYANINE,-31.402,117.724,WA,,9647,9499,98.5,2000-01-01,2026-05-30
10105,GILAVIN,-30.63,117.368,WA,,9647,1054,10.9,2000-01-01,2026-05-30
10106,NUKARNI,-31.294,118.2,WA,,9647,0,0.0,2000-01-01,2026-05-30
10107,MOUROUBRA,-29.799,117.704,WA,,9647,2842,29.5,2000-01-01,2026-05-30
10108,NOKANING,-31.326,118.246,WA,,9647,7502,77.8,2000-01-01,2026-05-30
10109,NOONEGIN,-31.883,118.133,WA,,9647,0,0.0,2000-01-01,2026-05-30
10111,NORTHAM,-31.651,116.659,WA,,9647,9627,99.8,2000-01-01,2026-05-30
10112,NUNGARIN,-31.184,118.101,WA,,9647,8757,90.8,2000-01-01,2026-05-30
10113,PANTAPIN,-31.95,117.653,WA,,9647,0,0.0,2000-01-01,2026-05-30
10115,QUELLINGTON,-31.771,116.865,WA,,9647,8915,92.4,2000-01-01,2026-05-30
10116,QUONDONG,-31.54,117.478,WA,,9647,7498,77.7,2000-01-01,2026-05-30
10117,RABBIT FENCE 90 MILE,-30.1,118.5,WA,,9647,0,0.0,2000-01-01,2026-05-30
10118,BREAKELL,-31.992,118.026,WA,,9647,9540,98.9,2000-01-01,2026-05-30
10119,KITLANE,-31.795,118.395,WA,,9647,9242,95.8,2000-01-01,2026-05-30
10120,DOODENANNING,-31.909,117.099,WA,,9647,9357,97.0,2000-01-01,2026-05-30
10121,TAMMIN,-31.643,117.487,WA,,9647,8789,91.1,2000-01-01,2026-05-30
10122,TELENNING HILL,-31.831,117.487,WA,,9647,9302,96.4,2000-01-01,2026-05-30
10123,THE GRANITES SHACKLETON,-31.992,117.933,WA,,9647,9473,98.2,2000-01-01,2026-05-30
10124,NANGEENAN,-31.518,118.169,WA,,9647,9083,94.2,2000-01-01,2026-05-30
10125,TOODYAY,-31.552,116.47,WA,,9647,6980,72.4,2000-01-01,2026-05-30
10126,TRAYNING,-31.115,117.794,WA,,9647,9236,95.7,2000-01-01,2026-05-30
10127,TRESILLIAN,-31.7,117.9,WA,,9647,0,0.0,2000-01-01,2026-05-30
10128,WADDERIN,-32.0,118.4,WA,,9647,0,0.0,2000-01-01,2026-05-30
10133,WALK WALKIN,-30.826,117.323,WA,,9647,4367,45.3,2000-01-01,2026-05-30
10134,WATTENING,-31.312,116.515,WA,,9647,9605,99.6,2000-01-01,2026-05-30
10135,WIALKI,-30.487,118.126,WA,,9647,9542,98.9,2000-01-01,2026-05-30
10136,WIALKI SOUTH,-30.589,118.149,WA,,9647,9451,98.0,2000-01-01,2026-05-30
10137,WIALKI NORTH,-30.329,118.087,WA,,9647,9179,95.1,2000-01-01,2026-05-30
10138,WOOROLOO,-31.815,116.341,WA,,9647,6376,66.1,2000-01-01,2026-05-30
10140,WYALKATCHEM,-31.181,117.38,WA,,9647,8153,84.5,2000-01-01,2026-05-30
10141,XANTIPPE,-30.29,117.011,WA,,9647,6399,66.3,2000-01-01,2026-05-30
10142,GABBIN NORTH,-30.645,117.683,WA,,9647,0,0.0,2000-01-01,2026-05-30
10143,YGNATTERING,-31.415,117.266,WA,,9647,9222,95.6,2000-01-01,2026-05-30
10144,YORK POST OFFICE,-31.884,116.758,WA,,9647,0,0.0,2000-01-01,2026-05-30
10145,YORKRAKINE,-31.376,117.585,WA,,9647,9374,97.2,2000-01-01,2026-05-30
10147,MULJI VALE,-30.74,117.61,WA,,9647,0,0.0,2000-01-01,2026-05-30
10149,CODG CODGEN,-31.336,117.816,WA,,9647,9568,99.2,2000-01-01,2026-05-30
10150,GRASS VALLEY,-31.636,116.797,WA,,9647,8684,90.0,2000-01-01,2026-05-30
10151,HINES HILL,-31.532,118.099,WA,,9647,9430,97.8,2000-01-01,2026-05-30
10152,MURESK INSTITUTE,-31.75,116.683,WA,,9647,5815,60.3,2000-01-01,2026-05-30
10154,MINNIVALE POST OFFICE,-31.143,117.182,WA,,9647,0,0.0,2000-01-01,2026-05-30
10155,CADOUX,-30.769,117.136,WA,,9647,9188,95.2,2000-01-01,2026-05-30
10156,CALINGIRI,-31.091,116.452,WA,,9647,5534,57.4,2000-01-01,2026-05-30
10157,CANAAN FARM,-31.251,117.344,WA,,9647,1966,20.4,2000-01-01,2026-05-30
10158,BERIA,-30.407,118.28,WA,,9647,8319,86.2,2000-01-01,2026-05-30
10160,QUELLA PARK,-31.453,117.119,WA,,9647,9100,94.3,2000-01-01,2026-05-30
10161,YELBENI,-31.171,117.661,WA,,9647,0,0.0,2000-01-01,2026-05-30
10163,JAROMA,-31.771,117.143,WA,,9647,9483,98.3,2000-01-01,2026-05-30
10165,GREEN HILLS,-31.941,116.984,WA,,9647,6591,68.3,2000-01-01,2026-05-30
10166,SOUTHBOURNE,-31.738,116.493,WA,,9647,3797,39.4,2000-01-01,2026-05-30
10192,JOURERDINE,-30.554,118.283,WA,,9647,9533,98.8,2000-01-01,2026-05-30
10243,FAIRFIELDS,-31.497,117.589,WA,,9647,7295,75.6,2000-01-01,2026-05-30
10244,BAKERS HILL,-31.747,116.456,WA,,9647,5614,58.2,2000-01-01,2026-05-30
10248,MERREDIN PUMP STATION NO.4,-31.493,118.246,WA,,9647,0,0.0,2000-01-01,2026-05-30
10250,REDWING,-31.135,116.924,WA,,9647,6577,68.2,2000-01-01,2026-05-30
10257,SPRING VALLEY,-31.509,117.768,WA,,9647,3647,37.8,2000-01-01,2026-05-30
10264,KENANDRA,-30.155,117.821,WA,,9647,7843,81.3,2000-01-01,2026-05-30
10270,MOUNT GIBSON,-29.583,117.15,WA,,9647,0,0.0,2000-01-01,2026-05-30
10283,SHACKLETON,-31.933,117.836,WA,,9647,1271,13.2,2000-01-01,2026-05-30
10286,CUNDERDIN AIRFIELD,-31.622,117.228,WA,,9647,9485,98.3,2000-01-01,2026-05-30
10287,SHAW,-31.526,117.563,WA,,9647,1531,15.9,2000-01-01,2026-05-30
10294,COODERNUPPIN,-31.574,117.51,WA,,9647,8730,90.5,2000-01-01,2026-05-30
10295,BALKULING NORTH,-31.907,117.234,WA,,9647,7474,77.5,2000-01-01,2026-05-30
10297,CAMPION,-31.033,118.5,WA,,9647,0,0.0,2000-01-01,2026-05-30
10298,KOONADGIN,-31.559,118.582,WA,,9647,7608,78.9,2000-01-01,2026-05-30
10299,WANDI FARM,-30.9,118.5,WA,,9647,0,0.0,2000-01-01,2026-05-30
10311,YORK,-31.9,116.765,WA,,9647,9630,99.8,2000-01-01,2026-05-30
10501,ALDERSYDE POST OFFICE,-32.367,117.283,WA,,9647,0,0.0,2000-01-01,2026-05-30
10502,AMELUP,-34.255,118.221,WA,,9647,9452,98.0,2000-01-01,2026-05-30
10503,ARDATH,-32.05,118.068,WA,,9647,8796,91.2,2000-01-01,2026-05-30
10504,OAK PARK,-34.081,117.518,WA,,9647,5223,54.1,2000-01-01,2026-05-30
10505,ARTHUR RIVER,-33.339,117.035,WA,,9647,4519,46.8,2000-01-01,2026-05-30
10506,BENALLA,-34.147,117.396,WA,,9647,7526,78.0,2000-01-01,2026-05-30
10507,BABAKIN,-32.124,118.022,WA,,9647,657,6.8,2000-01-01,2026-05-30
10508,BADGEBUP,-33.636,117.928,WA,,9647,9548,99.0,2000-01-01,2026-05-30
10509,BALLY BALLY,-32.18,117.098,WA,,9647,0,0.0,2000-01-01,2026-05-30
10510,BAROOGA,-33.164,116.799,WA,,9647,8555,88.7,2000-01-01,2026-05-30
10512,BEAUFORT,-33.523,117.048,WA,,9647,0,0.0,2000-01-01,2026-05-30
10513,BENDERING,-32.387,118.262,WA,,9647,8746,90.7,2000-01-01,2026-05-30
10515,BEVERLEY,-32.108,116.925,WA,,9647,9532,98.8,2000-01-01,2026-05-30
10518,BOORALEE,-32.401,118.606,WA,,9647,9533,98.8,2000-01-01,2026-05-30
10519,BORDEN,-34.072,118.263,WA,,9647,8932,92.6,2000-01-01,2026-05-30
10520,BOSCABEL,-33.661,117.054,WA,,9647,9218,95.6,2000-01-01,2026-05-30
10521,BRAESIDE 2,-32.667,116.8,WA,,9647,0,0.0,2000-01-01,2026-05-30
10523,GNOWANALLUP,-33.583,118.233,WA,,9647,0,0.0,2000-01-01,2026-05-30
10524,BROOKTON,-32.373,117.009,WA,,9647,9592,99.4,2000-01-01,2026-05-30
10525,BROOMEHILL,-33.844,117.644,WA,,9647,7216,74.8,2000-01-01,2026-05-30
10526,BROOMEHILL EAST,-33.827,117.859,WA,,9647,4742,49.2,2000-01-01,2026-05-30
10527,BULYEE,-32.369,117.521,WA,,9647,9004,93.3,2000-01-01,2026-05-30
10528,BUNKIN,-33.247,117.661,WA,,9647,9044,93.7,2000-01-01,2026-05-30
10530,CHAMINGUP,-33.914,117.099,WA,,9647,8792,91.1,2000-01-01,2026-05-30
10531,CHERRY TREE,-33.696,117.267,WA,,9647,9284,96.2,2000-01-01,2026-05-30
10532,CHIRELILLUP,-33.965,118.067,WA,,9647,517,5.4,2000-01-01,2026-05-30
10533,COCANARUP,-33.637,119.885,WA,,9647,0,0.0,2000-01-01,2026-05-30
10534,COLORADO,-32.483,117.565,WA,,9647,9526,98.7,2000-01-01,2026-05-30
10536,CORRIGIN,-32.329,117.873,WA,,9647,9160,95.0,2000-01-01,2026-05-30
10537,CRANBROOK,-34.296,117.553,WA,,9647,8613,89.3,2000-01-01,2026-05-30
10538,CUBALLING,-32.82,117.177,WA,,9647,4924,51.0,2000-01-01,2026-05-30
10539,MILYUNUP,-34.179,117.643,WA,,9647,7157,74.2,2000-01-01,2026-05-30
10540,KENILWORTH TU,-32.467,116.8,WA,,9647,0,0.0,2000-01-01,2026-05-30
10541,NYERILUP,-33.859,118.816,WA,,9647,9152,94.9,2000-01-01,2026-05-30
10542,DARKAN,-33.337,116.743,WA,,9647,4993,51.8,2000-01-01,2026-05-30
10543,DARTNALL,-34.041,117.743,WA,,9647,6655,69.0,2000-01-01,2026-05-30
10544,DELLYANINE,-33.396,117.094,WA,,9647,5306,55.0,2000-01-01,2026-05-30
10545,DUDININ,-32.871,117.904,WA,,9647,3107,32.2,2000-01-01,2026-05-30
10546,DUMBLEYUNG,-33.314,117.742,WA,,9647,8509,88.2,2000-01-01,2026-05-30
10547,DURANILLIN,-33.517,116.801,WA,,9647,4914,50.9,2000-01-01,2026-05-30
10548,DURRUNOOK,-33.5,118.2,WA,,9647,0,0.0,2000-01-01,2026-05-30
10549,DYLIABING,-33.533,117.917,WA,,9647,0,0.0,2000-01-01,2026-05-30
10550,EDENHOLME,-33.266,118.486,WA,,9647,7351,76.2,2000-01-01,2026-05-30
10551,CHINOCUP,-33.583,118.3,WA,,9647,0,0.0,2000-01-01,2026-05-30
10554,GLEN LOSSIE,-33.817,117.167,WA,,9647,0,0.0,2000-01-01,2026-05-30
10555,RPF 57 MILE,-32.317,117.8,WA,,9647,0,0.0,2000-01-01,2026-05-30
10557,GNARMING,-32.6,118.3,WA,,9647,0,0.0,2000-01-01,2026-05-30
10558,GNOWANGERUP,-33.937,118.007,WA,,9647,7896,81.8,2000-01-01,2026-05-30
10560,GRAHAM ROCK,-32.54,119.112,WA,,9647,9098,94.3,2000-01-01,2026-05-30
10561,RUSHY POOL,-33.027,117.388,WA,,9647,5448,56.5,2000-01-01,2026-05-30
10562,GUNNERSIDE,-33.164,118.253,WA,,9647,0,0.0,2000-01-01,2026-05-30
10564,HILLCROFT,-32.347,116.855,WA,,9647,9553,99.0,2000-01-01,2026-05-30
10565,HOLT ROCK,-32.674,119.414,WA,,9647,9418,97.6,2000-01-01,2026-05-30
10566,HORSESHOE,-33.571,117.202,WA,,9647,4325,44.8,2000-01-01,2026-05-30
10567,HUCKNELL,-32.2,118.3,WA,,9647,0,0.0,2000-01-01,2026-05-30
10568,HYDEN,-32.442,118.898,WA,,9647,9571,99.2,2000-01-01,2026-05-30
10570,JACOBS WELL,-32.0,117.2,WA,,9647,0,0.0,2000-01-01,2026-05-30
10571,JALNA,-32.379,116.826,WA,,9647,9529,98.8,2000-01-01,2026-05-30
10572,JAM VALE,-34.267,118.506,WA,,9647,1435,14.9,2000-01-01,2026-05-30
10573,JINGALUP,-33.9,117.033,WA,,9647,0,0.0,2000-01-01,2026-05-30
10576,KARLGARIN,-32.5,118.709,WA,,9647,4315,44.7,2000-01-01,2026-05-30
10577,KARLGARIN HILL,-32.483,118.584,WA,,9647,5737,59.5,2000-01-01,2026-05-30
10579,KATANNING COMPARISON,-33.689,117.555,WA,,9647,4603,47.7,2000-01-01,2026-05-30
10580,KAYBALLUP,-33.782,119.944,WA,,9647,0,0.0,2000-01-01,2026-05-30
10581,KING ROCKS,-32.289,119.136,WA,,9647,7228,74.9,2000-01-01,2026-05-30
10582,KOJONUP,-33.83,117.159,WA,,9647,9029,93.6,2000-01-01,2026-05-30
10583,KONDININ,-32.495,118.267,WA,,9647,4510,46.8,2000-01-01,2026-05-30
10584,KULIN,-32.672,118.155,WA,,9647,8235,85.4,2000-01-01,2026-05-30
10585,KULIN ROCK,-32.6,118.15,WA,,9647,0,0.0,2000-01-01,2026-05-30
10586,KUMMININ,-32.008,118.232,WA,,9647,4084,42.3,2000-01-01,2026-05-30
10588,KURINGUP,-33.53,118.305,WA,,9647,0,0.0,2000-01-01,2026-05-30
10589,KWOBRUP,-33.61,117.988,WA,,9647,7326,75.9,2000-01-01,2026-05-30
10590,CAROLING SOUTH,-32.15,117.4,WA,,9647,0,0.0,2000-01-01,2026-05-30
10591,LAKE BIDDY,-32.987,118.939,WA,,9647,812,8.4,2000-01-01,2026-05-30
10592,LAKE GRACE COMPARISON,-33.101,118.463,WA,,9647,4625,47.9,2000-01-01,2026-05-30
10593,LAKE KING,-33.087,119.676,WA,,9647,2488,25.8,2000-01-01,2026-05-30
10594,LAKE MAGENTA,-33.333,119.169,WA,,9647,0,0.0,2000-01-01,2026-05-30
10595,PINGRUP SOUTH,-33.651,118.552,WA,,9647,7057,73.2,2000-01-01,2026-05-30
10596,LAKE PINGRUP,-33.412,118.511,WA,,9647,6950,72.0,2000-01-01,2026-05-30
10597,VARLEY,-32.796,119.509,WA,,9647,0,0.0,2000-01-01,2026-05-30
10598,LILYDALE,-33.197,116.911,WA,,9647,8086,83.8,2000-01-01,2026-05-30
10599,LINTON,-33.1,117.3,WA,,9647,0,0.0,2000-01-01,2026-05-30
10600,NANDA DOWNS,-33.607,118.429,WA,,9647,8637,89.5,2000-01-01,2026-05-30
10602,MALYALLING,-32.698,117.654,WA,,9647,2481,25.7,2000-01-01,2026-05-30
10603,HARTWOOD,-32.423,118.2,WA,,9647,9231,95.7,2000-01-01,2026-05-30
10604,MAYBROOK,-33.4,116.9,WA,,9647,0,0.0,2000-01-01,2026-05-30
10605,MINIGIN,-32.909,117.054,WA,,9647,2624,27.2,2000-01-01,2026-05-30
10606,LAKE CAMM,-32.927,119.578,WA,,9647,6358,65.9,2000-01-01,2026-05-30
10607,CRAIGIE-LEA,-32.761,118.192,WA,,9647,2750,28.5,2000-01-01,2026-05-30
10608,MOANA,-34.133,118.25,WA,,9647,0,0.0,2000-01-01,2026-05-30
10609,MOULYINNING,-33.227,117.929,WA,,9647,2993,31.0,2000-01-01,2026-05-30
10610,NAVARRE,-33.2,119.8,WA,,9647,0,0.0,2000-01-01,2026-05-30
10611,MOUNT MADDEN,-33.276,119.775,WA,,9647,8533,88.5,2000-01-01,2026-05-30
10612,NAREMBEEN,-32.066,118.396,WA,,9647,8180,84.8,2000-01-01,2026-05-30
10613,NARROGIN STATE FARM,-32.933,117.117,WA,,9647,0,0.0,2000-01-01,2026-05-30
10614,NARROGIN,-32.934,117.18,WA,,9647,9647,100.0,2000-01-01,2026-05-30
10617,NEWDEGATE,-33.094,119.024,WA,,9647,9199,95.4,2000-01-01,2026-05-30
10618,NEWDEGATE SOUTH,-33.179,119.101,WA,,9647,784,8.1,2000-01-01,2026-05-30
10619,NYABING,-33.542,118.148,WA,,9647,8856,91.8,2000-01-01,2026-05-30
10620,OAKLAND,-32.304,116.636,WA,,9647,5616,58.2,2000-01-01,2026-05-30
10622,ONGERUP,-33.963,118.479,WA,,9647,8948,92.8,2000-01-01,2026-05-30
10623,PALLINUP,-33.943,117.851,WA,,9647,5461,56.6,2000-01-01,2026-05-30
10624,WYNROCK,-32.517,117.3,WA,,9647,0,0.0,2000-01-01,2026-05-30
10625,PINGARING,-32.753,118.627,WA,,9647,7426,77.0,2000-01-01,2026-05-30
10626,PINGELLY,-32.534,117.083,WA,,9647,9567,99.2,2000-01-01,2026-05-30
10627,PINGRUP,-33.535,118.509,WA,,9647,7811,81.0,2000-01-01,2026-05-30
10628,QUAIRADING,-32.009,117.401,WA,,9647,9033,93.6,2000-01-01,2026-05-30
10629,QUANAMINNING,-32.787,117.786,WA,,9647,3402,35.3,2000-01-01,2026-05-30
10632,RPF 129 MILE,-32.9,119.9,WA,,9647,0,0.0,2000-01-01,2026-05-30
10633,RAVENSTHORPE,-33.58,120.046,WA,,9647,9581,99.3,2000-01-01,2026-05-30
10634,REDLANDS,-32.311,116.767,WA,,9647,8509,88.2,2000-01-01,2026-05-30
10635,RIVERDALE,-33.785,116.906,WA,,9647,9369,97.1,2000-01-01,2026-05-30
10636,THE OAKS,-33.157,117.671,WA,,9647,7532,78.1,2000-01-01,2026-05-30
10637,ROSELEA,-33.043,118.103,WA,,9647,2366,24.5,2000-01-01,2026-05-30
10638,ST ALBANS,-32.523,118.305,WA,,9647,8462,87.7,2000-01-01,2026-05-30
10641,MAYBROOK,-33.375,116.905,WA,,9647,9540,98.9,2000-01-01,2026-05-30
10642,TALBOT HOUSE,-32.1,116.75,WA,,9647,0,0.0,2000-01-01,2026-05-30
10643,TAMBELLUP,-34.044,117.642,WA,,9647,6947,72.0,2000-01-01,2026-05-30
10644,BATHURST,-33.126,118.196,WA,,9647,6969,72.2,2000-01-01,2026-05-30
10646,COLUNIO,-32.9,117.6,WA,,9647,0,0.0,2000-01-01,2026-05-30
10647,WAGIN,-33.307,117.34,WA,,9647,9644,100.0,2000-01-01,2026-05-30
10648,WANDERING COMPARISON,-32.681,116.676,WA,,9647,1125,11.7,2000-01-01,2026-05-30
10649,WAYVILLE,-33.525,117.646,WA,,9647,1606,16.6,2000-01-01,2026-05-30
10650,TINKURRIN,-33.0,117.75,WA,,9647,0,0.0,2000-01-01,2026-05-30
10651,CLOUGHTON,-32.292,116.671,WA,,9647,0,0.0,2000-01-01,2026-05-30
10653,WIALCUTTING,-32.079,117.866,WA,,9647,0,0.0,2000-01-01,2026-05-30
10654,WICKEPIN,-32.782,117.499,WA,,9647,9408,97.5,2000-01-01,2026-05-30
10655,WILLIAMS,-33.027,116.879,WA,,9647,6235,64.6,2000-01-01,2026-05-30
10656,WIRRA,-34.125,118.415,WA,,9647,0,0.0,2000-01-01,2026-05-30
10657,NAIRIBIN,-33.356,117.916,WA,,9647,4650,48.2,2000-01-01,2026-05-30
10658,WONNAMINTA,-32.833,116.991,WA,,9647,7005,72.6,2000-01-01,2026-05-30
10659,WOODANILLING,-33.564,117.434,WA,,9647,7722,80.0,2000-01-01,2026-05-30
10660,WYCHITELLA,-32.704,118.31,WA,,9647,0,0.0,2000-01-01,2026-05-30
10661,NARRAWONG,-33.8,117.394,WA,,9647,0,0.0,2000-01-01,2026-05-30
10662,YEALERING,-32.594,117.621,WA,,9647,4208,43.6,2000-01-01,2026-05-30
10664,CROOKED POOL,-32.901,117.399,WA,,9647,3235,33.5,2000-01-01,2026-05-30
10665,KUKERIN,-33.189,118.084,WA,,9647,9146,94.8,2000-01-01,2026-05-30
10666,LOCHNAGAR,-32.039,118.902,WA,,9647,6839,70.9,2000-01-01,2026-05-30
10667,NIPPERING,-33.3,117.6,WA,,9647,0,0.0,2000-01-01,2026-05-30
10668,KOORIKIN,-32.469,118.146,WA,,9647,7888,81.8,2000-01-01,2026-05-30
10669,ELLENSFIELD,-34.0,117.5,WA,,9647,0,0.0,2000-01-01,2026-05-30
10670,LAKE CARMODY,-32.483,119.362,WA,,9647,7599,78.8,2000-01-01,2026-05-30
10671,AVOCA,-33.136,117.881,WA,,9647,9279,96.2,2000-01-01,2026-05-30
10672,JERRAMUNGUP,-33.917,118.95,WA,,9647,0,0.0,2000-01-01,2026-05-30
10674,RPF 173 MILE,-33.4,120.217,WA,,9647,0,0.0,2000-01-01,2026-05-30
10678,LANDSCAPE HILL,-32.517,117.367,WA,,9647,0,0.0,2000-01-01,2026-05-30
10680,TAMBARMERING,-32.567,117.869,WA,,9647,0,0.0,2000-01-01,2026-05-30
10684,KURREN KUTTEN,-32.2,118.1,WA,,9647,0,0.0,2000-01-01,2026-05-30
10685,LAKESIDE,-32.287,117.252,WA,,9647,0,0.0,2000-01-01,2026-05-30
10689,JACUP DAM,-33.827,119.248,WA,,9647,121,1.3,2000-01-01,2026-05-30
10690,NUNKERI,-33.481,119.962,WA,,9647,0,0.0,2000-01-01,2026-05-30
10691,KURRARA PARK,-33.096,117.405,WA,,9647,6887,71.4,2000-01-01,2026-05-30
10692,NEWDEGATE RESEARCH STATION,-33.113,118.84,WA,,9647,9265,96.0,2000-01-01,2026-05-30
10694,TWOLGANUP,-33.996,117.916,WA,,9647,6961,72.2,2000-01-01,2026-05-30
10696,AMRISTA PARK,-32.66,118.632,WA,,9647,7474,77.5,2000-01-01,2026-05-30
10698,WHITE HOUSE FARM,-32.626,118.561,WA,,9647,5032,52.2,2000-01-01,2026-05-30
10699,MINDARABIN,-33.714,118.19,WA,,9647,9202,95.4,2000-01-01,2026-05-30
10700,KOJONOLOKAN HILLS,-33.497,117.313,WA,,9647,6569,68.1,2000-01-01,2026-05-30
10701,KILBURNIE,-33.892,117.428,WA,,9647,2247,23.3,2000-01-01,2026-05-30
10702,MOUNT WALKER,-32.1,118.806,WA,,9647,8946,92.7,2000-01-01,2026-05-30
10703,YLADGEE,-33.947,118.112,WA,,9647,5260,54.5,2000-01-01,2026-05-30
10704,BALLAYING,-33.328,117.563,WA,,9647,9592,99.4,2000-01-01,2026-05-30
10705,HYDEN NORTH,-32.323,118.826,WA,,9647,8626,89.4,2000-01-01,2026-05-30
10706,JESMOND,-32.8,118.502,WA,,9647,0,0.0,2000-01-01,2026-05-30
10707,JERRAMUNGUP,-33.941,118.92,WA,,9647,7376,76.5,2000-01-01,2026-05-30
10708,NORTH STIRLINGS,-34.221,117.981,WA,,9647,5930,61.5,2000-01-01,2026-05-30
10725,CONGEE,-33.446,117.661,WA,,9647,7818,81.0,2000-01-01,2026-05-30
10729,CHILLINUP,-34.344,118.631,WA,,9647,9459,98.1,2000-01-01,2026-05-30
10776,SOUTH CAROLING,-32.207,117.404,WA,,9647,2471,25.6,2000-01-01,2026-05-30
10779,MIANELUP,-34.004,118.054,WA,,9647,7712,79.9,2000-01-01,2026-05-30
10792,GAIRDNER,-34.226,118.937,WA,,9647,9413,97.6,2000-01-01,2026-05-30
10793,TARWONGA,-33.211,116.992,WA,,9647,9291,96.3,2000-01-01,2026-05-30
10795,AVONDALE FARM,-32.118,116.868,WA,,9647,5852,60.7,2000-01-01,2026-05-30
10797,LAKE TOOLBRUNUP,-34.256,117.926,WA,,9647,6495,67.3,2000-01-01,2026-05-30
10803,MARIA,-33.011,118.239,WA,,9647,9063,93.9,2000-01-01,2026-05-30
10806,FALCONDALE - EDEOWIE,-33.271,118.261,WA,,9647,1050,10.9,2000-01-01,2026-05-30
10807,BILBARIN,-32.184,117.968,WA,,9647,9270,96.1,2000-01-01,2026-05-30
10811,NTH RAVENSTHORPE,-33.181,120.088,WA,,9647,9561,99.1,2000-01-01,2026-05-30
10823,GLENMORE,-32.234,117.644,WA,,9647,7762,80.5,2000-01-01,2026-05-30
10831,GLENROSE,-33.484,117.61,WA,,9647,8106,84.0,2000-01-01,2026-05-30
10851,MINNI DOWNS,-32.819,119.294,WA,,9647,6361,65.9,2000-01-01,2026-05-30
10866,CRANHAM,-33.932,117.326,WA,,9647,9426,97.7,2000-01-01,2026-05-30
10868,TERESA DALE,-33.993,117.276,WA,,9647,0,0.0,2000-01-01,2026-05-30
10872,DUNELM,-33.172,118.248,WA,,9647,9448,97.9,2000-01-01,2026-05-30
10878,CHESALON,-33.556,119.578,WA,,9647,9426,97.7,2000-01-01,2026-05-30
10886,WILYAMA,-32.423,117.278,WA,,9647,0,0.0,2000-01-01,2026-05-30
10889,MORDETTA,-32.885,118.635,WA,,9647,7593,78.7,2000-01-01,2026-05-30
10893,THE WARRIUPS,-34.308,117.435,WA,,9647,8099,84.0,2000-01-01,2026-05-30
10894,ALLAN ROCKS,-32.632,119.096,WA,,9647,8396,87.0,2000-01-01,2026-05-30
10895,MONTE VISTA,-33.399,119.934,WA,,9647,9028,93.6,2000-01-01,2026-05-30
10903,KARINGAL-TINCURRIN,-32.926,117.799,WA,,9647,60,0.6,2000-01-01,2026-05-30
10904,SWANARA,-32.172,118.614,WA,,9647,9583,99.3,2000-01-01,2026-05-30
10905,JACUP,-33.888,119.109,WA,,9647,9504,98.5,2000-01-01,2026-05-30
10911,LAKE GRACE,-33.101,118.465,WA,,9647,9538,98.9,2000-01-01,2026-05-30
10916,KATANNING,-33.686,117.606,WA,,9647,9319,96.6,2000-01-01,2026-05-30
10917,WANDERING,-32.672,116.671,WA,,9647,9459,98.1,2000-01-01,2026-05-30
11001,DEAKIN,-30.77,128.965,WA,,9647,0,0.0,2000-01-01,2026-05-30
11003,EUCLA,-31.68,128.896,WA,,9647,8820,91.4,2000-01-01,2026-05-30
11004,FORREST AERO,-30.839,128.114,WA,,9647,0,0.0,2000-01-01,2026-05-30
11006,HAIG,-31.006,126.089,WA,,9647,0,0.0,2000-01-01,2026-05-30
11007,LOONGANA,-30.946,127.036,WA,,9647,0,0.0,2000-01-01,2026-05-30
11008,MUNDRABILLA STATION,-31.843,127.857,WA,,9647,9276,96.2,2000-01-01,2026-05-30
11009,NANAMBINIA,-32.668,123.583,WA,,9647,2332,24.2,2000-01-01,2026-05-30
11010,NOONDOONIA,-32.311,123.726,WA,,9647,3528,36.6,2000-01-01,2026-05-30
11011,NOONDOONIA O.S.,-32.146,123.968,WA,,9647,0,0.0,2000-01-01,2026-05-30
11012,NURINA,-30.988,126.548,WA,,9647,0,0.0,2000-01-01,2026-05-30
11013,RAWLINNA,-31.012,125.329,WA,,9647,660,6.8,2000-01-01,2026-05-30
11014,REID,-30.822,128.425,WA,,9647,0,0.0,2000-01-01,2026-05-30
11016,MADURA STATION,-31.927,126.973,WA,,9647,2736,28.4,2000-01-01,2026-05-30
11017,BALLADONIA,-32.457,123.865,WA,,9647,7309,75.8,2000-01-01,2026-05-30
11019,EYRE,-32.246,126.301,WA,,9647,9612,99.6,2000-01-01,2026-05-30
11023,CAIGUNA ASA,-32.265,125.489,WA,,9647,275,2.9,2000-01-01,2026-05-30
11025,MOONERA,-31.722,126.589,WA,,9647,5371,55.7,2000-01-01,2026-05-30
11029,ARUBIDDY,-31.81,125.927,WA,,9647,6050,62.7,2000-01-01,2026-05-30
11030,RAWLINNA HOMESTEAD,-31.042,125.216,WA,,9647,6581,68.2,2000-01-01,2026-05-30
11031,NEVERTIRE,-31.35,125.223,WA,,9647,6824,70.7,2000-01-01,2026-05-30
11032,RAWLINNA DEPOT,-31.58,125.202,WA,,9647,6590,68.3,2000-01-01,2026-05-30
11033,MCTAGGARTS,-31.918,125.301,WA,,9647,6371,66.0,2000-01-01,2026-05-30
11034,BARVESK,-31.644,124.935,WA,,9647,6433,66.7,2000-01-01,2026-05-30
11035,BULL CAMEL,-31.196,124.848,WA,,9647,6717,69.6,2000-01-01,2026-05-30
11045,BALGAIR,-31.09,125.659,WA,,9647,4023,41.7,2000-01-01,2026-05-30
11052,FORREST,-30.845,128.109,WA,,9647,9515,98.6,2000-01-01,2026-05-30
12001,ALBION DOWNS,-27.288,120.392,WA,,9647,5672,58.8,2000-01-01,2026-05-30
12002,ANKETELL,-28.027,118.847,WA,,9647,0,0.0,2000-01-01,2026-05-30
12003,ATLEY,-28.225,119.07,WA,,9647,0,0.0,2000-01-01,2026-05-30
12004,WALGOOLAN AVALON,-31.233,118.567,WA,,9647,0,0.0,2000-01-01,2026-05-30
12005,BLACKHILL,-28.067,119.517,WA,,9647,0,0.0,2000-01-01,2026-05-30
12006,BODALLIN,-31.367,118.85,WA,,9647,0,0.0,2000-01-01,2026-05-30
12007,BOODAROCKIN,-31.06,118.837,WA,,9647,7941,82.3,2000-01-01,2026-05-30
12008,BOOYLGOO SPRING,-27.723,119.907,WA,,9647,4754,49.3,2000-01-01,2026-05-30
12009,NORSEMAN AERO,-32.215,121.755,WA,,9647,9559,99.1,2000-01-01,2026-05-30
12010,WESTONIA 1,-31.054,118.714,WA,,9647,0,0.0,2000-01-01,2026-05-30
12011,BULLFINCH,-30.984,119.067,WA,,9647,9483,98.3,2000-01-01,2026-05-30
12013,BULONG,-30.75,121.752,WA,,9647,8856,91.8,2000-01-01,2026-05-30
12016,CIRCLE VALLEY POST OFFICE,-33.083,121.75,WA,,9647,0,0.0,2000-01-01,2026-05-30
12018,COOLGARDIE,-30.959,121.174,WA,,9647,6232,64.6,2000-01-01,2026-05-30
12019,COONANA,-31.023,123.162,WA,,9647,0,0.0,2000-01-01,2026-05-30
12020,MUNJEROO,-28.233,120.15,WA,,9647,0,0.0,2000-01-01,2026-05-30
12022,CASHMERE DOWNS,-28.97,119.569,WA,,9647,1074,11.1,2000-01-01,2026-05-30
12024,DAVEYHURST MULWARRIE,-30.0,120.6,WA,,9647,0,0.0,2000-01-01,2026-05-30
12025,DEPOT SPRINGS,-27.933,120.058,WA,,9647,9497,98.4,2000-01-01,2026-05-30
12026,BODALLIN SOUTH,-31.642,118.902,WA,,9647,7823,81.1,2000-01-01,2026-05-30
12027,EDJUDINA,-29.812,122.355,WA,,9647,8980,93.1,2000-01-01,2026-05-30
12028,GORYA VALLEY,-33.037,121.664,WA,,9647,9456,98.0,2000-01-01,2026-05-30
12029,FRASER RANGE,-32.034,122.802,WA,,9647,7835,81.2,2000-01-01,2026-05-30
12032,GLENORN,-29.087,121.675,WA,,9647,1424,14.8,2000-01-01,2026-05-30
12033,GRASS PATCH,-33.226,121.737,WA,,9647,2581,26.8,2000-01-01,2026-05-30
12035,HIGGINSVILLE,-31.733,121.633,WA,,9647,0,0.0,2000-01-01,2026-05-30
12036,IDA VALLEY,-28.705,120.506,WA,,9647,0,0.0,2000-01-01,2026-05-30
12037,JEEDAMYA,-29.403,121.274,WA,,9647,0,0.0,2000-01-01,2026-05-30
12038,KALGOORLIE-BOULDER AIRPORT,-30.785,121.453,WA,,9647,9221,95.6,2000-01-01,2026-05-30
12039,KALGOORLIE POST OFFICE,-30.75,121.467,WA,,9647,0,0.0,2000-01-01,2026-05-30
12040,KANOWNA,-30.6,121.6,WA,,9647,0,0.0,2000-01-01,2026-05-30
12041,KARONIE,-30.967,122.533,WA,,9647,0,0.0,2000-01-01,2026-05-30
12042,KATHLEEN VALLEY,-27.5,120.517,WA,,9647,0,0.0,2000-01-01,2026-05-30
12043,KOOKYNIE,-29.336,121.494,WA,,9647,7146,74.1,2000-01-01,2026-05-30
12044,MUNGLINUP WEST,-33.555,120.7,WA,,9647,8655,89.7,2000-01-01,2026-05-30
12045,LAVERTON,-28.63,122.407,WA,,9647,9124,94.6,2000-01-01,2026-05-30
12046,LEONORA,-28.888,121.33,WA,,9647,5840,60.5,2000-01-01,2026-05-30
12048,MARVEL LOCH,-31.467,119.492,WA,,9647,0,0.0,2000-01-01,2026-05-30
12050,MELITA,-29.057,121.443,WA,,9647,0,0.0,2000-01-01,2026-05-30
12051,MENANGINA,-29.827,121.916,WA,,9647,1439,14.9,2000-01-01,2026-05-30
12052,MENZIES,-29.694,121.03,WA,,9647,5865,60.8,2000-01-01,2026-05-30
12053,MOORINE ROCK,-31.312,119.128,WA,,9647,1775,18.4,2000-01-01,2026-05-30
12054,DOBRA SCRITIA,-31.416,119.047,WA,,9647,5906,61.2,2000-01-01,2026-05-30
12056,MOREE,-31.594,119.142,WA,,9647,9155,94.9,2000-01-01,2026-05-30
12058,MOUNT KEITH,-27.279,120.507,WA,,9647,0,0.0,2000-01-01,2026-05-30
12059,MOUNT SIR SAMUEL,-27.6,120.55,WA,,9647,0,0.0,2000-01-01,2026-05-30
12060,MOUNT WELD,-28.774,122.444,WA,,9647,0,0.0,2000-01-01,2026-05-30
12061,MINARA,-28.917,121.797,WA,,9647,4243,44.0,2000-01-01,2026-05-30
12062,NAMBI,-28.39,121.677,WA,,9647,2756,28.6,2000-01-01,2026-05-30
12063,NARETHA,-31.0,124.833,WA,,9647,0,0.0,2000-01-01,2026-05-30
12064,NOONGAAR,-31.33,118.967,WA,,9647,9529,98.8,2000-01-01,2026-05-30
12065,NORSEMAN,-32.198,121.779,WA,,9647,4419,45.8,2000-01-01,2026-05-30
12066,ORA BANDA,-30.376,121.063,WA,,9647,3455,35.8,2000-01-01,2026-05-30
12067,PINNACLES,-28.197,120.438,WA,,9647,3319,34.4,2000-01-01,2026-05-30
12068,RANDELL SIDING,-30.933,122.233,WA,,9647,0,0.0,2000-01-01,2026-05-30
12070,SALMON GUMS,-32.98,121.643,WA,,9647,3288,34.1,2000-01-01,2026-05-30
12071,SALMON GUMS RES.STN.,-32.987,121.624,WA,,9647,9505,98.5,2000-01-01,2026-05-30
12072,SANDSTONE,-27.987,119.297,WA,,9647,7914,82.0,2000-01-01,2026-05-30
12073,SCADDAN POST OFFICE,-33.443,121.723,WA,,9647,0,0.0,2000-01-01,2026-05-30
12074,SOUTHERN CROSS,-31.232,119.328,WA,,9647,2891,30.0,2000-01-01,2026-05-30
12075,SPEDDINGUP,-33.517,121.75,WA,,9647,4863,50.4,2000-01-01,2026-05-30
12077,I DUNNO,-32.861,121.708,WA,,9647,9590,99.4,2000-01-01,2026-05-30
12079,TURKEY HILL NORTH,-31.038,119.306,WA,,9647,9303,96.4,2000-01-01,2026-05-30
12081,WARRALAKIN,-31.03,118.56,WA,,9647,2843,29.5,2000-01-01,2026-05-30
12082,WEEBO,-28.008,121.078,WA,,9647,7455,77.3,2000-01-01,2026-05-30
12083,WESTONIA,-31.302,118.698,WA,,9647,9476,98.2,2000-01-01,2026-05-30
12084,WIDGIEMOOLTHA,-31.494,121.578,WA,,9647,0,0.0,2000-01-01,2026-05-30
12086,WILSONS PATCH,-28.3,121.183,WA,,9647,0,0.0,2000-01-01,2026-05-30
12088,YAKABINDIE,-27.575,120.532,WA,,9647,6408,66.4,2000-01-01,2026-05-30
12089,YANDAL,-27.564,121.148,WA,,9647,0,0.0,2000-01-01,2026-05-30
12090,YEELIRRIE,-27.284,120.093,WA,,9647,6467,67.0,2000-01-01,2026-05-30
12091,YOUANMI DOWNS,-28.557,118.81,WA,,9647,0,0.0,2000-01-01,2026-05-30
12092,YUINMERY,-28.561,119.016,WA,,9647,9605,99.6,2000-01-01,2026-05-30
12093,YUNDAMINDRA,-29.247,122.102,WA,,9647,5256,54.5,2000-01-01,2026-05-30
12094,ZANTHUS,-31.032,123.567,WA,,9647,0,0.0,2000-01-01,2026-05-30
12095,ERLISTOUN,-27.972,122.325,WA,,9647,0,0.0,2000-01-01,2026-05-30
12096,DANDARAGA,-28.142,119.306,WA,,9647,590,6.1,2000-01-01,2026-05-30
12098,WALGOOLAN,-31.383,118.562,WA,,9647,0,0.0,2000-01-01,2026-05-30
12099,WALGOOLAN NORTH,-31.183,118.596,WA,,9647,3840,39.8,2000-01-01,2026-05-30
12100,WALGOOLAN SOUTH,-31.5,118.6,WA,,9647,0,0.0,2000-01-01,2026-05-30
12101,SEVEN OAKS,-31.321,118.547,WA,,9647,6232,64.6,2000-01-01,2026-05-30
12103,KORONG,-28.62,122.017,WA,,9647,0,0.0,2000-01-01,2026-05-30
12104,MALCOLM,-28.9,121.5,WA,,9647,0,0.0,2000-01-01,2026-05-30
12106,WOOLIBAR,-31.073,121.665,WA,,9647,5530,57.3,2000-01-01,2026-05-30
12108,WONGANOO,-27.14,121.34,WA,,9647,6785,70.3,2000-01-01,2026-05-30
12110,GIDGEE GOLD MINE,-27.253,119.407,WA,,9647,1092,11.3,2000-01-01,2026-05-30
12112,ALTONA,-27.539,119.986,WA,,9647,699,7.2,2000-01-01,2026-05-30
12114,RICHFIELDS,-33.684,120.696,WA,,9647,9197,95.3,2000-01-01,2026-05-30
12154,KURNALPI,-30.5,122.2,WA,,9647,0,0.0,2000-01-01,2026-05-30
12158,LAWLERS,-28.083,120.55,WA,,9647,0,0.0,2000-01-01,2026-05-30
12162,MOUNT MORGANS,-28.75,122.1,WA,,9647,0,0.0,2000-01-01,2026-05-30
12175,SOUTHERN HILLS,-32.196,122.83,WA,,9647,1342,13.9,2000-01-01,2026-05-30
12176,STURT MEADOWS,-28.678,120.971,WA,,9647,8690,90.1,2000-01-01,2026-05-30
12187,YERILLA,-29.471,121.827,WA,,9647,6399,66.3,2000-01-01,2026-05-30
12198,SCADDAN WEST,-33.384,121.449,WA,,9647,8997,93.3,2000-01-01,2026-05-30
12201,YOUANMI VALLEY,-31.704,119.238,WA,,9647,8269,85.7,2000-01-01,2026-05-30
12204,DEDARI,-31.093,120.691,WA,,9647,5192,53.8,2000-01-01,2026-05-30
12219,YAMARNA,-28.166,123.656,WA,,9647,0,0.0,2000-01-01,2026-05-30
12220,COWARNA DOWNS,-31.009,122.357,WA,,9647,6959,72.1,2000-01-01,2026-05-30
12221,BODALLIN,-31.369,118.836,WA,,9647,4527,46.9,2000-01-01,2026-05-30
12223,LORT RIVER,-33.22,121.353,WA,,9647,9322,96.6,2000-01-01,2026-05-30
12226,BODALLIN NORTH,-31.166,118.888,WA,,9647,5813,60.3,2000-01-01,2026-05-30
12239,BULGA DOWNS,-28.497,119.744,WA,,9647,9634,99.9,2000-01-01,2026-05-30
12240,ILKURLKA,-28.351,127.517,WA,,9647,7402,76.7,2000-01-01,2026-05-30
12242,DIEMALS,-29.669,119.303,WA,,9647,0,0.0,2000-01-01,2026-05-30
12247,GINDALBIE,-30.282,121.761,WA,,9647,8477,87.9,2000-01-01,2026-05-30
12255,WITTENOOM HILLS,-33.566,122.271,WA,,9647,2206,22.9,2000-01-01,2026-05-30
12261,OLDFIELD LOC 1020 COMP.,-33.602,120.885,WA,,9647,1092,11.3,2000-01-01,2026-05-30
12262,OLDFIELD LOC 1137 COMP.,-33.454,120.766,WA,,9647,3993,41.4,2000-01-01,2026-05-30
12263,WINDARRA,-28.49,122.237,WA,,9647,0,0.0,2000-01-01,2026-05-30
12265,CIRCLE VALLEY,-33.06,121.798,WA,,9647,6709,69.5,2000-01-01,2026-05-30
12269,WARWICK,-32.828,121.742,WA,,9647,0,0.0,2000-01-01,2026-05-30
12281,MUNGLINUP MELALEUCA,-33.597,120.758,WA,,9647,4736,49.1,2000-01-01,2026-05-30
12295,COPPIN ROCK,-31.1,118.602,WA,,9647,5465,56.6,2000-01-01,2026-05-30
12300,LEINSTER,-27.917,120.7,WA,,9647,4295,44.5,2000-01-01,2026-05-30
12304,MELROSE,-27.928,121.305,WA,,9647,8101,84.0,2000-01-01,2026-05-30
12305,LAVERTON AERO,-28.613,122.424,WA,,9647,9534,98.8,2000-01-01,2026-05-30
12312,KATTA BAREGA,-33.591,122.452,WA,,9647,9358,97.0,2000-01-01,2026-05-30
12314,LEINSTER AERO,-27.839,120.703,WA,,9647,9311,96.5,2000-01-01,2026-05-30
12320,SOUTHERN CROSS AIRFIELD,-31.235,119.356,WA,,9647,9359,97.0,2000-01-01,2026-05-30
13000,OLD CUNYU,-26.024,120.103,WA,,9647,4830,50.1,2000-01-01,2026-05-30
13001,EARAHEEDY,-25.591,121.585,WA,,9647,7,0.1,2000-01-01,2026-05-30
13002,GLEN-AYLE,-25.266,122.043,WA,,9647,9418,97.6,2000-01-01,2026-05-30
13003,JIGALONG,-23.359,120.78,WA,,9647,0,0.0,2000-01-01,2026-05-30
13005,LORNA GLEN,-26.225,121.556,WA,,9647,8264,85.7,2000-01-01,2026-05-30
13006,MILLROSE,-26.401,120.954,WA,,9647,8379,86.9,2000-01-01,2026-05-30
13007,BALGO HILLS,-20.142,127.987,WA,,9647,5752,59.6,2000-01-01,2026-05-30
13011,WARBURTON AIRFIELD,-26.132,126.584,WA,,9647,9402,97.5,2000-01-01,2026-05-30
13012,WILUNA,-26.591,120.226,WA,,9647,7153,74.1,2000-01-01,2026-05-30
13014,CUNYU SHEARING SHED,-25.818,120.171,WA,,9647,5329,55.2,2000-01-01,2026-05-30
13015,CARNEGIE,-25.796,122.975,WA,,9647,9371,97.1,2000-01-01,2026-05-30
13017,GILES METEOROLOGICAL OFFICE,-25.034,128.301,WA,,9647,9637,99.9,2000-01-01,2026-05-30
13018,WONGAWOL,-26.121,121.94,WA,,9647,8953,92.8,2000-01-01,2026-05-30
13024,PRENTI DOWNS,-26.517,122.808,WA,,9647,6837,70.9,2000-01-01,2026-05-30
13030,TELFER AERO,-21.712,122.228,WA,,9647,9294,96.3,2000-01-01,2026-05-30
14001,NGUIU,-11.765,130.629,NT,,9647,0,0.0,2000-01-01,2026-05-30
14005,BROCKS CREEK,-13.5,131.4,NT,,9647,0,0.0,2000-01-01,2026-05-30
14007,BURRUNDIE RAILWAY STATION,-13.533,131.7,NT,,9647,0,0.0,2000-01-01,2026-05-30
14008,CAPE DON,-11.317,131.767,NT,,9647,0,0.0,2000-01-01,2026-05-30
14009,CHANNEL ISLAND,-12.555,130.868,NT,,9647,5956,61.7,2000-01-01,2026-05-30
14011,MINJILANG,-11.146,132.569,NT,,9647,1462,15.2,2000-01-01,2026-05-30
14015,DARWIN AIRPORT,-12.424,130.893,NT,,9647,9645,100.0,2000-01-01,2026-05-30
14016,DARWIN POST OFFICE,-12.46,130.84,NT,,9647,0,0.0,2000-01-01,2026-05-30
14017,DARWIN QUARANTINE STATION,-12.487,130.9,NT,,9647,0,0.0,2000-01-01,2026-05-30
14018,DARWIN LOCO WORKS,-12.439,130.842,NT,,9647,0,0.0,2000-01-01,2026-05-30
14032,KOOLPINYAH,-12.389,131.177,NT,,9647,1015,10.5,2000-01-01,2026-05-30
14035,MANTON DAM,-12.838,131.131,NT,,9647,2065,21.4,2000-01-01,2026-05-30
14041,MIDDLE POINT,-12.605,131.299,NT,,9647,8798,91.2,2000-01-01,2026-05-30
14042,OENPELLI,-12.324,133.058,NT,,9647,4399,45.6,2000-01-01,2026-05-30
14080,NOONAMAH,-12.637,131.073,NT,,9647,0,0.0,2000-01-01,2026-05-30
14086,BEATRICE HILL,-12.649,131.318,NT,,9647,4174,43.3,2000-01-01,2026-05-30
14087,PICKERTARAMOOR,-11.765,130.888,NT,,9647,0,0.0,2000-01-01,2026-05-30
14090,MIDDLE POINT RANGERS,-12.578,131.315,NT,,9647,6366,66.0,2000-01-01,2026-05-30
14092,ADELAIDE RIVER POST OFFICE,-13.237,131.104,NT,,9647,8550,88.6,2000-01-01,2026-05-30
14103,MILIKAPITI,-11.426,130.676,NT,,9647,0,0.0,2000-01-01,2026-05-30
14109,TORTILLA FLATS,-13.1,131.233,NT,,9647,0,0.0,2000-01-01,2026-05-30
14116,BERRIMAH RESEARCH FARM,-12.443,130.933,NT,,9647,4508,46.7,2000-01-01,2026-05-30
14123,POINT CHARLES LIGHTHOUSE,-12.4,130.6,NT,,9647,0,0.0,2000-01-01,2026-05-30
14142,PIRLANGIMPI AIRPORT,-11.402,130.422,NT,,9647,8503,88.1,2000-01-01,2026-05-30
14149,HOWARD SPRINGS NATURE PARK,-12.456,131.051,NT,,9647,9089,94.2,2000-01-01,2026-05-30
14151,MILTON SPRINGS,-13.217,131.0,NT,,9647,0,0.0,2000-01-01,2026-05-30
14153,BLACK POINT,-11.154,132.143,NT,,9647,7600,78.8,2000-01-01,2026-05-30
14159,MIDDLE POINT NAVY,-12.61,131.29,NT,,9647,813,8.4,2000-01-01,2026-05-30
14161,DARWIN REGIONAL OFFICE,-12.467,130.833,NT,,9647,0,0.0,2000-01-01,2026-05-30
14162,COCONUT GROVE,-12.399,130.851,NT,,9647,1359,14.1,2000-01-01,2026-05-30
14163,DARWIN BOTANIC GARDENS,-12.44,130.838,NT,,9647,8411,87.2,2000-01-01,2026-05-30
14180,MURGANELLA,-11.547,132.925,NT,,9647,1149,11.9,2000-01-01,2026-05-30
14183,DARWIN RIVER DAM,-12.832,130.971,NT,,9647,9499,98.5,2000-01-01,2026-05-30
14198,JABIRU AIRPORT,-12.659,132.894,NT,,9647,9490,98.4,2000-01-01,2026-05-30
14204,THE PINES,-13.758,131.574,NT,,9647,6330,65.6,2000-01-01,2026-05-30
14213,GUNN POINT PRISON FARM,-12.252,131.043,NT,,9647,0,0.0,2000-01-01,2026-05-30
14233,BATCHELOR AERODROME,-13.053,131.027,NT,,9647,0,0.0,2000-01-01,2026-05-30
14239,LABELLE DOWNS,-13.11,130.495,NT,,9647,8153,84.5,2000-01-01,2026-05-30
14253,CHANNEL POINT,-13.167,130.123,NT,,9647,9272,96.1,2000-01-01,2026-05-30
14272,BATCHELOR AIRPORT,-13.054,131.025,NT,,9647,9362,97.0,2000-01-01,2026-05-30
14277,DUM IN MIRRIE AIRSTRIP,-12.635,130.373,NT,,9647,8681,90.0,2000-01-01,2026-05-30
14400,MANINGRIDA,-12.048,134.226,NT,,9647,2722,28.2,2000-01-01,2026-05-30
14401,WARRUWI AIRPORT,-11.65,133.38,NT,,9647,9164,95.0,2000-01-01,2026-05-30
14402,MILINGIMBI,-12.124,134.908,NT,,9647,1033,10.7,2000-01-01,2026-05-30
14404,MILINGIMBI AIRPORT,-12.093,134.892,NT,,9647,7921,82.1,2000-01-01,2026-05-30
14502,YIRRKALA MISSION,-12.25,136.883,NT,,9647,0,0.0,2000-01-01,2026-05-30
14504,GALIWINKU,-12.028,135.565,NT,,9647,1887,19.6,2000-01-01,2026-05-30
14505,NUMBULWAR,-14.279,135.739,NT,,9647,5260,54.5,2000-01-01,2026-05-30
14506,ANGURUGU,-13.983,136.433,NT,,9647,0,0.0,2000-01-01,2026-05-30
14507,ALYANGULA POLICE,-13.848,136.42,NT,,9647,4404,45.7,2000-01-01,2026-05-30
14508,GOVE AIRPORT MET OFFICE,-12.274,136.82,NT,,9647,8444,87.5,2000-01-01,2026-05-30
14509,ALCAN MINESITE,-12.261,136.839,NT,,9647,5211,54.0,2000-01-01,2026-05-30
14511,GROOTE EYLANDT AIRPORT,-13.976,136.462,NT,,9647,1,0.0,2000-01-01,2026-05-30
14512,NHULUNBUY,-12.194,136.764,NT,,9647,5437,56.4,2000-01-01,2026-05-30
14513,WALLABY BEACH,-12.193,136.71,NT,,9647,0,0.0,2000-01-01,2026-05-30
14517,NGAYAWILI,-11.997,135.573,NT,,9647,9106,94.4,2000-01-01,2026-05-30
14518,GROOTE EYLANDT AIRPORT,-13.975,136.463,NT,,9647,9357,97.0,2000-01-01,2026-05-30
14608,SAINT VIDGEON,-14.78,134.88,NT,,9647,0,0.0,2000-01-01,2026-05-30
14609,NGUKURR,-14.729,134.727,NT,,9647,3983,41.3,2000-01-01,2026-05-30
14610,MATARANKA HOMESTEAD RESORT,-14.923,133.132,NT,,9647,5808,60.2,2000-01-01,2026-05-30
14612,LARRIMAH,-15.575,133.214,NT,,9647,8406,87.1,2000-01-01,2026-05-30
14618,DALY WATERS,-16.253,133.37,NT,,9647,3689,38.2,2000-01-01,2026-05-30
14620,ROPER RIVER POLICE,-14.717,134.505,NT,,9647,0,0.0,2000-01-01,2026-05-30
14621,NUTWOOD DOWNS,-15.809,134.148,NT,,9647,9181,95.2,2000-01-01,2026-05-30
14623,ELSEY,-14.957,133.33,NT,,9647,2991,31.0,2000-01-01,2026-05-30
14626,DALY WATERS AIRSTRIP,-16.264,133.378,NT,,9647,9178,95.1,2000-01-01,2026-05-30
14627,BULMAN,-13.671,134.341,NT,,9647,7992,82.8,2000-01-01,2026-05-30
14628,TANUMBIRINI,-16.455,134.65,NT,,9647,8724,90.4,2000-01-01,2026-05-30
14633,ROPER BAR STORE,-14.736,134.529,NT,,9647,0,0.0,2000-01-01,2026-05-30
14639,GILNOCKIE,-15.918,132.383,NT,,9647,9407,97.5,2000-01-01,2026-05-30
14640,BULMAN,-13.665,134.331,NT,,9647,1,0.0,2000-01-01,2026-05-30
14702,MALLAPUNYAH,-16.976,135.813,NT,,9647,7360,76.3,2000-01-01,2026-05-30
14703,CENTRE ISLAND,-15.743,136.819,NT,,9647,9251,95.9,2000-01-01,2026-05-30
14704,MCARTHUR RIVER MINE AIRPORT,-16.442,136.076,NT,,9647,9209,95.5,2000-01-01,2026-05-30
14705,CALVERT HILLS,-17.231,137.331,NT,,9647,6650,68.9,2000-01-01,2026-05-30
14706,ROBINSON RIVER,-16.762,136.979,NT,,9647,0,0.0,2000-01-01,2026-05-30
14707,WOLLOGORANG,-17.212,137.946,NT,,9647,7907,82.0,2000-01-01,2026-05-30
14710,BORROLOOLA,-16.067,136.3,NT,,9647,0,0.0,2000-01-01,2026-05-30
14711,VANDERLIN ISLAND MIMETS,-15.833,137.05,NT,,9647,0,0.0,2000-01-01,2026-05-30
14713,GALLIPOLI,-19.139,137.873,NT,,9647,6260,64.9,2000-01-01,2026-05-30
14720,BENMARA,-17.918,136.906,NT,,9647,5518,57.2,2000-01-01,2026-05-30
14723,BORROLOOLA AIRPORT,-16.076,136.304,NT,,9647,9320,96.6,2000-01-01,2026-05-30
14802,CAMFIELD,-17.037,131.294,NT,,9647,6836,70.9,2000-01-01,2026-05-30
14803,LEGUNE,-15.208,129.45,NT,,9647,8857,91.8,2000-01-01,2026-05-30
14807,MONTEJINNI,-16.665,131.764,NT,,9647,7472,77.5,2000-01-01,2026-05-30
14814,AUVERGNE,-15.684,130.01,NT,,9647,5751,59.6,2000-01-01,2026-05-30
14815,WATERLOO,-16.635,129.328,NT,,9647,7860,81.5,2000-01-01,2026-05-30
14816,OLD DELAMERE,-15.737,131.535,NT,,9647,7021,72.8,2000-01-01,2026-05-30
14817,BRADSHAW HOMESTEAD,-15.348,130.276,NT,,9647,7378,76.5,2000-01-01,2026-05-30
14819,AMANBIDJI,-16.432,129.616,NT,,9647,0,0.0,2000-01-01,2026-05-30
14820,NEWRY,-16.05,129.265,NT,,9647,5717,59.3,2000-01-01,2026-05-30
14821,ROSEWOOD,-16.458,129.006,NT,,9647,9475,98.2,2000-01-01,2026-05-30
14822,TIMBER CREEK POLICE,-15.647,130.476,NT,,9647,766,7.9,2000-01-01,2026-05-30
14823,LIMBUNYA,-17.23,129.887,NT,,9647,5112,53.0,2000-01-01,2026-05-30
14824,BULLITA,-16.12,130.428,NT,,9647,6482,67.2,2000-01-01,2026-05-30
14825,VICTORIA RIVER DOWNS,-16.403,131.014,NT,,9647,9434,97.8,2000-01-01,2026-05-30
14829,LAJAMANU AIRPORT,-18.332,130.636,NT,,9647,9453,98.0,2000-01-01,2026-05-30
14830,CATTLE CREEK,-17.597,131.544,NT,,9647,2689,27.9,2000-01-01,2026-05-30
14831,RIVEREN,-17.904,130.227,NT,,9647,7949,82.4,2000-01-01,2026-05-30
14833,KALKARINGI POLICE,-17.447,130.839,NT,,9647,1300,13.5,2000-01-01,2026-05-30
14835,KIRKIMBIE,-17.733,129.24,NT,,9647,0,0.0,2000-01-01,2026-05-30
14836,INVERWAY,-17.848,129.636,NT,,9647,8486,88.0,2000-01-01,2026-05-30
14840,WAVE HILL,-17.387,131.117,NT,,9647,8911,92.4,2000-01-01,2026-05-30
14847,KIDMAN SPRINGS,-16.118,130.956,NT,,9647,9484,98.3,2000-01-01,2026-05-30
14850,TIMBER CREEK,-15.661,130.481,NT,,9647,7728,80.1,2000-01-01,2026-05-30
14857,SUPLEJACK,-19.28,129.942,NT,,9647,9413,97.6,2000-01-01,2026-05-30
14901,DOUGLAS RIVER RESEARCH FARM,-13.835,131.187,NT,,9647,8815,91.4,2000-01-01,2026-05-30
14902,KATHERINE COUNCIL,-14.459,132.257,NT,,9647,7289,75.6,2000-01-01,2026-05-30
14903,KATHERINE AVIATION MUSEUM,-14.444,132.274,NT,,9647,7447,77.2,2000-01-01,2026-05-30
14904,KATHERINE EXP. FARM,-14.483,132.25,NT,,9647,0,0.0,2000-01-01,2026-05-30
14905,PORT KEATS POLICE,-14.24,129.522,NT,,9647,119,1.2,2000-01-01,2026-05-30
14908,WOOLIANA,-13.682,130.637,NT,,9647,0,0.0,2000-01-01,2026-05-30
14910,KATHERINE RESEARCH FARM,-14.475,132.305,NT,,9647,7395,76.7,2000-01-01,2026-05-30
14914,DALY RIVER MISSION,-13.751,130.689,NT,,9647,876,9.1,2000-01-01,2026-05-30
14916,DALY RIVER POLICE,-13.767,130.71,NT,,9647,0,0.0,2000-01-01,2026-05-30
14917,JINDARE,-14.015,131.611,NT,,9647,4587,47.5,2000-01-01,2026-05-30
14919,MARANBOY,-14.527,132.786,NT,,9647,58,0.6,2000-01-01,2026-05-30
14921,WILLEROO,-15.287,131.582,NT,,9647,7235,75.0,2000-01-01,2026-05-30
14923,MANBULLOO,-14.519,132.198,NT,,9647,0,0.0,2000-01-01,2026-05-30
14925,TIPPERARY,-13.735,131.044,NT,,9647,7417,76.9,2000-01-01,2026-05-30
14927,CDU KATHERINE RURAL CAMPUS,-14.373,132.156,NT,,9647,7150,74.1,2000-01-01,2026-05-30
14932,TINDAL RAAF,-14.523,132.383,NT,,9647,9399,97.4,2000-01-01,2026-05-30
14933,PINE CREEK,-13.824,131.837,NT,,9647,2806,29.1,2000-01-01,2026-05-30
14938,MANGO FARM,-13.738,130.683,NT,,9647,5807,60.2,2000-01-01,2026-05-30
14941,OOLLOO,-13.916,131.212,NT,,9647,4807,49.8,2000-01-01,2026-05-30
14948,PORT KEATS AIRPORT,-14.249,129.528,NT,,9647,8583,89.0,2000-01-01,2026-05-30
14949,DELAMERE WEAPONS RANGE,-15.744,131.918,NT,,9647,9128,94.6,2000-01-01,2026-05-30
14954,BRADSHAW,-14.941,130.809,NT,,9647,8868,91.9,2000-01-01,2026-05-30
14960,PINE CREEK COUNCIL,-13.824,131.832,NT,,9647,4635,48.0,2000-01-01,2026-05-30
15004,AUSTRAL DOWNS,-20.502,137.774,NT,,9647,6428,66.6,2000-01-01,2026-05-30
15005,AVON DOWNS,-20.03,137.491,NT,,9647,7346,76.1,2000-01-01,2026-05-30
15015,HELEN SPRINGS,-18.434,133.877,NT,,9647,8463,87.7,2000-01-01,2026-05-30
15019,LAKE NASH,-20.965,137.921,NT,,9647,5789,60.0,2000-01-01,2026-05-30
15026,RANKEN RIVER,-19.601,136.908,NT,,9647,2280,23.6,2000-01-01,2026-05-30
15027,ROCKHAMPTON DOWNS,-18.949,135.194,NT,,9647,6094,63.2,2000-01-01,2026-05-30
15034,WONARAH,-19.898,136.336,NT,,9647,0,0.0,2000-01-01,2026-05-30
15036,ALROY DOWNS,-19.296,136.071,NT,,9647,1524,15.8,2000-01-01,2026-05-30
15040,SOUDAN,-20.052,137.019,NT,,9647,7424,77.0,2000-01-01,2026-05-30
15067,BANKA BANKA,-18.792,134.03,NT,,9647,3693,38.3,2000-01-01,2026-05-30
15081,ANTHONY LAGOON,-17.978,135.532,NT,,9647,9327,96.7,2000-01-01,2026-05-30
15083,POWELL CREEK,-18.08,133.675,NT,,9647,0,0.0,2000-01-01,2026-05-30
15085,BRUNETTE DOWNS,-18.637,135.945,NT,,9647,8625,89.4,2000-01-01,2026-05-30
15086,NEWCASTLE WATERS,-17.378,133.41,NT,,9647,6508,67.5,2000-01-01,2026-05-30
15087,TENNANT CREEK POST OFFICE,-19.648,134.19,NT,,9647,335,3.5,2000-01-01,2026-05-30
15088,ALEXANDRIA,-19.058,136.707,NT,,9647,8947,92.7,2000-01-01,2026-05-30
15089,NEWCASTLE WATERS POST OFFICE,-17.383,133.4,NT,,9647,0,0.0,2000-01-01,2026-05-30
15090,FREWENA,-19.435,135.402,NT,,9647,0,0.0,2000-01-01,2026-05-30
15103,UCHARONIDGE,-17.674,134.251,NT,,9647,5098,52.8,2000-01-01,2026-05-30
15108,MUCKATY,-18.628,133.872,NT,,9647,3549,36.8,2000-01-01,2026-05-30
15125,MITTIEBAH,-18.805,137.088,NT,,9647,5777,59.9,2000-01-01,2026-05-30
15131,ELLIOTT,-17.555,133.544,NT,,9647,8915,92.4,2000-01-01,2026-05-30
15135,TENNANT CREEK AIRPORT,-19.642,134.183,NT,,9647,9519,98.7,2000-01-01,2026-05-30
15139,WARRAMUNGA,-19.933,134.355,NT,,9647,8781,91.0,2000-01-01,2026-05-30
15501,YAMBAH,-23.127,133.836,NT,,9647,8390,87.0,2000-01-01,2026-05-30
15502,ALI CURUNG,-21.003,134.403,NT,,9647,3644,37.8,2000-01-01,2026-05-30
15503,MOUNT RIDDOCK,-23.036,134.68,NT,,9647,7579,78.6,2000-01-01,2026-05-30
15508,ALLAMBI,-24.269,134.403,NT,,9647,9413,97.6,2000-01-01,2026-05-30
15510,MOUNT CAVENAGH,-25.955,133.211,NT,,9647,1886,19.6,2000-01-01,2026-05-30
15511,CURTIN SPRINGS,-25.314,131.757,NT,,9647,9246,95.8,2000-01-01,2026-05-30
15518,NAPPERBY,-22.51,132.752,NT,,9647,5893,61.1,2000-01-01,2026-05-30
15520,TEA TREE WELL,-22.133,133.417,NT,,9647,0,0.0,2000-01-01,2026-05-30
15521,THE GARDEN,-23.284,134.423,NT,,9647,9412,97.6,2000-01-01,2026-05-30
15523,GLEN HELEN,-23.406,132.244,NT,,9647,6204,64.3,2000-01-01,2026-05-30
15524,IDRACOWRA,-24.995,133.788,NT,,9647,4118,42.7,2000-01-01,2026-05-30
15525,BARROW CREEK,-21.532,133.89,NT,,9647,3579,37.1,2000-01-01,2026-05-30
15526,FINKE POST OFFICE,-25.583,134.567,NT,,9647,0,0.0,2000-01-01,2026-05-30
15527,AYERS ROCK,-25.34,131.058,NT,,9647,0,0.0,2000-01-01,2026-05-30
15528,YUENDUMU,-22.256,131.801,NT,,9647,6450,66.9,2000-01-01,2026-05-30
15530,ELKEDRA,-21.166,135.446,NT,,9647,6448,66.8,2000-01-01,2026-05-30
15531,HERMANNSBURG,-23.945,132.775,NT,,9647,6381,66.1,2000-01-01,2026-05-30
15533,BUNDOOMA RAILWAY SIDING,-24.898,134.257,NT,,9647,0,0.0,2000-01-01,2026-05-30
15534,OORATIPPRA,-21.904,136.074,NT,,9647,1271,13.2,2000-01-01,2026-05-30
15535,CONISTON,-22.05,132.495,NT,,9647,6425,66.6,2000-01-01,2026-05-30
15536,MARYVALE,-24.669,134.072,NT,,9647,3838,39.8,2000-01-01,2026-05-30
15537,KURUNDI,-20.5,134.662,NT,,9647,9108,94.4,2000-01-01,2026-05-30
15540,ALICE SPRINGS POST OFFICE,-23.71,133.868,NT,,9647,0,0.0,2000-01-01,2026-05-30
15542,ANNINGIE,-21.848,133.123,NT,,9647,5579,57.8,2000-01-01,2026-05-30
15543,AILERON,-22.646,133.346,NT,,9647,5643,58.5,2000-01-01,2026-05-30
15546,RINGWOOD,-23.829,134.956,NT,,9647,1754,18.2,2000-01-01,2026-05-30
15548,RABBIT FLAT,-20.188,130.016,NT,,9647,0,0.0,2000-01-01,2026-05-30
15552,HENBURY,-24.552,133.252,NT,,9647,4566,47.3,2000-01-01,2026-05-30
15553,HAMILTON DOWNS,-23.509,133.268,NT,,9647,6503,67.4,2000-01-01,2026-05-30
15554,VAUGHAN SPRINGS,-22.298,130.85,NT,,9647,7883,81.7,2000-01-01,2026-05-30
15555,TANAMI DOWNS,-20.565,129.725,NT,,9647,3032,31.4,2000-01-01,2026-05-30
15557,TEMPE DOWNS,-24.4,132.452,NT,,9647,0,0.0,2000-01-01,2026-05-30
15564,OWEN SPRINGS,-23.875,133.47,NT,,9647,6774,70.2,2000-01-01,2026-05-30
15567,CENTRAL MOUNT WEDGE,-22.741,132.155,NT,,9647,0,0.0,2000-01-01,2026-05-30
15569,WILLOWRA,-21.276,132.623,NT,,9647,0,0.0,2000-01-01,2026-05-30
15572,STIRLING,-21.733,133.763,NT,,9647,4505,46.7,2000-01-01,2026-05-30
15574,ERLDUNDA,-25.222,133.196,NT,,9647,7507,77.8,2000-01-01,2026-05-30
15577,DELMORE DOWNS,-22.451,134.819,NT,,9647,2178,22.6,2000-01-01,2026-05-30
15583,AREYONGA,-24.073,132.271,NT,,9647,232,2.4,2000-01-01,2026-05-30
15584,ARGADARGADA,-21.674,136.665,NT,,9647,6040,62.6,2000-01-01,2026-05-30
15585,AMMAROO,-21.751,135.238,NT,,9647,9387,97.3,2000-01-01,2026-05-30
15587,ANNITOWA,-21.21,136.475,NT,,9647,3505,36.3,2000-01-01,2026-05-30
15588,AMBALINDUM,-23.384,134.684,NT,,9647,6007,62.3,2000-01-01,2026-05-30
15590,ALICE SPRINGS AIRPORT,-23.795,133.889,NT,,9647,9569,99.2,2000-01-01,2026-05-30
15593,ALCOOTA,-22.821,134.451,NT,,9647,4656,48.3,2000-01-01,2026-05-30
15594,ARLTUNGA,-23.446,134.687,NT,,9647,8487,88.0,2000-01-01,2026-05-30
15597,CHARLOTTE WATERS,-25.933,134.917,NT,,9647,0,0.0,2000-01-01,2026-05-30
15600,NEW CROWN,-25.677,134.833,NT,,9647,5548,57.5,2000-01-01,2026-05-30
15601,THE DERWENT,-23.173,132.15,NT,,9647,6863,71.1,2000-01-01,2026-05-30
15602,JERVOIS,-22.949,136.144,NT,,9647,9593,99.4,2000-01-01,2026-05-30
15603,KULGERA,-25.843,133.303,NT,,9647,7316,75.8,2000-01-01,2026-05-30
15607,MOUNT DENISON,-22.131,132.081,NT,,9647,9002,93.3,2000-01-01,2026-05-30
15608,MURRAY DOWNS,-21.044,134.675,NT,,9647,6222,64.5,2000-01-01,2026-05-30
15610,INDIANA,-23.329,135.44,NT,,9647,9476,98.2,2000-01-01,2026-05-30
15611,NEWHAVEN,-22.723,131.169,NT,,9647,9101,94.3,2000-01-01,2026-05-30
15612,PAPUNYA,-23.204,131.916,NT,,9647,4093,42.4,2000-01-01,2026-05-30
15614,RUMBALARA,-25.333,134.483,NT,,9647,0,0.0,2000-01-01,2026-05-30
15615,RODINGA RAILWAY SIDING,-24.557,134.082,NT,,9647,0,0.0,2000-01-01,2026-05-30
15617,SANTA TERESA,-24.131,134.374,NT,,9647,5915,61.3,2000-01-01,2026-05-30
15619,TODD RIVER,-23.84,134.509,NT,,9647,9318,96.6,2000-01-01,2026-05-30
15620,TARLTON DOWNS,-22.658,136.8,NT,,9647,5067,52.5,2000-01-01,2026-05-30
15623,UNDOOLYA,-23.694,134.035,NT,,9647,8974,93.0,2000-01-01,2026-05-30
15624,VICTORY DOWNS,-25.989,132.975,NT,,9647,6027,62.5,2000-01-01,2026-05-30
15626,WOODGREEN,-22.396,134.233,NT,,9647,9560,99.1,2000-01-01,2026-05-30
15631,BOND SPRINGS HOMESTEAD,-23.541,133.921,NT,,9647,8673,89.9,2000-01-01,2026-05-30
15633,PALM VALLEY,-24.064,132.745,NT,,9647,9361,97.0,2000-01-01,2026-05-30
15635,YULARA AIRPORT,-25.19,130.974,NT,,9647,9418,97.6,2000-01-01,2026-05-30
15643,TERRITORY GRAPE FARM,-22.452,133.638,NT,,9647,9119,94.5,2000-01-01,2026-05-30
15645,DEEP WELL,-24.299,134.144,NT,,9647,4027,41.7,2000-01-01,2026-05-30
15652,WATARRKA,-24.292,131.549,NT,,9647,9167,95.0,2000-01-01,2026-05-30
15657,EPENARRA,-20.445,135.263,NT,,9647,6687,69.3,2000-01-01,2026-05-30
15660,ULURU RANGERS,-25.36,131.02,NT,,9647,6979,72.3,2000-01-01,2026-05-30
15661,MOUNT SKINNER,-22.211,134.118,NT,,9647,9368,97.1,2000-01-01,2026-05-30
15664,WALUNGURRU AIRPORT,-23.266,129.384,NT,,9647,8233,85.3,2000-01-01,2026-05-30
15666,RABBIT FLAT,-20.182,130.015,NT,,9647,9571,99.2,2000-01-01,2026-05-30
16000,WOOMERA (ARCOONA),-31.023,137.049,SA,,9647,5298,54.9,2000-01-01,2026-05-30
16001,WOOMERA AERODROME,-31.156,136.805,SA,,9647,9576,99.3,2000-01-01,2026-05-30
16002,BOOKALOO,-31.897,137.352,SA,,9647,0,0.0,2000-01-01,2026-05-30
16003,BULGUNNIA,-30.166,134.893,SA,,9647,5470,56.7,2000-01-01,2026-05-30
16005,PORT AUGUSTA (CARRIEWERLOO STN),-32.398,137.227,SA,,9647,9357,97.0,2000-01-01,2026-05-30
16006,TARCOOLA (COMMONWEALTH HILL),-29.943,134.151,SA,,9647,9263,96.0,2000-01-01,2026-05-30
16007,COOBER PEDY,-29.004,134.756,SA,,9647,6430,66.7,2000-01-01,2026-05-30
16009,COONDAMBO,-31.062,135.866,SA,,9647,6447,66.8,2000-01-01,2026-05-30
16011,EAST WELL,-30.989,136.017,SA,,9647,0,0.0,2000-01-01,2026-05-30
16013,ERNABELLA,-26.293,132.128,SA,,9647,0,0.0,2000-01-01,2026-05-30
16015,HESSO,-32.138,137.447,SA,,9647,0,0.0,2000-01-01,2026-05-30
16020,KINGOONYA,-30.914,135.316,SA,,9647,0,0.0,2000-01-01,2026-05-30
16021,KOKATHA,-31.261,135.237,SA,,9647,9181,95.2,2000-01-01,2026-05-30
16022,KONDOOLKA,-31.995,134.883,SA,,9647,7946,82.4,2000-01-01,2026-05-30
16024,LAKE EVERARD,-31.74,135.172,SA,,9647,7475,77.5,2000-01-01,2026-05-30
16025,WOOMERA (MAHANEWO),-31.729,136.445,SA,,9647,8833,91.6,2000-01-01,2026-05-30
16027,COOBER PEDY (MCDOUALL PEAK),-29.841,134.904,SA,,9647,8295,86.0,2000-01-01,2026-05-30
16028,MILLERS CREEK,-30.005,136.044,SA,,9647,7573,78.5,2000-01-01,2026-05-30
16029,MOONAREE,-31.968,135.874,SA,,9647,0,0.0,2000-01-01,2026-05-30
16030,MOUNT EBA,-30.181,135.663,SA,,9647,8928,92.5,2000-01-01,2026-05-30
16031,TARCOOLA (MULGATHING),-30.241,133.988,SA,,9647,8766,90.9,2000-01-01,2026-05-30
16032,NONNING,-32.523,136.493,SA,,9647,4988,51.7,2000-01-01,2026-05-30
16033,WOOMERA (OAKDEN HILLS),-31.661,137.038,SA,,9647,6770,70.2,2000-01-01,2026-05-30
16034,HILTABA,-32.157,135.072,SA,,9647,8958,92.9,2000-01-01,2026-05-30
16035,ROXBY DOWNS (PARAKYLIA STATION),-30.403,136.392,SA,,9647,6448,66.8,2000-01-01,2026-05-30
16036,WOOMERA (PERNATTY STATION),-31.483,137.481,SA,,9647,5796,60.1,2000-01-01,2026-05-30
16037,PIMBA,-31.252,136.798,SA,,9647,0,0.0,2000-01-01,2026-05-30
16038,PORT AUGUSTA WEST,-32.483,137.758,SA,,9647,3844,39.8,2000-01-01,2026-05-30
16039,WOOMERA (PURPLE DOWNS),-30.789,136.895,SA,,9647,3039,31.5,2000-01-01,2026-05-30
16040,ROXBY DOWNS STATION,-30.704,136.753,SA,,9647,5312,55.1,2000-01-01,2026-05-30
16043,WOOMERA (SOUTH GAP STATION),-31.634,137.622,SA,,9647,9465,98.1,2000-01-01,2026-05-30
16044,TARCOOLA,-30.711,134.569,SA,,9647,0,0.0,2000-01-01,2026-05-30
16045,MOUNT CHRISTIE (TAR 397 MILE),-30.549,133.217,SA,,9647,0,0.0,2000-01-01,2026-05-30
16046,THURLGA,-32.44,135.773,SA,,9647,4144,43.0,2000-01-01,2026-05-30
16047,TODMORDEN,-27.139,134.757,SA,,9647,9471,98.2,2000-01-01,2026-05-30
16048,THE TWINS STATION,-29.996,135.391,SA,,9647,3923,40.7,2000-01-01,2026-05-30
16050,WIRRAMINNA RAILWAY STATION,-31.167,136.125,SA,,9647,0,0.0,2000-01-01,2026-05-30
16051,WIRRAPPA,-31.422,137.99,SA,,9647,0,0.0,2000-01-01,2026-05-30
16052,WOOCALLA,-31.688,137.175,SA,,9647,0,0.0,2000-01-01,2026-05-30
16054,WYNBRING SIDING (TAR 377 MILE),-30.557,133.534,SA,,9647,0,0.0,2000-01-01,2026-05-30
16055,YARDEA,-32.379,135.525,SA,,9647,9521,98.7,2000-01-01,2026-05-30
16056,YUDNAPINNA,-32.123,137.15,SA,,9647,8722,90.4,2000-01-01,2026-05-30
16057,YELTACOWIE,-31.34,137.359,SA,,9647,0,0.0,2000-01-01,2026-05-30
16059,TARCOOLA (MOBELLA),-29.811,133.36,SA,,9647,8832,91.6,2000-01-01,2026-05-30
16061,WHITTATA,-31.735,137.42,SA,,9647,0,0.0,2000-01-01,2026-05-30
16063,TARCOOLA (WILGENA DAMS),-30.728,134.684,SA,,9647,0,0.0,2000-01-01,2026-05-30
16065,ANDAMOOKA,-30.449,137.169,SA,,9647,9633,99.9,2000-01-01,2026-05-30
16066,MIRIKATA,-29.877,135.246,SA,,9647,0,0.0,2000-01-01,2026-05-30
16078,LYONS SDG (TAR 354 MILE),-30.637,133.939,SA,,9647,0,0.0,2000-01-01,2026-05-30
16081,LAKE TORRENS,-31.895,137.714,SA,,9647,0,0.0,2000-01-01,2026-05-30
16082,MOUNT BARRY STATION,-28.241,134.99,SA,,9647,9281,96.2,2000-01-01,2026-05-30
16083,HAMILTON STATION,-26.713,135.078,SA,,9647,7646,79.3,2000-01-01,2026-05-30
16085,MARLA POLICE STATION,-27.3,133.62,SA,,9647,5234,54.3,2000-01-01,2026-05-30
16086,MOONAREE (KANGAROO WELL),-31.765,135.649,SA,,9647,6556,68.0,2000-01-01,2026-05-30
16087,COOBER PEDY (INGOMAR),-29.64,134.787,SA,,9647,4109,42.6,2000-01-01,2026-05-30
16090,COOBER PEDY AIRPORT,-29.035,134.722,SA,,9647,9527,98.8,2000-01-01,2026-05-30
16093,ARCKARINGA STATION,-27.938,134.739,SA,,9647,1945,20.2,2000-01-01,2026-05-30
16096,ROXBY DOWNS (OLYMPIC DAM AERODROME),-30.487,136.874,SA,,9647,9287,96.3,2000-01-01,2026-05-30
16097,ERNABELLA (PUKATJA),-26.264,132.177,SA,,9647,8888,92.1,2000-01-01,2026-05-30
16098,TARCOOLA AERO,-30.705,134.579,SA,,9647,9494,98.4,2000-01-01,2026-05-30
17000,ABMINGA RAILWAY SIDING,-26.132,134.852,SA,,9647,0,0.0,2000-01-01,2026-05-30
17001,ALBERGA,-27.2,135.433,SA,,9647,0,0.0,2000-01-01,2026-05-30
17002,ALBERRIE CREEK,-29.627,137.537,SA,,9647,0,0.0,2000-01-01,2026-05-30
17003,ANGORICHINA HOSTEL,-31.128,138.559,SA,,9647,0,0.0,2000-01-01,2026-05-30
17004,ANNA CREEK,-28.892,136.169,SA,,9647,7955,82.5,2000-01-01,2026-05-30
17005,LEIGH CREEK AERO,-30.467,138.407,SA,,9647,0,0.0,2000-01-01,2026-05-30
17008,ARROWIE,-30.854,139.293,SA,,9647,0,0.0,2000-01-01,2026-05-30
17009,AVONDALE,-30.231,138.451,SA,,9647,0,0.0,2000-01-01,2026-05-30
17010,GAMMON RANGES (BALCANOONA),-30.533,139.303,SA,,9647,2957,30.7,2000-01-01,2026-05-30
17011,BELTANA,-30.813,138.413,SA,,9647,0,0.0,2000-01-01,2026-05-30
17012,BELTANA STATION,-30.825,138.382,SA,,9647,5393,55.9,2000-01-01,2026-05-30
17013,BERESFORD,-29.243,136.658,SA,,9647,0,0.0,2000-01-01,2026-05-30
17014,BLINMAN,-31.094,138.679,SA,,9647,9236,95.7,2000-01-01,2026-05-30
17016,CLIFTON HILLS,-27.018,138.895,SA,,9647,4859,50.4,2000-01-01,2026-05-30
17017,COMMODORE,-31.253,138.389,SA,,9647,3826,39.7,2000-01-01,2026-05-30
17018,COPLEY,-30.556,138.422,SA,,9647,0,0.0,2000-01-01,2026-05-30
17019,CORDILLO DOWNS,-26.706,140.626,SA,,9647,5018,52.0,2000-01-01,2026-05-30
17020,MUNGERANIE (COWARIE),-27.703,138.336,SA,,9647,6353,65.9,2000-01-01,2026-05-30
17021,COWARD SPRINGS,-29.402,136.811,SA,,9647,0,0.0,2000-01-01,2026-05-30
17022,MOOMBA (TANTANNA),-28.17,139.611,SA,,9647,4271,44.3,2000-01-01,2026-05-30
17023,EDWARDS CREEK,-28.332,135.848,SA,,9647,0,0.0,2000-01-01,2026-05-30
17024,MARREE (FARINA),-30.066,138.274,SA,,9647,9596,99.5,2000-01-01,2026-05-30
17025,FINNISS SPRINGS,-29.745,137.505,SA,,9647,0,0.0,2000-01-01,2026-05-30
17027,INNAMINCKA POLICE CAMP,-27.8,140.733,SA,,9647,0,0.0,2000-01-01,2026-05-30
17028,INNAMINCKA STATION,-27.724,140.763,SA,,9647,8154,84.5,2000-01-01,2026-05-30
17029,LYNDHURST POST OFFICE,-30.287,138.346,SA,,9647,0,0.0,2000-01-01,2026-05-30
17030,MACUMBA,-27.253,135.649,SA,,9647,4749,49.2,2000-01-01,2026-05-30
17031,MARREE,-29.645,138.064,SA,,9647,5479,56.8,2000-01-01,2026-05-30
17032,BLINMAN (MOOLOOLOO),-30.99,138.579,SA,,9647,8794,91.2,2000-01-01,2026-05-30
17033,MOUNT DUTTON,-27.815,135.715,SA,,9647,0,0.0,2000-01-01,2026-05-30
17034,MOUNT LYNDHURST,-30.183,138.709,SA,,9647,731,7.6,2000-01-01,2026-05-30
17035,GAMMON RANGES (MOUNT SERLE),-30.544,138.856,SA,,9647,0,0.0,2000-01-01,2026-05-30
17036,MUNGERANIE (MULKA),-28.352,138.653,SA,,9647,2149,22.3,2000-01-01,2026-05-30
17037,MULOORINA STATION (MULOORINA HOMESTEAD),-29.239,137.906,SA,,9647,9480,98.3,2000-01-01,2026-05-30
17039,MARREE (MURNPEOWIE),-29.59,139.051,SA,,9647,181,1.9,2000-01-01,2026-05-30
17040,COPLEY (MYRTLE SPRINGS),-30.451,138.216,SA,,9647,0,0.0,2000-01-01,2026-05-30
17041,BLINMAN (NARRINA),-30.937,138.892,SA,,9647,9534,98.8,2000-01-01,2026-05-30
17043,OODNADATTA AIRPORT,-27.555,135.446,SA,,9647,9371,97.1,2000-01-01,2026-05-30
17044,OODNADATTA POST OFFICE,-27.546,135.443,SA,,9647,0,0.0,2000-01-01,2026-05-30
17046,PARACHILNA,-31.134,138.395,SA,,9647,0,0.0,2000-01-01,2026-05-30
17048,GAMMON RANGES (UMBERATANA),-30.24,139.13,SA,,9647,3059,31.7,2000-01-01,2026-05-30
17052,WERTALOONA,-30.638,139.345,SA,,9647,5771,59.8,2000-01-01,2026-05-30
17053,WILLIAM CREEK,-28.906,136.339,SA,,9647,1898,19.7,2000-01-01,2026-05-30
17054,BLINMAN (WIRREALPA),-31.128,138.962,SA,,9647,8592,89.1,2000-01-01,2026-05-30
17055,MARREE (WITCHELINA STATION),-30.021,138.042,SA,,9647,8099,84.0,2000-01-01,2026-05-30
17056,GAMMON RANGES (WOOLTANA),-30.413,139.42,SA,,9647,7290,75.6,2000-01-01,2026-05-30
17060,TILCHA,-29.605,140.89,SA,,9647,0,0.0,2000-01-01,2026-05-30
17062,CADELGA,-26.09,140.407,SA,,9647,0,0.0,2000-01-01,2026-05-30
17063,KANOWANA,-27.838,139.623,SA,,9647,0,0.0,2000-01-01,2026-05-30
17065,EDIACARA,-30.398,137.903,SA,,9647,0,0.0,2000-01-01,2026-05-30
17067,MUNGERANIE,-28.018,138.664,SA,,9647,4637,48.1,2000-01-01,2026-05-30
17068,TROUDANINNA,-29.05,139.167,SA,,9647,0,0.0,2000-01-01,2026-05-30
17069,ILBUNGA,-26.422,135.033,SA,,9647,0,0.0,2000-01-01,2026-05-30
17070,MOUNT DARE,-26.07,135.247,SA,,9647,8589,89.0,2000-01-01,2026-05-30
17076,MARREE (CLAYTON),-29.278,138.382,SA,,9647,9185,95.2,2000-01-01,2026-05-30
17087,HADDON,-26.352,140.828,SA,,9647,0,0.0,2000-01-01,2026-05-30
17096,MOOMBA,-28.113,140.21,SA,,9647,1867,19.4,2000-01-01,2026-05-30
17097,BLINMAN (ANGORICHINA),-31.089,138.741,SA,,9647,9078,94.1,2000-01-01,2026-05-30
17098,PARACHILNA (MOTPENA),-31.188,138.279,SA,,9647,8902,92.3,2000-01-01,2026-05-30
17099,ARKAROOLA,-30.311,139.336,SA,,9647,9383,97.3,2000-01-01,2026-05-30
17100,BLANCHEWATER STATION,-29.55,139.467,SA,,9647,0,0.0,2000-01-01,2026-05-30
17102,COPLEY (YANKANINNA),-30.366,139.053,SA,,9647,0,0.0,2000-01-01,2026-05-30
17105,QUINYAMBIE,-30.215,140.992,SA,,9647,0,0.0,2000-01-01,2026-05-30
17106,BROUGHMAN'S GATE HOUSE (QUINYAMBIE),-30.872,140.971,SA,,9647,9030,93.6,2000-01-01,2026-05-30
17110,LEIGH CREEK AIRPORT,-30.596,138.422,SA,,9647,9482,98.3,2000-01-01,2026-05-30
17114,OODNADATTA,-27.55,135.448,SA,,9647,3695,38.3,2000-01-01,2026-05-30
17123,MOOMBA AIRPORT,-28.1,140.196,SA,,9647,9451,98.0,2000-01-01,2026-05-30
17126,MARREE AERO,-29.659,138.068,SA,,9647,9184,95.2,2000-01-01,2026-05-30
18001,ARNO BAY,-33.912,136.57,SA,,9647,8083,83.8,2000-01-01,2026-05-30
18002,PENONG (PENALUMBA),-31.831,132.626,SA,,9647,7835,81.2,2000-01-01,2026-05-30
18003,BRAMFIELD POST OFFICE,-33.625,134.998,SA,,9647,0,0.0,2000-01-01,2026-05-30
18005,YEELANA (BRIMPTON LAKE),-34.059,135.504,SA,,9647,9274,96.1,2000-01-01,2026-05-30
18006,WHYALLA (BROADVIEW STATION),-33.122,137.228,SA,,9647,3427,35.5,2000-01-01,2026-05-30
18007,YEELANA (BROOKER),-34.1,135.841,SA,,9647,9447,97.9,2000-01-01,2026-05-30
18008,BUCKLEBOO (BUCLKEBOO POST OFFICE),-32.92,136.213,SA,,9647,0,0.0,2000-01-01,2026-05-30
18009,CARAWA,-32.368,134.23,SA,,9647,0,0.0,2000-01-01,2026-05-30
18010,CARPA,-33.76,136.687,SA,,9647,0,0.0,2000-01-01,2026-05-30
18011,CEDUNA POST OFFICE,-32.127,133.673,SA,,9647,0,0.0,2000-01-01,2026-05-30
18012,CEDUNA AMO,-32.13,133.698,SA,,9647,9481,98.3,2000-01-01,2026-05-30
18013,CHANDADA POST OFFICE,-32.759,134.672,SA,,9647,0,0.0,2000-01-01,2026-05-30
18014,CLEVE,-33.701,136.494,SA,,9647,9600,99.5,2000-01-01,2026-05-30
18015,NUNDROO (COLONA),-31.627,132.067,SA,,9647,0,0.0,2000-01-01,2026-05-30
18016,COLTON (BOOLA BOOLA),-33.532,134.902,SA,,9647,0,0.0,2000-01-01,2026-05-30
18017,PORT LINCOLN (BIG SWAMP),-34.627,135.699,SA,,9647,8041,83.4,2000-01-01,2026-05-30
18018,KIMBA (CORTLINYE ROCKS STN),-33.01,136.293,SA,,9647,0,0.0,2000-01-01,2026-05-30
18019,COULTA,-34.386,135.47,SA,,9647,9520,98.7,2000-01-01,2026-05-30
18021,COURELA (CHALLNER),-32.535,134.437,SA,,9647,0,0.0,2000-01-01,2026-05-30
18022,COWELL,-33.677,136.912,SA,,9647,8810,91.3,2000-01-01,2026-05-30
18023,CUMMINS,-34.264,135.727,SA,,9647,8013,83.1,2000-01-01,2026-05-30
18024,DARKE PEAK,-33.468,136.211,SA,,9647,9590,99.4,2000-01-01,2026-05-30
18025,DENIAL BAY,-32.103,133.577,SA,,9647,0,0.0,2000-01-01,2026-05-30
18030,FOWLERS BAY,-31.99,132.437,SA,,9647,2290,23.7,2000-01-01,2026-05-30
18031,IRON KNOB (GILLES DOWNS),-32.868,137.003,SA,,9647,9269,96.1,2000-01-01,2026-05-30
18032,GLEN BOREE,-31.882,132.51,SA,,9647,0,0.0,2000-01-01,2026-05-30
18033,CEDUNA (GOODE),-31.967,133.766,SA,,9647,9159,94.9,2000-01-01,2026-05-30
18034,IRON KNOB,-32.732,137.15,SA,,9647,9079,94.1,2000-01-01,2026-05-30
18035,KAPPAWANTA,-33.669,135.277,SA,,9647,0,0.0,2000-01-01,2026-05-30
18036,KARCULTABY,-32.736,134.971,SA,,9647,9387,97.3,2000-01-01,2026-05-30
18037,KIMBA (CURTINYE),-33.186,136.559,SA,,9647,9280,96.2,2000-01-01,2026-05-30
18039,KIELPA,-33.588,136.223,SA,,9647,0,0.0,2000-01-01,2026-05-30
18040,KIMBA,-33.142,136.413,SA,,9647,9577,99.3,2000-01-01,2026-05-30
18041,KIMBA (THE PINES),-33.117,136.417,SA,,9647,0,0.0,2000-01-01,2026-05-30
18042,CEDUNA (KOONIBBA RESERVE),-31.902,133.422,SA,,9647,0,0.0,2000-01-01,2026-05-30
18043,KOPPIO,-34.414,135.822,SA,,9647,7517,77.9,2000-01-01,2026-05-30
18044,KYANCUTTA,-33.134,135.552,SA,,9647,9543,98.9,2000-01-01,2026-05-30
18045,SHERINGA (LAKE HAMILTON),-33.953,135.268,SA,,9647,8929,92.6,2000-01-01,2026-05-30
18046,LOCK,-33.568,135.756,SA,,9647,8413,87.2,2000-01-01,2026-05-30
18047,CEDUNA (MALTEE),-32.072,133.94,SA,,9647,9443,97.9,2000-01-01,2026-05-30
18048,CLEVE (MANGALO),-33.532,136.624,SA,,9647,0,0.0,2000-01-01,2026-05-30
18049,BUTLER TANKS (NORTH PARNDA),-34.12,136.161,SA,,9647,7692,79.7,2000-01-01,2026-05-30
18051,MILTALIE (HILLVIEW),-33.59,136.857,SA,,9647,0,0.0,2000-01-01,2026-05-30
18052,MINNIPA AGRICULTURAL CENTRE,-32.836,135.15,SA,,9647,545,5.6,2000-01-01,2026-05-30
18053,MINNIPA,-32.854,135.154,SA,,9647,6448,66.8,2000-01-01,2026-05-30
18054,PORT KENNY (MOUNT COOPER),-33.031,134.702,SA,,9647,5376,55.7,2000-01-01,2026-05-30
18055,MOUNT HOPE,-34.106,135.355,SA,,9647,0,0.0,2000-01-01,2026-05-30
18056,MOUNT WEDGE,-33.484,135.159,SA,,9647,7261,75.3,2000-01-01,2026-05-30
18057,MOUNT WUDINNA,-32.992,135.548,SA,,9647,9484,98.3,2000-01-01,2026-05-30
18058,WHYALLA (MULLAQUANA),-33.212,137.362,SA,,9647,7566,78.4,2000-01-01,2026-05-30
18059,WHYALLA (NONOWIE),-33.126,137.364,SA,,9647,4272,44.3,2000-01-01,2026-05-30
18060,NUNDROO,-31.778,132.204,SA,,9647,7917,82.1,2000-01-01,2026-05-30
18061,WIRRULLA (NUNJIKOMPITA),-32.269,134.336,SA,,9647,0,0.0,2000-01-01,2026-05-30
18063,PENONG,-31.932,133.006,SA,,9647,8968,93.0,2000-01-01,2026-05-30
18064,WIRRULLA (PETINA),-32.479,134.392,SA,,9647,0,0.0,2000-01-01,2026-05-30
18065,CLEVE (PINESIDE),-33.866,136.383,SA,,9647,1629,16.9,2000-01-01,2026-05-30
18066,POINT LOWLY LIGHTHOUSE,-33.003,137.785,SA,,9647,0,0.0,2000-01-01,2026-05-30
18067,PONDOOMA POST OFFICE,-33.522,137.019,SA,,9647,0,0.0,2000-01-01,2026-05-30
18068,POOCHERA,-32.723,134.837,SA,,9647,5136,53.2,2000-01-01,2026-05-30
18069,ELLISTON,-33.65,134.888,SA,,9647,9596,99.5,2000-01-01,2026-05-30
18070,PORT LINCOLN,-34.722,135.856,SA,,9647,803,8.3,2000-01-01,2026-05-30
18071,NORTH SHIELDS (PORT LINCOLN AERODROME),-34.603,135.875,SA,,9647,7126,73.9,2000-01-01,2026-05-30
18072,PORT NEILL,-34.119,136.351,SA,,9647,3712,38.5,2000-01-01,2026-05-30
18073,SMOKY BAY (PUNTABIE),-32.202,134.131,SA,,9647,2658,27.6,2000-01-01,2026-05-30
18074,ROOPENA,-32.725,137.403,SA,,9647,4901,50.8,2000-01-01,2026-05-30
18075,RUDALL,-33.69,136.268,SA,,9647,0,0.0,2000-01-01,2026-05-30
18076,SHERINGA,-33.849,135.231,SA,,9647,0,0.0,2000-01-01,2026-05-30
18077,SMOKY BAY,-32.376,133.937,SA,,9647,9295,96.4,2000-01-01,2026-05-30
18078,STOKES,-34.294,135.927,SA,,9647,0,0.0,2000-01-01,2026-05-30
18079,STREAKY BAY,-32.809,134.223,SA,,9647,9421,97.7,2000-01-01,2026-05-30
18080,TALIA,-33.317,134.867,SA,,9647,0,0.0,2000-01-01,2026-05-30
18081,LOCK (TERRE),-33.54,135.476,SA,,9647,914,9.5,2000-01-01,2026-05-30
18083,WUDINNA AERO,-33.043,135.452,SA,,9647,9316,96.6,2000-01-01,2026-05-30
18084,LOCK (CALLAMONDAH),-33.786,135.844,SA,,9647,5342,55.4,2000-01-01,2026-05-30
18085,WHYALLA (TREGALANA),-32.877,137.564,SA,,9647,3414,35.4,2000-01-01,2026-05-30
18086,TUMBY BAY,-34.375,136.102,SA,,9647,8446,87.6,2000-01-01,2026-05-30
18087,TUMBY BAY (HILLVIEW),-34.331,136.08,SA,,9647,0,0.0,2000-01-01,2026-05-30
18088,UNGARRA,-34.181,136.049,SA,,9647,6047,62.7,2000-01-01,2026-05-30
18089,WADDIKEE,-33.317,136.251,SA,,9647,9572,99.2,2000-01-01,2026-05-30
18090,WARRAMBOO,-33.242,135.598,SA,,9647,7286,75.5,2000-01-01,2026-05-30
18091,TUMBY BAY (WARRATTA VALE),-34.26,136.211,SA,,9647,9498,98.5,2000-01-01,2026-05-30
18092,PORT LINCOLN (WHITE FLAT),-34.499,135.868,SA,,9647,2918,30.2,2000-01-01,2026-05-30
18093,BUTLER (ANONA),-34.122,136.242,SA,,9647,1481,15.4,2000-01-01,2026-05-30
18094,WIRRULLA,-32.404,134.532,SA,,9647,9469,98.2,2000-01-01,2026-05-30
18095,WUDINNA,-33.046,135.46,SA,,9647,4635,48.0,2000-01-01,2026-05-30
18096,CLEVE (PINEVIEW),-33.682,136.683,SA,,9647,7656,79.4,2000-01-01,2026-05-30
18097,PORT KENNY (YANDRA),-32.961,134.595,SA,,9647,3372,35.0,2000-01-01,2026-05-30
18098,YANINEE,-32.947,135.275,SA,,9647,8940,92.7,2000-01-01,2026-05-30
18099,YEELANNA,-34.132,135.73,SA,,9647,8452,87.6,2000-01-01,2026-05-30
18100,KIMBA (YELTANA),-32.863,136.435,SA,,9647,1268,13.1,2000-01-01,2026-05-30
18101,KOONGAWA (RETAWON),-33.172,135.912,SA,,9647,7838,81.2,2000-01-01,2026-05-30
18103,WHYALLA (NORRIE),-33.03,137.533,SA,,9647,551,5.7,2000-01-01,2026-05-30
18104,YALLUNDA FLAT (MEETIGILLY),-34.349,135.898,SA,,9647,9093,94.3,2000-01-01,2026-05-30
18105,DENIAL BAY (NADIA),-32.082,133.472,SA,,9647,0,0.0,2000-01-01,2026-05-30
18106,NULLARBOR,-31.449,130.898,SA,,9647,9553,99.0,2000-01-01,2026-05-30
18107,PORT LINCOLN (WOOLGA),-34.591,135.757,SA,,9647,9166,95.0,2000-01-01,2026-05-30
18108,OOLDEA RAILWAY,-30.459,131.683,SA,,9647,0,0.0,2000-01-01,2026-05-30
18110,COOK,-30.614,130.414,SA,,9647,5871,60.9,2000-01-01,2026-05-30
18112,BARTON,-30.518,132.653,SA,,9647,0,0.0,2000-01-01,2026-05-30
18113,WHARMINDA,-33.965,136.247,SA,,9647,9159,94.9,2000-01-01,2026-05-30
18114,MARALINGA,-30.159,131.579,SA,,9647,5724,59.3,2000-01-01,2026-05-30
18116,CLEVE AERODROME,-33.708,136.503,SA,,9647,9473,98.2,2000-01-01,2026-05-30
18117,WHYALLA (MOOLA),-33.109,137.173,SA,,9647,5086,52.7,2000-01-01,2026-05-30
18118,HASLAM,-32.507,134.214,SA,,9647,7498,77.7,2000-01-01,2026-05-30
18120,WHYALLA AERO,-33.054,137.521,SA,,9647,9550,99.0,2000-01-01,2026-05-30
18137,PORT LINCOLN (WESTMERE),-34.833,135.698,SA,,9647,9156,94.9,2000-01-01,2026-05-30
18139,POLDA (GUM VIEW),-33.508,135.293,SA,,9647,1808,18.7,2000-01-01,2026-05-30
18140,WHITE WELL,-31.434,131.002,SA,,9647,0,0.0,2000-01-01,2026-05-30
18145,IMMARNA,-30.5,132.149,SA,,9647,0,0.0,2000-01-01,2026-05-30
18147,HUGHES,-30.713,129.512,SA,,9647,0,0.0,2000-01-01,2026-05-30
18148,WATSON,-30.483,131.517,SA,,9647,0,0.0,2000-01-01,2026-05-30
18150,PORT KENNY,-33.17,134.692,SA,,9647,9138,94.7,2000-01-01,2026-05-30
18161,YALATA COMMUNITY,-31.481,131.839,SA,,9647,191,2.0,2000-01-01,2026-05-30
18162,COURELA (LINDARNOE),-32.542,134.385,SA,,9647,4618,47.9,2000-01-01,2026-05-30
18163,NUNDROO (COORABIE),-31.903,132.299,SA,,9647,1049,10.9,2000-01-01,2026-05-30
18164,MURDINGA (MUNGALA),-33.699,135.924,SA,,9647,9110,94.4,2000-01-01,2026-05-30
18165,LOCK (TERRAH WINDS),-33.573,135.602,SA,,9647,9539,98.9,2000-01-01,2026-05-30
18166,WIRRULLA (PIMBENA),-32.28,134.473,SA,,9647,9535,98.8,2000-01-01,2026-05-30
18167,WUDINNA (LOOKOUT),-33.098,135.353,SA,,9647,6536,67.8,2000-01-01,2026-05-30
18170,KYANCUTTA (KYANBRAE),-33.14,135.726,SA,,9647,6072,62.9,2000-01-01,2026-05-30
18171,MOUNT HOPE (FAIRVIEW),-34.136,135.332,SA,,9647,9160,95.0,2000-01-01,2026-05-30
18172,BUCKLEBOO (HI-VIEW),-32.921,136.0,SA,,9647,9495,98.4,2000-01-01,2026-05-30
18174,RUDALL (SWAFFPRO),-33.723,136.151,SA,,9647,9470,98.2,2000-01-01,2026-05-30
18175,BUTLER (MOODY VALE),-34.039,136.011,SA,,9647,5834,60.5,2000-01-01,2026-05-30
18176,COWELL (WINTER SPRINGS),-33.342,136.752,SA,,9647,9622,99.7,2000-01-01,2026-05-30
18177,KIMBA (MELALEUCA),-33.075,136.092,SA,,9647,7557,78.3,2000-01-01,2026-05-30
18181,PORT LINCOLN (TOD RIVER),-34.491,135.851,SA,,9647,0,0.0,2000-01-01,2026-05-30
18182,CEDUNA (UWORRA),-31.966,133.332,SA,,9647,9568,99.2,2000-01-01,2026-05-30
18184,CLEVE (NINGANA),-33.612,136.372,SA,,9647,9510,98.6,2000-01-01,2026-05-30
18186,SIAM,-32.553,136.712,SA,,9647,7718,80.0,2000-01-01,2026-05-30
18187,KIMBA (CHURINGA),-32.959,136.489,SA,,9647,1700,17.6,2000-01-01,2026-05-30
18189,ELLISTON (LAMBING STATION),-33.752,135.186,SA,,9647,9546,99.0,2000-01-01,2026-05-30
18191,COULTA (COLES POINT),-34.375,135.374,SA,,9647,5866,60.8,2000-01-01,2026-05-30
18192,NORTH SHIELDS (PORT LINCOLN AWS),-34.599,135.878,SA,,9647,9414,97.6,2000-01-01,2026-05-30
18193,KIMBA (CORTLINYE),-33.027,136.317,SA,,9647,9518,98.7,2000-01-01,2026-05-30
18195,MINNIPA PIRSA,-32.843,135.151,SA,,9647,9125,94.6,2000-01-01,2026-05-30
18201,PORT AUGUSTA AERO,-32.507,137.717,SA,,9647,8882,92.1,2000-01-01,2026-05-30
18203,TUMBY BAY (YADNARIE),-34.344,136.047,SA,,9647,9414,97.6,2000-01-01,2026-05-30
19000,AMYTON (PINDA SECTION 63),-32.603,138.352,SA,,9647,0,0.0,2000-01-01,2026-05-30
19001,APPILA,-33.052,138.428,SA,,9647,9554,99.0,2000-01-01,2026-05-30
19002,QUORN (DEPOT FLAT),-32.251,137.978,SA,,9647,9380,97.2,2000-01-01,2026-05-30
19003,OLD BARATTA HOMESTEAD,-31.977,139.105,SA,,9647,0,0.0,2000-01-01,2026-05-30
19004,BELTON (SHADOW VALE),-32.242,138.71,SA,,9647,5170,53.6,2000-01-01,2026-05-30
19005,ORROROO (BLACK ROCK),-32.825,138.691,SA,,9647,9388,97.3,2000-01-01,2026-05-30
19006,BOOLEROO CENTRE,-32.881,138.352,SA,,9647,9531,98.8,2000-01-01,2026-05-30
19007,BOOLEROO (WIMONT),-32.778,138.341,SA,,9647,2393,24.8,2000-01-01,2026-05-30
19008,BRUCE,-32.462,138.2,SA,,9647,9472,98.2,2000-01-01,2026-05-30
19009,CARRIETON,-32.424,138.53,SA,,9647,6464,67.0,2000-01-01,2026-05-30
19010,CRADOCK,-32.069,138.495,SA,,9647,7517,77.9,2000-01-01,2026-05-30
19011,MURRAY TOWN (DOUGHBOY CREEK),-32.921,138.22,SA,,9647,4234,43.9,2000-01-01,2026-05-30
19012,ORROROO (KYLMORN),-32.705,138.78,SA,,9647,9411,97.6,2000-01-01,2026-05-30
19013,EURELIA (AILERUE),-32.537,138.563,SA,,9647,8634,89.5,2000-01-01,2026-05-30
19014,DAWSON (ANDA-VALE),-32.804,138.922,SA,,9647,9364,97.1,2000-01-01,2026-05-30
19015,CRADOCK (KANYAKA),-32.113,138.283,SA,,9647,619,6.4,2000-01-01,2026-05-30
19016,HAMMOND,-32.52,138.315,SA,,9647,525,5.4,2000-01-01,2026-05-30
19017,HAWKER,-31.904,138.439,SA,,9647,9456,98.0,2000-01-01,2026-05-30
19018,HAWKER (HOLOWILIENA),-31.878,138.837,SA,,9647,9518,98.7,2000-01-01,2026-05-30
19019,HOOKINA,-31.759,138.33,SA,,9647,0,0.0,2000-01-01,2026-05-30
19020,HORSESHOE RANGES,-32.333,138.383,SA,,9647,0,0.0,2000-01-01,2026-05-30
19021,JOHNBURGH POST OFFICE,-32.456,138.705,SA,,9647,0,0.0,2000-01-01,2026-05-30
19023,MANNANARIE POST OFFICE,-33.045,138.618,SA,,9647,0,0.0,2000-01-01,2026-05-30
19024,MELROSE,-32.827,138.189,SA,,9647,7110,73.7,2000-01-01,2026-05-30
19025,MORCHARD (THE ROCKS),-32.765,138.506,SA,,9647,9514,98.6,2000-01-01,2026-05-30
19026,MUNDALLIO,-32.469,137.882,SA,,9647,0,0.0,2000-01-01,2026-05-30
19027,NACKARA,-32.8,139.233,SA,,9647,0,0.0,2000-01-01,2026-05-30
19029,PORT AUGUSTA (NECTAR BROOK),-32.694,137.959,SA,,9647,0,0.0,2000-01-01,2026-05-30
19030,QUORN (OLIVE GROVE),-32.468,138.016,SA,,9647,5031,52.2,2000-01-01,2026-05-30
19031,OODLA WIRRA,-32.885,139.06,SA,,9647,9324,96.7,2000-01-01,2026-05-30
19032,ORROROO,-32.733,138.613,SA,,9647,8827,91.5,2000-01-01,2026-05-30
19033,TEROWIE (PARNAROO SECT 50),-33.027,139.101,SA,,9647,0,0.0,2000-01-01,2026-05-30
19034,PETERBOROUGH,-32.974,138.838,SA,,9647,7493,77.7,2000-01-01,2026-05-30
19035,PORT AUGUSTA RAILWAY STATION,-32.496,137.764,SA,,9647,0,0.0,2000-01-01,2026-05-30
19036,PORT AUGUSTA POST OFFICE,-32.5,137.767,SA,,9647,0,0.0,2000-01-01,2026-05-30
19037,PORT GERMEIN,-33.022,138.0,SA,,9647,9595,99.5,2000-01-01,2026-05-30
19038,QUORN,-32.354,138.037,SA,,9647,9303,96.4,2000-01-01,2026-05-30
19039,WILMINGTON (RANGE VUE),-32.542,138.112,SA,,9647,0,0.0,2000-01-01,2026-05-30
19040,QUORN (ROUND HILL),-32.311,138.256,SA,,9647,0,0.0,2000-01-01,2026-05-30
19041,PORT AUGUSTA (SALTIA),-32.461,137.942,SA,,9647,0,0.0,2000-01-01,2026-05-30
19042,MELROSE (PARA GUMS),-32.845,138.212,SA,,9647,9531,98.8,2000-01-01,2026-05-30
19043,TARCOWIE,-32.95,138.517,SA,,9647,9383,97.3,2000-01-01,2026-05-30
19044,PORT GERMEIN (TELOWIE),-33.062,138.055,SA,,9647,0,0.0,2000-01-01,2026-05-30
19045,UCOLTA POST OFFICE,-32.951,138.965,SA,,9647,0,0.0,2000-01-01,2026-05-30
19046,HAWKER (WARCOWIE),-31.775,138.653,SA,,9647,9412,97.6,2000-01-01,2026-05-30
19047,BOOLEROO CENTRE (WILLOWIE),-32.692,138.325,SA,,9647,9401,97.4,2000-01-01,2026-05-30
19048,WILMINGTON,-32.652,138.1,SA,,9647,9427,97.7,2000-01-01,2026-05-30
19049,WILPENA HEAD STATION,-31.517,138.612,SA,,9647,0,0.0,2000-01-01,2026-05-30
19050,HAWKER (WILSON),-31.988,138.342,SA,,9647,7819,81.1,2000-01-01,2026-05-30
19051,WINNONOWIE RAILWAY SIDING,-32.617,137.908,SA,,9647,0,0.0,2000-01-01,2026-05-30
19052,WIRRABARA,-33.034,138.269,SA,,9647,9414,97.6,2000-01-01,2026-05-30
19053,WIRRABARA FOREST,-33.086,138.212,SA,,9647,8162,84.6,2000-01-01,2026-05-30
19056,CARRIETON (YACKARA),-32.31,138.523,SA,,9647,0,0.0,2000-01-01,2026-05-30
19057,ORROROO (YALPARA),-32.552,138.869,SA,,9647,9256,95.9,2000-01-01,2026-05-30
19058,CARRIETON (YANYARRIE),-32.329,138.471,SA,,9647,0,0.0,2000-01-01,2026-05-30
19059,PORT AUGUSTA (YARLEY),-32.289,137.827,SA,,9647,0,0.0,2000-01-01,2026-05-30
19060,YATINA,-32.933,138.667,SA,,9647,0,0.0,2000-01-01,2026-05-30
19061,CRADOCK (YEDNALUE),-32.054,138.643,SA,,9647,9583,99.3,2000-01-01,2026-05-30
19062,YONGALA,-33.028,138.756,SA,,9647,9466,98.1,2000-01-01,2026-05-30
19066,PORT AUGUSTA POWER STATION,-32.528,137.79,SA,,9647,0,0.0,2000-01-01,2026-05-30
19069,MORCHARD,-32.722,138.492,SA,,9647,0,0.0,2000-01-01,2026-05-30
19070,WILPENA POUND,-31.529,138.609,SA,,9647,6745,69.9,2000-01-01,2026-05-30
19072,AMYTON EAST,-32.55,138.417,SA,,9647,0,0.0,2000-01-01,2026-05-30
19080,CARRIETON (PAMATTA),-32.314,138.64,SA,,9647,0,0.0,2000-01-01,2026-05-30
19081,STIRLING NORTH RAILWAY SIDING,-32.503,137.81,SA,,9647,0,0.0,2000-01-01,2026-05-30
19095,CARRIETON (OAKBURNE),-32.465,138.758,SA,,9647,3245,33.6,2000-01-01,2026-05-30
19098,CARRIETON (GLENROY ESTATE),-32.255,138.638,SA,,9647,6766,70.1,2000-01-01,2026-05-30
19102,PORT GERMEIN (BAROOTA RESERVOIR),-32.923,138.059,SA,,9647,0,0.0,2000-01-01,2026-05-30
19103,WILMINGTON (STONEHAVEN),-32.668,138.158,SA,,9647,6699,69.4,2000-01-01,2026-05-30
19106,OODLA WIRRA (MCCOYS WELL),-32.627,139.192,SA,,9647,8709,90.3,2000-01-01,2026-05-30
19108,HAMMOND (COONATTO),-32.496,138.373,SA,,9647,8970,93.0,2000-01-01,2026-05-30
19111,MARTINS WELL,-31.476,139.113,SA,,9647,9392,97.4,2000-01-01,2026-05-30
19113,EDEOWIE,-31.448,138.453,SA,,9647,9521,98.7,2000-01-01,2026-05-30
20000,BIMBOWRIE,-32.05,140.162,SA,,9647,9261,96.0,2000-01-01,2026-05-30
20001,BOOLCOOMATTA,-31.97,140.544,SA,,9647,8943,92.7,2000-01-01,2026-05-30
20002,COCKBURN,-32.076,140.997,SA,,9647,8454,87.6,2000-01-01,2026-05-30
20004,CURNOMONA (CURNAMONA),-31.652,139.549,SA,,9647,8280,85.8,2000-01-01,2026-05-30
20005,ERUDINA,-31.478,139.386,SA,,9647,5725,59.3,2000-01-01,2026-05-30
20006,FROME DOWNS,-31.22,139.776,SA,,9647,2880,29.9,2000-01-01,2026-05-30
20007,KALABITY,-31.917,140.317,SA,,9647,0,0.0,2000-01-01,2026-05-30
20008,KOOMOOLOO,-33.567,139.7,SA,,9647,0,0.0,2000-01-01,2026-05-30
20009,KOOMOOLOO STATION,-33.55,139.6,SA,,9647,0,0.0,2000-01-01,2026-05-30
20010,KOONAMORE,-32.065,139.382,SA,,9647,8274,85.8,2000-01-01,2026-05-30
20011,LAKE DISMAL,-32.05,140.917,SA,,9647,0,0.0,2000-01-01,2026-05-30
20012,LILYDALE,-32.957,139.972,SA,,9647,5177,53.7,2000-01-01,2026-05-30
20013,MANNA HILL,-32.429,139.989,SA,,9647,8942,92.7,2000-01-01,2026-05-30
20014,MINGARY,-32.133,140.75,SA,,9647,0,0.0,2000-01-01,2026-05-30
20015,MANNA HILL (FOUR BROTHERS),-32.212,139.719,SA,,9647,2544,26.4,2000-01-01,2026-05-30
20016,MULYUNGARIE,-31.554,140.792,SA,,9647,5722,59.3,2000-01-01,2026-05-30
20017,MUTOOROO,-32.447,140.923,SA,,9647,9454,98.0,2000-01-01,2026-05-30
20018,OAKBANK HOMESTEAD,-33.05,140.583,SA,,9647,0,0.0,2000-01-01,2026-05-30
20019,OLARY,-32.283,140.326,SA,,9647,214,2.2,2000-01-01,2026-05-30
20020,YUNTA (PANARAMITEE),-32.642,139.65,SA,,9647,9532,98.8,2000-01-01,2026-05-30
20021,YUNTA (PARATOO),-32.727,139.4,SA,,9647,5215,54.1,2000-01-01,2026-05-30
20022,STURT VALE,-33.246,140.035,SA,,9647,8796,91.2,2000-01-01,2026-05-30
20023,WAUKARINGA,-32.3,139.45,SA,,9647,0,0.0,2000-01-01,2026-05-30
20024,YUNTA (WINNININNIE STATION),-32.473,139.71,SA,,9647,6529,67.7,2000-01-01,2026-05-30
20025,WOOLGANGI,-33.501,139.515,SA,,9647,9535,98.8,2000-01-01,2026-05-30
20026,YUNTA,-32.582,139.561,SA,,9647,0,0.0,2000-01-01,2026-05-30
20028,GLUEPOT RESERVE (GLUEPOT),-33.762,140.125,SA,,9647,9618,99.7,2000-01-01,2026-05-30
20032,CANEGRASS,-33.583,140.017,SA,,9647,0,0.0,2000-01-01,2026-05-30
20043,BRAEMAR,-33.187,139.621,SA,,9647,9205,95.4,2000-01-01,2026-05-30
20045,DANGGALI CONSERVATION PARK (HYPURNA),-33.563,140.931,SA,,9647,3611,37.4,2000-01-01,2026-05-30
20048,MANNA HILL (WADNAMINGA),-32.493,140.23,SA,,9647,8675,89.9,2000-01-01,2026-05-30
20049,MOOLEULOOLOO,-31.638,140.513,SA,,9647,9426,97.7,2000-01-01,2026-05-30
20050,PLUMBAGO,-32.062,139.887,SA,,9647,7709,79.9,2000-01-01,2026-05-30
20052,MOUNT VICTOR,-32.057,139.619,SA,,9647,7073,73.3,2000-01-01,2026-05-30
20053,COCKBURN (TEPCO),-32.17,140.796,SA,,9647,9406,97.5,2000-01-01,2026-05-30
20062,YUNTA AIRSTRIP,-32.571,139.565,SA,,9647,9396,97.4,2000-01-01,2026-05-30
21000,BRINKWORTH (ANAMA PARK),-33.732,138.492,SA,,9647,5286,54.8,2000-01-01,2026-05-30
21001,AUBURN,-34.026,138.685,SA,,9647,7776,80.6,2000-01-01,2026-05-30
21002,BALAKLAVA,-34.142,138.423,SA,,9647,8311,86.2,2000-01-01,2026-05-30
21003,BLYTH,-33.846,138.489,SA,,9647,8351,86.6,2000-01-01,2026-05-30
21004,BOOBOROWIE,-33.564,138.76,SA,,9647,8068,83.6,2000-01-01,2026-05-30
21006,GLADSTONE (BOOYOOLEE),-33.267,138.35,SA,,9647,0,0.0,2000-01-01,2026-05-30
21007,BRINKWORTH,-33.69,138.404,SA,,9647,8042,83.4,2000-01-01,2026-05-30
21008,BUNDALEER FOREST RESERVE,-33.276,138.575,SA,,9647,0,0.0,2000-01-01,2026-05-30
21009,SPALDING (BUNDALEER RESERVOIR),-33.466,138.541,SA,,9647,6043,62.6,2000-01-01,2026-05-30
21010,BRINKWORTH (BUNGAREE),-33.746,138.562,SA,,9647,9613,99.6,2000-01-01,2026-05-30
21011,BURRA (KOORINGA),-33.683,138.933,SA,,9647,0,0.0,2000-01-01,2026-05-30
21012,BUTE,-33.857,138.007,SA,,9647,8531,88.4,2000-01-01,2026-05-30
21013,CALTOWIE,-33.185,138.473,SA,,9647,8052,83.5,2000-01-01,2026-05-30
21014,CLARE POST OFFICE,-33.836,138.613,SA,,9647,0,0.0,2000-01-01,2026-05-30
21015,SNOWTOWN (CONDOWIE),-33.705,138.293,SA,,9647,9566,99.2,2000-01-01,2026-05-30
21016,CRYSTAL BROOK,-33.353,138.206,SA,,9647,8857,91.8,2000-01-01,2026-05-30
21017,TEROWIE (CURTFORTH),-33.167,138.983,SA,,9647,0,0.0,2000-01-01,2026-05-30
21019,FARRELL FLAT,-33.831,138.792,SA,,9647,9106,94.4,2000-01-01,2026-05-30
21020,GEORGETOWN,-33.359,138.393,SA,,9647,9000,93.3,2000-01-01,2026-05-30
21021,GLADSTONE,-33.27,138.356,SA,,9647,8921,92.5,2000-01-01,2026-05-30
21022,GULNARE,-33.469,138.443,SA,,9647,9124,94.6,2000-01-01,2026-05-30
21023,HALLETT,-33.41,138.89,SA,,9647,6282,65.1,2000-01-01,2026-05-30
21024,HALLETT (LORRAINE),-33.459,138.748,SA,,9647,8658,89.7,2000-01-01,2026-05-30
21025,CLARE (HILL RIVER),-33.835,138.653,SA,,9647,9406,97.5,2000-01-01,2026-05-30
21026,HOYLETON,-34.039,138.558,SA,,9647,4687,48.6,2000-01-01,2026-05-30
21027,JAMESTOWN,-33.204,138.606,SA,,9647,8363,86.7,2000-01-01,2026-05-30
21028,HALLETT (KETCHOWLA),-33.292,139.216,SA,,9647,0,0.0,2000-01-01,2026-05-30
21029,KOOLUNGA,-33.587,138.333,SA,,9647,9458,98.0,2000-01-01,2026-05-30
21031,LAURA,-33.185,138.3,SA,,9647,8184,84.8,2000-01-01,2026-05-30
21032,LOCHIEL SALTWORKS,-33.921,138.163,SA,,9647,163,1.7,2000-01-01,2026-05-30
21033,MINTARO,-33.914,138.72,SA,,9647,9375,97.2,2000-01-01,2026-05-30
21034,MOUNT BRYAN,-33.559,138.903,SA,,9647,8615,89.3,2000-01-01,2026-05-30
21035,MOUNT TEMPLETON (GLENALBYN),-34.026,138.317,SA,,9647,5373,55.7,2000-01-01,2026-05-30
21036,MUNDOORA,-33.595,138.085,SA,,9647,8719,90.4,2000-01-01,2026-05-30
21037,NARRIDY POST OFFICE,-33.428,138.302,SA,,9647,0,0.0,2000-01-01,2026-05-30
21038,TEROWIE (NEATHVALE),-33.176,138.889,SA,,9647,0,0.0,2000-01-01,2026-05-30
21039,BUTE (NINNES),-33.969,138.019,SA,,9647,0,0.0,2000-01-01,2026-05-30
21040,PANDAPPA HOMESTEAD,-33.171,139.166,SA,,9647,0,0.0,2000-01-01,2026-05-30
21041,BURRA (POONUNDA),-33.562,139.098,SA,,9647,4479,46.4,2000-01-01,2026-05-30
21042,PORT BROUGHTON,-33.603,137.935,SA,,9647,9247,95.9,2000-01-01,2026-05-30
21043,PORT PIRIE NYRSTAR COMPARISON,-33.171,138.01,SA,,9647,4613,47.8,2000-01-01,2026-05-30
21044,PORT WAKEFIELD,-34.185,138.148,SA,,9647,9005,93.3,2000-01-01,2026-05-30
21045,REDHILL,-33.541,138.224,SA,,9647,8091,83.9,2000-01-01,2026-05-30
21046,SNOWTOWN,-33.784,138.213,SA,,9647,547,5.7,2000-01-01,2026-05-30
21047,SPALDING,-33.5,138.609,SA,,9647,7529,78.0,2000-01-01,2026-05-30
21048,WATERVALE (SPRINGVALE),-33.956,138.652,SA,,9647,0,0.0,2000-01-01,2026-05-30
21049,BELALIE NORTH (TEECARNEE),-33.146,138.722,SA,,9647,0,0.0,2000-01-01,2026-05-30
21050,TEROWIE,-33.151,138.92,SA,,9647,6133,63.6,2000-01-01,2026-05-30
21051,HALLETT (ULOOLOO RAILWAY SIDING),-33.339,138.887,SA,,9647,0,0.0,2000-01-01,2026-05-30
21052,WANDEARAH EAST POST OFFICE,-33.385,138.061,SA,,9647,0,0.0,2000-01-01,2026-05-30
21053,WANDEARAH NORTH,-33.353,138.031,SA,,9647,0,0.0,2000-01-01,2026-05-30
21054,WATERVALE,-33.961,138.645,SA,,9647,5660,58.7,2000-01-01,2026-05-30
21055,WHYTE YARCOWIE,-33.23,138.884,SA,,9647,7690,79.7,2000-01-01,2026-05-30
21056,HALLETT (WILLOGOLECHE),-33.412,138.873,SA,,9647,0,0.0,2000-01-01,2026-05-30
21057,YACKA,-33.571,138.45,SA,,9647,9579,99.3,2000-01-01,2026-05-30
21058,SPALDING (YAKILO),-33.538,138.674,SA,,9647,0,0.0,2000-01-01,2026-05-30
21059,HILLTOWN,-33.687,138.638,SA,,9647,8979,93.1,2000-01-01,2026-05-30
21060,JAMESTOWN PIRSA,-33.203,138.602,SA,,9647,7623,79.0,2000-01-01,2026-05-30
21062,HALLETT (OLD CANOWIE),-33.304,138.755,SA,,9647,9419,97.6,2000-01-01,2026-05-30
21067,HALLETT (ASHROSE),-33.411,138.818,SA,,9647,8600,89.1,2000-01-01,2026-05-30
21069,ANDREWS (GERALKA),-33.618,138.577,SA,,9647,3710,38.5,2000-01-01,2026-05-30
21072,HUDDLESTON (WILLOW PONDS),-33.327,138.317,SA,,9647,9532,98.8,2000-01-01,2026-05-30
21073,KYBUNGA (CLOVERLEA),-33.929,138.545,SA,,9647,5539,57.4,2000-01-01,2026-05-30
21075,CLARE (CALCANNIA),-33.746,138.606,SA,,9647,9608,99.6,2000-01-01,2026-05-30
21076,MANOORA (COOINDA),-33.931,138.814,SA,,9647,9615,99.7,2000-01-01,2026-05-30
21077,BURRA COMMUNITY SCHOOL,-33.678,138.937,SA,,9647,9270,96.1,2000-01-01,2026-05-30
21084,PORT PIRIE (VALENCIA),-33.32,138.013,SA,,9647,0,0.0,2000-01-01,2026-05-30
21085,HALLETT (ULOOLOO),-33.339,138.924,SA,,9647,6467,67.0,2000-01-01,2026-05-30
21086,BURRA (WORLDS END),-33.835,139.074,SA,,9647,4917,51.0,2000-01-01,2026-05-30
21100,BURRA (LEIGHTON),-33.654,138.826,SA,,9647,9216,95.5,2000-01-01,2026-05-30
21101,SNOWTOWN (BANYULA),-33.702,138.103,SA,,9647,8305,86.1,2000-01-01,2026-05-30
21102,NUROM (RIVERSIDE FARM),-33.35,138.102,SA,,9647,9579,99.3,2000-01-01,2026-05-30
21104,BALAKLAVA (WANAPPE),-33.996,138.454,SA,,9647,9561,99.1,2000-01-01,2026-05-30
21106,BOWILLIA,-33.953,138.39,SA,,9647,9278,96.2,2000-01-01,2026-05-30
21108,PORT BROUGHTON (WANDEARAH),-33.458,137.984,SA,,9647,6517,67.6,2000-01-01,2026-05-30
21110,TICKERA,-33.788,137.707,SA,,9647,9394,97.4,2000-01-01,2026-05-30
21114,BEETALOO RESERVOIR OLD SITE,-33.19,138.213,SA,,9647,0,0.0,2000-01-01,2026-05-30
21115,MUNDOORA (BARUNGA NORTH),-33.692,138.133,SA,,9647,9097,94.3,2000-01-01,2026-05-30
21120,WHYTE-YARCOWIE (GUM PARK),-33.255,138.787,SA,,9647,9536,98.8,2000-01-01,2026-05-30
21121,APOINGA (WILIVERE),-33.959,138.933,SA,,9647,9031,93.6,2000-01-01,2026-05-30
21124,LAURA (BEETALOO RESERVOIR),-33.196,138.22,SA,,9647,4724,49.0,2000-01-01,2026-05-30
21131,CLARE HIGH SCHOOL,-33.823,138.593,SA,,9647,9436,97.8,2000-01-01,2026-05-30
21133,SNOWTOWN (RAYVILLE PARK),-33.767,138.218,SA,,9647,9422,97.7,2000-01-01,2026-05-30
22000,ARDROSSAN,-34.423,137.917,SA,,9647,6661,69.0,2000-01-01,2026-05-30
22001,BRENTWOOD POST OFFICE,-34.867,137.5,SA,,9647,0,0.0,2000-01-01,2026-05-30
22002,CORNY POINT,-34.915,137.062,SA,,9647,4192,43.5,2000-01-01,2026-05-30
22003,CURRAMULKA,-34.698,137.712,SA,,9647,9112,94.5,2000-01-01,2026-05-30
22004,EDITHBURGH POST OFFICE,-35.087,137.743,SA,,9647,1348,14.0,2000-01-01,2026-05-30
22006,KADINA,-33.955,137.695,SA,,9647,2035,21.1,2000-01-01,2026-05-30
22007,MAITLAND (WOODBURLIE),-34.317,137.533,SA,,9647,0,0.0,2000-01-01,2026-05-30
22008,MAITLAND,-34.374,137.673,SA,,9647,9335,96.8,2000-01-01,2026-05-30
22009,MINLATON,-34.771,137.595,SA,,9647,8065,83.6,2000-01-01,2026-05-30
22010,MAITLAND (KILKERRAN),-34.332,137.59,SA,,9647,8881,92.1,2000-01-01,2026-05-30
22011,MOONTA,-34.067,137.593,SA,,9647,8540,88.5,2000-01-01,2026-05-30
22012,PASKEVILLE,-34.04,137.9,SA,,9647,9343,96.8,2000-01-01,2026-05-30
22013,PORT VICTORIA,-34.494,137.484,SA,,9647,7931,82.2,2000-01-01,2026-05-30
22014,PORT VINCENT,-34.777,137.857,SA,,9647,8773,90.9,2000-01-01,2026-05-30
22015,PRICE,-34.297,138.001,SA,,9647,7095,73.5,2000-01-01,2026-05-30
22016,SANDILANDS,-34.52,137.773,SA,,9647,7723,80.1,2000-01-01,2026-05-30
22017,STANSBURY,-34.912,137.798,SA,,9647,7858,81.5,2000-01-01,2026-05-30
22018,WAROOKA,-34.991,137.399,SA,,9647,8876,92.0,2000-01-01,2026-05-30
22019,MAITLAND (WEETULTA),-34.243,137.591,SA,,9647,4042,41.9,2000-01-01,2026-05-30
22020,WALLAROO,-33.928,137.64,SA,,9647,8736,90.6,2000-01-01,2026-05-30
22021,ARDROSSAN (WINULTA),-34.278,137.861,SA,,9647,7897,81.9,2000-01-01,2026-05-30
22022,PORT CLINTON (YARAROO),-34.145,138.015,SA,,9647,9529,98.8,2000-01-01,2026-05-30
22023,YORKETOWN,-35.019,137.6,SA,,9647,8188,84.9,2000-01-01,2026-05-30
22031,MINLATON AERO,-34.748,137.528,SA,,9647,9055,93.9,2000-01-01,2026-05-30
22032,ARDROSSAN (MULARA),-34.568,137.822,SA,,9647,4034,41.8,2000-01-01,2026-05-30
22033,ARDROSSAN (VITANA),-34.472,137.885,SA,,9647,9357,97.0,2000-01-01,2026-05-30
22036,MINLATON (EVERSLEY),-34.749,137.63,SA,,9647,9556,99.1,2000-01-01,2026-05-30
22037,PETERSVILLE,-34.369,137.797,SA,,9647,6952,72.1,2000-01-01,2026-05-30
22039,ARTHURTON (LOWANDALE),-34.297,137.713,SA,,9647,6780,70.3,2000-01-01,2026-05-30
22044,PORT CLINTON (KADDYINNA),-34.239,137.988,SA,,9647,9413,97.6,2000-01-01,2026-05-30
22046,EDITHBURGH,-35.112,137.739,SA,,9647,9417,97.6,2000-01-01,2026-05-30
22049,STENHOUSE BAY,-35.279,136.939,SA,,9647,9498,98.5,2000-01-01,2026-05-30
22800,AMERICAN RIVER,-35.783,137.77,SA,,9647,7081,73.4,2000-01-01,2026-05-30
22801,CAPE BORDA COMPARISON,-35.753,136.594,SA,,9647,2767,28.7,2000-01-01,2026-05-30
22802,CAPE DE COUEDIC,-36.067,136.7,SA,,9647,0,0.0,2000-01-01,2026-05-30
22803,CAPE WILLOUGHBY,-35.843,138.133,SA,,9647,9204,95.4,2000-01-01,2026-05-30
22805,CYGNET RIVER,-35.7,137.533,SA,,9647,0,0.0,2000-01-01,2026-05-30
22806,MURRAYS LAGOON (BAYSIDE),-35.927,137.292,SA,,9647,5529,57.3,2000-01-01,2026-05-30
22807,KINGSCOTE,-35.656,137.638,SA,,9647,5046,52.3,2000-01-01,2026-05-30
22808,KINGSCOTE (KARINGA),-35.821,137.53,SA,,9647,8244,85.5,2000-01-01,2026-05-30
22809,PENNESHAW,-35.72,137.934,SA,,9647,6830,70.8,2000-01-01,2026-05-30
22810,PENNESHAW 2,-35.7,137.9,SA,,9647,0,0.0,2000-01-01,2026-05-30
22811,SMITH BAY (SMITHS BAY),-35.599,137.439,SA,,9647,9282,96.2,2000-01-01,2026-05-30
22812,WESTERN RIVER,-35.684,136.97,SA,,9647,0,0.0,2000-01-01,2026-05-30
22813,WILLSONS RIVER,-35.817,137.983,SA,,9647,0,0.0,2000-01-01,2026-05-30
22814,PARNDANA EAST RESEARCH STATION,-35.8,137.333,SA,,9647,0,0.0,2000-01-01,2026-05-30
22815,PARNDANA (PIONEER BEND),-35.725,137.259,SA,,9647,8785,91.1,2000-01-01,2026-05-30
22816,PARNDANA (ALLANDALE),-35.773,137.033,SA,,9647,675,7.0,2000-01-01,2026-05-30
22817,FLINDERS CHASE (ROCKY RIVER),-35.951,136.739,SA,,9647,8392,87.0,2000-01-01,2026-05-30
22820,ROCKY RIVER (BROOKLAND PARK),-35.89,136.861,SA,,9647,5816,60.3,2000-01-01,2026-05-30
22822,MURRAY LAGOON (HAWKS NEST),-35.904,137.454,SA,,9647,6224,64.5,2000-01-01,2026-05-30
22823,CAPE BORDA,-35.755,136.596,SA,,9647,8227,85.3,2000-01-01,2026-05-30
22835,PARNDANA (TURKEY LANE),-35.734,137.121,SA,,9647,9507,98.5,2000-01-01,2026-05-30
22841,KINGSCOTE AERO,-35.711,137.523,SA,,9647,9537,98.9,2000-01-01,2026-05-30
23000,ADELAIDE (WEST TERRACE / NGAYIRDAPIRA),-34.926,138.583,SA,,9647,3278,34.0,2000-01-01,2026-05-30
23001,ADELAIDE (BRIGHTON),-35.02,138.52,SA,,9647,4744,49.2,2000-01-01,2026-05-30
23002,FULHAM PARK,-34.933,138.517,SA,,9647,0,0.0,2000-01-01,2026-05-30
23003,GAWLER RAILWAY,-34.617,138.733,SA,,9647,0,0.0,2000-01-01,2026-05-30
23004,GLENELG POST OFFICE,-34.984,138.512,SA,,9647,0,0.0,2000-01-01,2026-05-30
23005,ADELAIDE (GLEN OSMOND),-34.946,138.652,SA,,9647,7985,82.8,2000-01-01,2026-05-30
23007,LOWER LIGHT,-34.534,138.435,SA,,9647,1148,11.9,2000-01-01,2026-05-30
23008,MAGILL POST OFFICE,-34.917,138.683,SA,,9647,0,0.0,2000-01-01,2026-05-30
23009,MALLALA,-34.438,138.512,SA,,9647,4967,51.5,2000-01-01,2026-05-30
23010,MITCHAM POST OFFICE,-34.983,138.617,SA,,9647,0,0.0,2000-01-01,2026-05-30
23011,NORTH ADELAIDE,-34.916,138.595,SA,,9647,8498,88.1,2000-01-01,2026-05-30
23012,OWEN,-34.271,138.547,SA,,9647,5679,58.9,2000-01-01,2026-05-30
23013,PARAFIELD AIRPORT,-34.798,138.628,SA,,9647,9567,99.2,2000-01-01,2026-05-30
23014,ADELAIDE (GLENSIDE),-34.947,138.63,SA,,9647,0,0.0,2000-01-01,2026-05-30
23015,PENFIELD WEAPONS RESEARCH,-34.733,138.65,SA,,9647,0,0.0,2000-01-01,2026-05-30
23016,ADELAIDE (PORT DOCK RAILWAY STATION),-34.51,138.517,SA,,9647,0,0.0,2000-01-01,2026-05-30
23017,PROSPECT,-34.9,138.583,SA,,9647,0,0.0,2000-01-01,2026-05-30
23018,ADELAIDE (TORRENS ISLAND),-34.782,138.522,SA,,9647,4417,45.8,2000-01-01,2026-05-30
23019,ROSEDALE,-34.567,138.783,SA,,9647,0,0.0,2000-01-01,2026-05-30
23020,ROSEWORTHY AGRIC COLLEGE,-34.527,138.688,SA,,9647,0,0.0,2000-01-01,2026-05-30
23021,ROSEWORTHY,-34.535,138.751,SA,,9647,5754,59.6,2000-01-01,2026-05-30
23022,ST PETERS POST OFFICE,-34.917,138.617,SA,,9647,0,0.0,2000-01-01,2026-05-30
23023,ADELAIDE (SALISBURY BOWLING CLUB),-34.767,138.643,SA,,9647,8350,86.6,2000-01-01,2026-05-30
23024,ADELAIDE (SEATON),-34.897,138.51,SA,,9647,8305,86.1,2000-01-01,2026-05-30
23025,SMITHFIELD,-34.68,138.694,SA,,9647,4691,48.6,2000-01-01,2026-05-30
23026,ADELAIDE (POORAKA),-34.832,138.613,SA,,9647,7309,75.8,2000-01-01,2026-05-30
23027,ADELAIDE (THORNDON PARK),-34.874,138.686,SA,,9647,1221,12.7,2000-01-01,2026-05-30
23028,TWO WELLS,-34.595,138.516,SA,,9647,6278,65.1,2000-01-01,2026-05-30
23029,ADELAIDE (UNLEY),-34.95,138.606,SA,,9647,0,0.0,2000-01-01,2026-05-30
23030,VIRGINIA SHEEDY ROAD,-34.669,138.559,SA,,9647,1,0.0,2000-01-01,2026-05-30
23031,ADELAIDE (WAITE INSTITUTE),-34.97,138.633,SA,,9647,0,0.0,2000-01-01,2026-05-30
23033,ADELAIDE (TOWNSEND HOUSE),-35.013,138.515,SA,,9647,0,0.0,2000-01-01,2026-05-30
23034,ADELAIDE AIRPORT M.O.,-34.952,138.52,SA,,9647,9638,99.9,2000-01-01,2026-05-30
23036,MODBURY (SURREY VINE YARDS),-34.8,138.7,SA,,9647,0,0.0,2000-01-01,2026-05-30
23037,ADELAIDE (PARAFIELD PLANT INTRODUCTION C,-34.783,138.624,SA,,9647,0,0.0,2000-01-01,2026-05-30
23039,RHYNIE (SALTERS SPRINGS),-34.186,138.63,SA,,9647,9351,96.9,2000-01-01,2026-05-30
23040,ADELAIDE (TRINITY GARDENS),-34.917,138.65,SA,,9647,0,0.0,2000-01-01,2026-05-30
23057,ADELAIDE (NORTHFIELD RESEARCH CENTRE),-34.853,138.652,SA,,9647,0,0.0,2000-01-01,2026-05-30
23072,ADELAIDE (MAGILL SECURE CARE CENTRE),-34.907,138.687,SA,,9647,3378,35.0,2000-01-01,2026-05-30
23075,ADELAIDE (CLAPHAM),-34.996,138.604,SA,,9647,2619,27.1,2000-01-01,2026-05-30
23076,PORT PARHAM,-34.432,138.259,SA,,9647,8696,90.1,2000-01-01,2026-05-30
23078,GAWLER COUNCIL DEPOT,-34.592,138.739,SA,,9647,5180,53.7,2000-01-01,2026-05-30
23079,ADELAIDE (DRY CREEK SALTWORKS),-34.828,138.578,SA,,9647,4766,49.4,2000-01-01,2026-05-30
23081,BOLIVAR TREATMENT WORKS,-34.771,138.584,SA,,9647,8282,85.9,2000-01-01,2026-05-30
23083,EDINBURGH RAAF,-34.711,138.622,SA,,9647,9542,98.9,2000-01-01,2026-05-30
23090,ADELAIDE (KENT TOWN),-34.921,138.622,SA,,9647,7267,75.3,2000-01-01,2026-05-30
23092,VIRGINIA 2,-34.65,138.567,SA,,9647,0,0.0,2000-01-01,2026-05-30
23095,HAMLEY BRIDGE,-34.357,138.682,SA,,9647,5802,60.1,2000-01-01,2026-05-30
23096,ADELAIDE (HOPE VALLEY RESERVOIR),-34.856,138.684,SA,,9647,9537,98.9,2000-01-01,2026-05-30
23097,ADELAIDE (BLACK HILL CONSERVATION PARK),-34.883,138.717,SA,,9647,0,0.0,2000-01-01,2026-05-30
23098,ADELAIDE (MORPHETTVILLE RACECOURSE),-34.974,138.542,SA,,9647,5513,57.1,2000-01-01,2026-05-30
23103,VIRGINIA,-34.645,138.531,SA,,9647,1262,13.1,2000-01-01,2026-05-30
23122,ROSEWORTHY AWS,-34.511,138.676,SA,,9647,9263,96.0,2000-01-01,2026-05-30
23131,HINDMARSH ISLAND (MUNDOO BARRAGE),-35.535,138.901,SA,,9647,5355,55.5,2000-01-01,2026-05-30
23300,ANGASTON,-34.502,139.047,SA,,9647,4876,50.5,2000-01-01,2026-05-30
23302,COLLINGROVE,-34.55,139.083,SA,,9647,0,0.0,2000-01-01,2026-05-30
23303,FREELING RAILWAY,-34.45,138.817,SA,,9647,0,0.0,2000-01-01,2026-05-30
23304,GLEN GARRIE,-34.083,138.97,SA,,9647,0,0.0,2000-01-01,2026-05-30
23305,GREENOCK,-34.458,138.928,SA,,9647,7945,82.4,2000-01-01,2026-05-30
23306,RIVERTON (MAROOMBA),-34.17,138.81,SA,,9647,9172,95.1,2000-01-01,2026-05-30
23307,KAPUNDA,-34.341,138.916,SA,,9647,8406,87.1,2000-01-01,2026-05-30
23308,KAPUNDA WATER WORKS,-34.35,138.917,SA,,9647,0,0.0,2000-01-01,2026-05-30
23309,LYNDOCH,-34.596,138.873,SA,,9647,8793,91.1,2000-01-01,2026-05-30
23310,MANOORA,-34.002,138.819,SA,,9647,7280,75.5,2000-01-01,2026-05-30
23311,MARRABEL,-34.144,138.877,SA,,9647,7776,80.6,2000-01-01,2026-05-30
23312,NURIOOTPA,-34.475,138.993,SA,,9647,0,0.0,2000-01-01,2026-05-30
23313,LYNDOCH (PEWSEY VALE),-34.617,138.983,SA,,9647,0,0.0,2000-01-01,2026-05-30
23314,RIVERTON,-34.157,138.747,SA,,9647,8945,92.7,2000-01-01,2026-05-30
23315,SADDLEWORTH,-34.084,138.782,SA,,9647,4508,46.7,2000-01-01,2026-05-30
23316,STOCKPORT,-34.333,138.733,SA,,9647,0,0.0,2000-01-01,2026-05-30
23317,STOCKWELL,-34.436,139.054,SA,,9647,0,0.0,2000-01-01,2026-05-30
23318,TANUNDA,-34.507,138.964,SA,,9647,9329,96.7,2000-01-01,2026-05-30
23319,TARLEE,-34.279,138.773,SA,,9647,6836,70.9,2000-01-01,2026-05-30
23321,NURIOOTPA COMPARISON,-34.477,139.005,SA,,9647,0,0.0,2000-01-01,2026-05-30
23323,TARNMA,-34.199,138.938,SA,,9647,7409,76.8,2000-01-01,2026-05-30
23325,FREELING,-34.455,138.81,SA,,9647,5915,61.3,2000-01-01,2026-05-30
23343,ROSEDALE (TURRETFIELD RESEARCH CENTRE),-34.552,138.834,SA,,9647,7280,75.5,2000-01-01,2026-05-30
23354,KAPUNDA (BAGOT WELL),-34.312,139.008,SA,,9647,6787,70.4,2000-01-01,2026-05-30
23355,RIVERTON (LEEWARD),-34.207,138.789,SA,,9647,9560,99.1,2000-01-01,2026-05-30
23356,HAMLEY BRIDGE (LINWOOD),-34.385,138.763,SA,,9647,5374,55.7,2000-01-01,2026-05-30
23360,ST KITTS,-34.33,139.092,SA,,9647,9182,95.2,2000-01-01,2026-05-30
23361,HAMILTON,-34.213,138.871,SA,,9647,5012,52.0,2000-01-01,2026-05-30
23363,ROWLAND FLAT 4,-34.583,138.933,SA,,9647,0,0.0,2000-01-01,2026-05-30
23365,TARLEE WEST (HAZELTON),-34.232,138.695,SA,,9647,9285,96.2,2000-01-01,2026-05-30
23370,STOCKPORT (CLIFTON),-34.314,138.729,SA,,9647,9273,96.1,2000-01-01,2026-05-30
23373,NURIOOTPA PIRSA,-34.476,139.006,SA,,9647,9439,97.8,2000-01-01,2026-05-30
23700,ALDINGA POST OFFICE,-35.269,138.477,SA,,9647,0,0.0,2000-01-01,2026-05-30
23701,ASHBOURNE,-35.311,138.752,SA,,9647,0,0.0,2000-01-01,2026-05-30
23702,ASHTON 1,-34.917,138.733,SA,,9647,0,0.0,2000-01-01,2026-05-30
23703,BELAIR (KALYRA),-35.004,138.615,SA,,9647,0,0.0,2000-01-01,2026-05-30
23704,BELAIR (STATE FLORA NURSERY),-35.008,138.65,SA,,9647,9081,94.1,2000-01-01,2026-05-30
23705,BIRDWOOD,-34.804,138.945,SA,,9647,9159,94.9,2000-01-01,2026-05-30
23706,BLACKWOOD POST OFFICE,-35.017,138.617,SA,,9647,0,0.0,2000-01-01,2026-05-30
23707,BRIDGEWATER,-35.01,138.757,SA,,9647,6385,66.2,2000-01-01,2026-05-30
23708,SECOND VALLEY (SPRING GROVE),-35.558,138.216,SA,,9647,0,0.0,2000-01-01,2026-05-30
23709,CHERRY GARDENS,-35.061,138.659,SA,,9647,9567,99.2,2000-01-01,2026-05-30
23710,CLARENDON,-35.111,138.62,SA,,9647,8075,83.7,2000-01-01,2026-05-30
23711,COROMANDEL VALLEY (BRANDEN),-35.033,138.617,SA,,9647,0,0.0,2000-01-01,2026-05-30
23712,DINGO VALE,-34.867,138.833,SA,,9647,0,0.0,2000-01-01,2026-05-30
23713,ECHUNGA GOLF COURSE,-35.096,138.789,SA,,9647,5480,56.8,2000-01-01,2026-05-30
23714,FINNISS,-35.374,138.806,SA,,9647,8268,85.7,2000-01-01,2026-05-30
23715,HOUGHTON (GLEN EWIN),-34.817,138.75,SA,,9647,0,0.0,2000-01-01,2026-05-30
23717,GOLDEN GROVE,-34.767,138.733,SA,,9647,0,0.0,2000-01-01,2026-05-30
23718,GOOLWA COUNCIL DEPOT,-35.498,138.766,SA,,9647,5031,52.2,2000-01-01,2026-05-30
23719,GUMERACHA,-34.824,138.886,SA,,9647,6683,69.3,2000-01-01,2026-05-30
23720,HAHNDORF,-35.025,138.811,SA,,9647,9150,94.8,2000-01-01,2026-05-30
23721,HAPPY VALLEY RESERVOIR,-35.059,138.566,SA,,9647,9613,99.6,2000-01-01,2026-05-30
23722,HARROGATE,-34.93,139.014,SA,,9647,9606,99.6,2000-01-01,2026-05-30
23723,INMAN VALLEY,-35.491,138.475,SA,,9647,9427,97.7,2000-01-01,2026-05-30
23724,KANMANTOO,-35.074,139.004,SA,,9647,9166,95.0,2000-01-01,2026-05-30
23725,KEYNETON,-34.557,139.134,SA,,9647,9121,94.5,2000-01-01,2026-05-30
23726,LOBETHAL,-34.904,138.874,SA,,9647,7748,80.3,2000-01-01,2026-05-30
23727,LONGWOOD,-35.048,138.735,SA,,9647,8343,86.5,2000-01-01,2026-05-30
23728,MACCLESFIELD,-35.189,138.826,SA,,9647,6024,62.4,2000-01-01,2026-05-30
23729,MCLAREN VALE,-35.22,138.541,SA,,9647,0,0.0,2000-01-01,2026-05-30
23730,MEADOWS,-35.18,138.765,SA,,9647,6691,69.4,2000-01-01,2026-05-30
23731,CUDLEE CREEK (MILLBROOK RESERVOIR),-34.833,138.821,SA,,9647,8530,88.4,2000-01-01,2026-05-30
23732,ADELAIDE (MORPHETT VALE),-35.135,138.527,SA,,9647,7728,80.1,2000-01-01,2026-05-30
23733,MOUNT BARKER,-35.073,138.847,SA,,9647,9498,98.5,2000-01-01,2026-05-30
23734,MOUNT BOLD RESERVOIR,-35.121,138.677,SA,,9647,9621,99.7,2000-01-01,2026-05-30
23735,MOUNT COMPASS,-35.35,138.622,SA,,9647,8343,86.5,2000-01-01,2026-05-30
23736,MOUNT LOFTY SUMMIT,-34.967,138.717,SA,,9647,31,0.3,2000-01-01,2026-05-30
23737,MOUNT PLEASANT,-34.773,139.05,SA,,9647,8234,85.4,2000-01-01,2026-05-30
23738,MYPONGA,-35.391,138.464,SA,,9647,6820,70.7,2000-01-01,2026-05-30
23739,NAIRNE,-35.037,138.913,SA,,9647,6996,72.5,2000-01-01,2026-05-30
23740,OLD NOARLUNGA POST OFFICE,-35.185,138.502,SA,,9647,0,0.0,2000-01-01,2026-05-30
23741,NORMANVILLE,-35.452,138.323,SA,,9647,9463,98.1,2000-01-01,2026-05-30
23742,PORT ELLIOT CARAVAN PARK,-35.53,138.69,SA,,9647,7624,79.0,2000-01-01,2026-05-30
23743,VICTOR HARBOR (RIVINGTON GRANGE),-35.542,138.504,SA,,9647,6460,67.0,2000-01-01,2026-05-30
23744,SECOND VALLEY (POOLAMACCA),-35.536,138.234,SA,,9647,7167,74.3,2000-01-01,2026-05-30
23745,STIRLING,-35.033,138.717,SA,,9647,0,0.0,2000-01-01,2026-05-30
23746,STONYFELL,-34.933,138.667,SA,,9647,0,0.0,2000-01-01,2026-05-30
23747,STRATHALBYN,-35.256,138.89,SA,,9647,9493,98.4,2000-01-01,2026-05-30
23748,ADELAIDE (TEA TREE GULLY COUNCIL),-34.831,138.705,SA,,9647,5058,52.4,2000-01-01,2026-05-30
23750,URAIDLA,-34.956,138.744,SA,,9647,9359,97.0,2000-01-01,2026-05-30
23751,VICTOR HARBOR COMPARISON,-35.555,138.622,SA,,9647,817,8.5,2000-01-01,2026-05-30
23752,WILLIAMSTOWN,-34.651,138.878,SA,,9647,8674,89.9,2000-01-01,2026-05-30
23753,WILLUNGA,-35.27,138.559,SA,,9647,7596,78.7,2000-01-01,2026-05-30
23754,YANKALILLA,-35.458,138.35,SA,,9647,8241,85.4,2000-01-01,2026-05-30
23756,WILLIAMSTOWN (GLEN GILLIAN),-34.66,138.926,SA,,9647,9587,99.4,2000-01-01,2026-05-30
23758,KERSBROOK (MABENJO),-34.74,138.871,SA,,9647,9436,97.8,2000-01-01,2026-05-30
23760,HINDMARSH VALLEY,-35.5,138.617,SA,,9647,0,0.0,2000-01-01,2026-05-30
23761,PARAWA (SHARON),-35.556,138.342,SA,,9647,9550,99.0,2000-01-01,2026-05-30
23763,MOUNT CRAWFORD FOREST HEADQUARTERS,-34.712,138.947,SA,,9647,3,0.0,2000-01-01,2026-05-30
23773,CAPE JERVIS LIGHTHOUSE,-35.617,138.083,SA,,9647,0,0.0,2000-01-01,2026-05-30
23778,MOUNT TORRENS,-34.883,138.967,SA,,9647,0,0.0,2000-01-01,2026-05-30
23783,MYPONGA RESERVOIR,-35.401,138.426,SA,,9647,9353,97.0,2000-01-01,2026-05-30
23785,STIRLING POST OFFICE,-35.0,138.717,SA,,9647,0,0.0,2000-01-01,2026-05-30
23799,PROSPECT HILL,-35.218,138.734,SA,,9647,9439,97.8,2000-01-01,2026-05-30
23801,LENSWOOD,-34.948,138.807,SA,,9647,7982,82.7,2000-01-01,2026-05-30
23803,ASHTON CO-OP,-34.942,138.727,SA,,9647,8670,89.9,2000-01-01,2026-05-30
23804,VICTOR HARBOR (ENCOUNTER BAY),-35.554,138.6,SA,,9647,9084,94.2,2000-01-01,2026-05-30
23806,UPPER HERMITAGE,-34.807,138.755,SA,,9647,7950,82.4,2000-01-01,2026-05-30
23810,MOUNT LOFTY (CLELAND CONSERVATION PARK),-34.971,138.704,SA,,9647,8596,89.1,2000-01-01,2026-05-30
23812,ROCKLEIGH (BLACK HEATH),-34.939,139.07,SA,,9647,7680,79.6,2000-01-01,2026-05-30
23816,SECOND VALLEY FOREST,-35.572,138.244,SA,,9647,1740,18.0,2000-01-01,2026-05-30
23817,ALDGATE,-35.024,138.742,SA,,9647,9567,99.2,2000-01-01,2026-05-30
23818,KUITPO FOREST HQ,-35.216,138.701,SA,,9647,1,0.0,2000-01-01,2026-05-30
23820,WILLIAMSTOWN (SOUTH PARA RESERVOIR),-34.681,138.856,SA,,9647,9508,98.6,2000-01-01,2026-05-30
23822,HARTLEY (PINE HILL),-35.18,139.024,SA,,9647,9547,99.0,2000-01-01,2026-05-30
23823,HINDMARSH VALLEY (FERNBROOK),-35.412,138.575,SA,,9647,6901,71.5,2000-01-01,2026-05-30
23824,HINDMARSH VALLEY (SPRINGMOUNT),-35.443,138.544,SA,,9647,5863,60.8,2000-01-01,2026-05-30
23826,KERSBROOK FOREST RSVE,-34.817,138.85,SA,,9647,0,0.0,2000-01-01,2026-05-30
23829,WOODSIDE,-34.952,138.875,SA,,9647,4181,43.3,2000-01-01,2026-05-30
23842,MOUNT LOFTY,-34.978,138.709,SA,,9647,6132,63.6,2000-01-01,2026-05-30
23849,GOOLWA (HINDMARSH ISLAND MARINA),-35.515,138.799,SA,,9647,1119,11.6,2000-01-01,2026-05-30
23875,PARAWA (SECOND VALLEY FOREST AWS),-35.569,138.286,SA,,9647,9314,96.5,2000-01-01,2026-05-30
23876,MCLAREN VALE (PIRRAMIMMA WINERY),-35.228,138.537,SA,,9647,7706,79.9,2000-01-01,2026-05-30
23878,MOUNT CRAWFORD AWS,-34.725,138.928,SA,,9647,9490,98.4,2000-01-01,2026-05-30
23885,NOARLUNGA,-35.159,138.506,SA,,9647,9240,95.8,2000-01-01,2026-05-30
23887,KUITPO FOREST RESERVE,-35.171,138.678,SA,,9647,9419,97.6,2000-01-01,2026-05-30
24000,PARINGA (BEARDY PARK FARM),-34.3,140.933,SA,,9647,0,0.0,2000-01-01,2026-05-30
24001,BARMERA,-34.259,140.471,SA,,9647,6264,64.9,2000-01-01,2026-05-30
24002,BERRI IRRIGATION,-34.283,140.6,SA,,9647,0,0.0,2000-01-01,2026-05-30
24003,RENMARK IRRIGATION,-34.166,140.754,SA,,9647,9603,99.5,2000-01-01,2026-05-30
24004,CHOWILLA,-34.017,140.833,SA,,9647,0,0.0,2000-01-01,2026-05-30
24005,BARMERA (COBDOGLA),-34.25,140.407,SA,,9647,0,0.0,2000-01-01,2026-05-30
24006,KINGSTON ON MURRAY,-34.223,140.342,SA,,9647,6879,71.3,2000-01-01,2026-05-30
24007,LOXTON,-34.453,140.568,SA,,9647,129,1.3,2000-01-01,2026-05-30
24008,LYRUP,-34.258,140.648,SA,,9647,9566,99.2,2000-01-01,2026-05-30
24010,MOOROOK,-34.292,140.363,SA,,9647,9559,99.1,2000-01-01,2026-05-30
24011,NADDA (ZIMMERMAN),-34.583,140.833,SA,,9647,0,0.0,2000-01-01,2026-05-30
24012,OVERLAND CORNER,-34.148,140.326,SA,,9647,6357,65.9,2000-01-01,2026-05-30
24013,LOXTON (PYAP),-34.444,140.496,SA,,9647,9567,99.2,2000-01-01,2026-05-30
24014,QUALCO (KALUNA VINEYARDS),-34.103,139.904,SA,,9647,0,0.0,2000-01-01,2026-05-30
24015,WAIKERIE (RAMCO),-34.178,139.942,SA,,9647,882,9.1,2000-01-01,2026-05-30
24016,RENMARK,-34.171,140.749,SA,,9647,912,9.5,2000-01-01,2026-05-30
24017,TALDRA,-34.352,140.841,SA,,9647,5246,54.4,2000-01-01,2026-05-30
24018,WAIKERIE,-34.178,139.981,SA,,9647,359,3.7,2000-01-01,2026-05-30
24019,WILKADENE (MURTHO),-34.05,140.833,SA,,9647,0,0.0,2000-01-01,2026-05-30
24023,LOXTON RESEARCH CENTRE,-34.433,140.6,SA,,9647,0,0.0,2000-01-01,2026-05-30
24024,LOXTON RESEARCH CENTRE,-34.439,140.598,SA,,9647,9555,99.0,2000-01-01,2026-05-30
24025,BERRI,-34.272,140.596,SA,,9647,9191,95.3,2000-01-01,2026-05-30
24029,WAIKERIE (EREMOPHILA PARK),-34.216,140.186,SA,,9647,9393,97.4,2000-01-01,2026-05-30
24031,DUFFIELD RAMCO,-34.17,139.817,SA,,9647,9260,96.0,2000-01-01,2026-05-30
24037,PARINGA LOCK 5,-34.19,140.762,SA,,9647,6449,66.8,2000-01-01,2026-05-30
24041,WAIKERIE (GOLDEN HEIGHTS),-34.194,139.938,SA,,9647,0,0.0,2000-01-01,2026-05-30
24045,WAIKERIE (CADELL),-34.057,139.758,SA,,9647,0,0.0,2000-01-01,2026-05-30
24046,CADELL,-34.033,139.767,SA,,9647,0,0.0,2000-01-01,2026-05-30
24048,RENMARK AERO,-34.198,140.677,SA,,9647,9524,98.7,2000-01-01,2026-05-30
24500,ASHVILLE,-35.514,139.369,SA,,9647,0,0.0,2000-01-01,2026-05-30
24501,AUSTRALIA PLAINS,-34.097,139.156,SA,,9647,8947,92.7,2000-01-01,2026-05-30
24502,BLACK HILL,-34.691,139.437,SA,,9647,8914,92.4,2000-01-01,2026-05-30
24503,BLANCHETOWN,-34.352,139.612,SA,,9647,0,0.0,2000-01-01,2026-05-30
24504,BOWER,-34.122,139.356,SA,,9647,9502,98.5,2000-01-01,2026-05-30
24506,EUDUNDA (BROWNLOW),-34.257,139.269,SA,,9647,0,0.0,2000-01-01,2026-05-30
24508,CALLINGTON,-35.125,139.043,SA,,9647,9456,98.0,2000-01-01,2026-05-30
24509,DUTTON - SECTION 228,-34.352,139.129,SA,,9647,9563,99.1,2000-01-01,2026-05-30
24510,TAILEM BEND (WOODLANDS),-35.112,139.517,SA,,9647,9469,98.2,2000-01-01,2026-05-30
24511,EUDUNDA,-34.177,139.09,SA,,9647,9566,99.2,2000-01-01,2026-05-30
24512,ROBERTSTOWN (GERANIUM PLAINS),-33.972,139.187,SA,,9647,0,0.0,2000-01-01,2026-05-30
24513,CAMBRAI (KONGOLIA),-34.651,139.363,SA,,9647,9433,97.8,2000-01-01,2026-05-30
24514,LAKE PLAINS (METALA),-35.35,139.05,SA,,9647,0,0.0,2000-01-01,2026-05-30
24515,LANGHORNE CREEK,-35.296,139.033,SA,,9647,8919,92.5,2000-01-01,2026-05-30
24516,LANGHORNE CREEK 2,-35.3,139.033,SA,,9647,0,0.0,2000-01-01,2026-05-30
24517,MANNUM COUNCIL DEPOT,-34.914,139.301,SA,,9647,5710,59.2,2000-01-01,2026-05-30
24518,MENINGIE,-35.69,139.338,SA,,9647,8889,92.1,2000-01-01,2026-05-30
24519,MILANG,-35.407,138.97,SA,,9647,8970,93.0,2000-01-01,2026-05-30
24520,MORGAN POST OFFICE,-34.033,139.667,SA,,9647,0,0.0,2000-01-01,2026-05-30
24521,MURRAY BRIDGE,-35.123,139.259,SA,,9647,9618,99.7,2000-01-01,2026-05-30
24522,MYPOLONGA,-35.042,139.355,SA,,9647,0,0.0,2000-01-01,2026-05-30
24523,MULGUNDAWA SALT,-35.292,139.207,SA,,9647,2927,30.3,2000-01-01,2026-05-30
24524,PALLAMANA POST OFFICE,-35.033,139.217,SA,,9647,0,0.0,2000-01-01,2026-05-30
24525,PALMER,-34.853,139.161,SA,,9647,9196,95.3,2000-01-01,2026-05-30
24526,POINT PASS,-34.075,139.051,SA,,9647,7884,81.7,2000-01-01,2026-05-30
24527,MOUNT MARY PUMPING STATION 2,-33.973,139.421,SA,,9647,0,0.0,2000-01-01,2026-05-30
24528,ROBERTSTOWN,-33.991,139.08,SA,,9647,9547,99.0,2000-01-01,2026-05-30
24529,MANNUM (SANDERSTON),-34.757,139.217,SA,,9647,0,0.0,2000-01-01,2026-05-30
24530,SEDAN (SANDLETON),-34.458,139.36,SA,,9647,9503,98.5,2000-01-01,2026-05-30
24531,SEDAN,-34.572,139.296,SA,,9647,9327,96.7,2000-01-01,2026-05-30
24532,STONEFIELD,-34.35,139.3,SA,,9647,0,0.0,2000-01-01,2026-05-30
24533,MURRAY BRIDGE (TEPKO),-34.969,139.187,SA,,9647,7868,81.6,2000-01-01,2026-05-30
24534,SUTHERLANDS,-34.156,139.225,SA,,9647,5691,59.0,2000-01-01,2026-05-30
24535,SWAN REACH,-34.568,139.597,SA,,9647,6268,65.0,2000-01-01,2026-05-30
24536,TAILEM BEND,-35.255,139.454,SA,,9647,8039,83.3,2000-01-01,2026-05-30
24537,MENINGIE (WALTOWA),-35.619,139.438,SA,,9647,8423,87.3,2000-01-01,2026-05-30
24538,WELLINGTON EAST,-35.333,139.383,SA,,9647,0,0.0,2000-01-01,2026-05-30
24539,NARRUNG (YALKURI),-35.595,139.13,SA,,9647,6169,63.9,2000-01-01,2026-05-30
24545,MILANG DEPT OF AGRIC.,-35.417,138.967,SA,,9647,0,0.0,2000-01-01,2026-05-30
24547,NILDOTTIE,-34.676,139.651,SA,,9647,6700,69.5,2000-01-01,2026-05-30
24553,FLORIETON (BUNDEY BORE),-33.883,139.35,SA,,9647,0,0.0,2000-01-01,2026-05-30
24554,TAILEM BEND (NATURI),-35.198,139.587,SA,,9647,9587,99.4,2000-01-01,2026-05-30
24555,EUDUNDA (MOONDAH),-34.257,139.092,SA,,9647,9520,98.7,2000-01-01,2026-05-30
24558,MILANG E WS,-35.406,138.975,SA,,9647,0,0.0,2000-01-01,2026-05-30
24562,WELLINGTON PUMPING STN,-35.3,139.4,SA,,9647,0,0.0,2000-01-01,2026-05-30
24563,PELICAN POINT E WS,-35.6,139.033,SA,,9647,0,0.0,2000-01-01,2026-05-30
24564,BLANCHETOWN LOCK 1,-34.352,139.615,SA,,9647,9536,98.8,2000-01-01,2026-05-30
24572,WELLINGTON (BRINKLEY SOUTH),-35.283,139.203,SA,,9647,9535,98.8,2000-01-01,2026-05-30
24573,TRURO,-34.408,139.127,SA,,9647,9521,98.7,2000-01-01,2026-05-30
24576,MILANG (NAVARINO),-35.348,138.977,SA,,9647,9566,99.2,2000-01-01,2026-05-30
24578,MORGAN (BRENDA PARK STATION),-34.065,139.661,SA,,9647,8069,83.6,2000-01-01,2026-05-30
24580,STRATHALBYN RACECOURSE,-35.284,138.893,SA,,9647,9585,99.4,2000-01-01,2026-05-30
25000,ALAWOONA,-34.731,140.504,SA,,9647,8865,91.9,2000-01-01,2026-05-30
25001,CALIPH POST OFFICE,-34.667,140.283,SA,,9647,0,0.0,2000-01-01,2026-05-30
25002,PURNONG (CLAYPANS),-34.828,139.667,SA,,9647,9472,98.2,2000-01-01,2026-05-30
25003,COPEVILLE,-34.795,139.849,SA,,9647,2673,27.7,2000-01-01,2026-05-30
25004,GALGA,-34.692,139.964,SA,,9647,7011,72.7,2000-01-01,2026-05-30
25005,GURRAI POST OFFICE,-35.133,140.6,SA,,9647,0,0.0,2000-01-01,2026-05-30
25006,KAROONDA,-35.09,139.897,SA,,9647,9233,95.7,2000-01-01,2026-05-30
25008,MAGGEA,-34.467,140.067,SA,,9647,0,0.0,2000-01-01,2026-05-30
25009,MERIBAH,-34.703,140.856,SA,,9647,627,6.5,2000-01-01,2026-05-30
25010,MINDARIE,-34.813,140.218,SA,,9647,6211,64.4,2000-01-01,2026-05-30
25011,MOORLANDS,-35.296,139.642,SA,,9647,0,0.0,2000-01-01,2026-05-30
25013,PARILLA,-35.298,140.668,SA,,9647,9100,94.3,2000-01-01,2026-05-30
25014,PARUNA,-34.717,140.735,SA,,9647,8846,91.7,2000-01-01,2026-05-30
25015,PINNAROO,-35.268,140.907,SA,,9647,9154,94.9,2000-01-01,2026-05-30
25017,SANDALWOOD,-34.941,140.131,SA,,9647,4822,50.0,2000-01-01,2026-05-30
25018,ALAWOONA (SCHELLS WELL),-34.788,140.5,SA,,9647,9370,97.1,2000-01-01,2026-05-30
25019,VEITCH,-34.633,140.367,SA,,9647,0,0.0,2000-01-01,2026-05-30
25020,WYNARKA (HOOPER),-35.133,139.733,SA,,9647,0,0.0,2000-01-01,2026-05-30
25022,BORRIKA,-35.033,140.05,SA,,9647,0,0.0,2000-01-01,2026-05-30
25023,PEEBINGA,-34.929,140.911,SA,,9647,5350,55.5,2000-01-01,2026-05-30
25024,LOXTON (WUNKAR),-34.493,140.302,SA,,9647,0,0.0,2000-01-01,2026-05-30
25025,PERPONDA,-34.973,139.807,SA,,9647,5940,61.6,2000-01-01,2026-05-30
25032,MARAMA,-35.173,140.182,SA,,9647,5861,60.8,2000-01-01,2026-05-30
25034,LOXTON (WANBI RESEARCH CENTRE),-34.78,140.273,SA,,9647,0,0.0,2000-01-01,2026-05-30
25036,KULKAMI,-35.153,140.288,SA,,9647,8256,85.6,2000-01-01,2026-05-30
25039,LOWALDIE,-35.046,139.979,SA,,9647,9525,98.7,2000-01-01,2026-05-30
25040,BOWHILL,-34.894,139.677,SA,,9647,5342,55.4,2000-01-01,2026-05-30
25042,SHERLOCK (WARRANA),-35.244,139.826,SA,,9647,8862,91.9,2000-01-01,2026-05-30
25044,NEW WELL (MARFIELD),-34.459,139.892,SA,,9647,6820,70.7,2000-01-01,2026-05-30
25046,PINNAROO (KOMBALI),-35.066,140.856,SA,,9647,9578,99.3,2000-01-01,2026-05-30
25050,CALIPH,-34.635,140.243,SA,,9647,6723,69.7,2000-01-01,2026-05-30
25500,BORDERTOWN (BERANGWEE),-36.127,140.707,SA,,9647,152,1.6,2000-01-01,2026-05-30
25501,BORDERTOWN,-36.312,140.772,SA,,9647,677,7.0,2000-01-01,2026-05-30
25502,COOKE PLAINS,-35.379,139.562,SA,,9647,8313,86.2,2000-01-01,2026-05-30
25503,COOMANDOOK,-35.469,139.696,SA,,9647,8110,84.1,2000-01-01,2026-05-30
25504,COONALPYN,-35.693,139.852,SA,,9647,7850,81.4,2000-01-01,2026-05-30
25505,BORDERTOWN (KARRAWIRRA),-36.329,140.711,SA,,9647,2665,27.6,2000-01-01,2026-05-30
25506,GERANIUM,-35.38,140.159,SA,,9647,9199,95.4,2000-01-01,2026-05-30
25507,KEITH,-36.098,140.356,SA,,9647,9635,99.9,2000-01-01,2026-05-30
25508,COOMANDOOK (MALINONG),-35.522,139.513,SA,,9647,0,0.0,2000-01-01,2026-05-30
25509,LAMEROO,-35.329,140.518,SA,,9647,5486,56.9,2000-01-01,2026-05-30
25510,MUNDULLA,-36.367,140.7,SA,,9647,0,0.0,2000-01-01,2026-05-30
25511,NETHERTON (DESERT FRINGE),-35.492,139.942,SA,,9647,1299,13.5,2000-01-01,2026-05-30
25512,PARRAKIE,-35.38,140.252,SA,,9647,9505,98.5,2000-01-01,2026-05-30
25513,PEAKE,-35.363,139.95,SA,,9647,7676,79.6,2000-01-01,2026-05-30
25514,TINTINARA,-35.884,140.056,SA,,9647,7749,80.3,2000-01-01,2026-05-30
25515,NETHERTON (THE GLEN),-35.516,139.952,SA,,9647,3059,31.7,2000-01-01,2026-05-30
25516,KEITH (NARREE DOWNS),-36.062,140.55,SA,,9647,0,0.0,2000-01-01,2026-05-30
25517,WILKAWATT POST OFFICE,-35.35,140.35,SA,,9647,0,0.0,2000-01-01,2026-05-30
25518,WIRREGA (TAUNTON),-36.182,140.572,SA,,9647,9464,98.1,2000-01-01,2026-05-30
25519,WOLSELEY,-36.365,140.91,SA,,9647,7990,82.8,2000-01-01,2026-05-30
25522,KONGAL,-36.267,140.45,SA,,9647,0,0.0,2000-01-01,2026-05-30
25523,MENINGIE (NARANGA),-35.86,139.56,SA,,9647,9421,97.7,2000-01-01,2026-05-30
25524,BORDERTOWN (KANGARINGA),-35.95,140.783,SA,,9647,0,0.0,2000-01-01,2026-05-30
25525,BORDERTOWN (INGLEWOOD),-36.188,140.8,SA,,9647,6176,64.0,2000-01-01,2026-05-30
25526,TINTINARA (COLEBATCH DOWNS),-35.971,139.84,SA,,9647,4879,50.6,2000-01-01,2026-05-30
25527,COONALPYN (ALPYN DOWNS),-35.712,139.64,SA,,9647,3395,35.2,2000-01-01,2026-05-30
25529,MENINGIE (MILL PARK),-35.809,139.475,SA,,9647,5096,52.8,2000-01-01,2026-05-30
25536,BORDERTOWN,-36.3,140.767,SA,,9647,0,0.0,2000-01-01,2026-05-30
25539,WILKAWATT (NEWHOUSE FARM),-35.414,140.359,SA,,9647,5125,53.1,2000-01-01,2026-05-30
25541,KEITH (MANDURAMA),-36.037,140.584,SA,,9647,4160,43.1,2000-01-01,2026-05-30
25542,LAMEROO (TRALYN),-35.386,140.614,SA,,9647,5037,52.2,2000-01-01,2026-05-30
25543,KI KI (MOORILLA),-35.55,139.865,SA,,9647,5749,59.6,2000-01-01,2026-05-30
25546,TINTINARA (RICHARDS),-35.99,139.969,SA,,9647,7957,82.5,2000-01-01,2026-05-30
25551,COONALPYN (TWINVILLE),-35.736,139.958,SA,,9647,2669,27.7,2000-01-01,2026-05-30
25556,MENINGIE (GREEN PLAINS),-35.697,139.494,SA,,9647,9149,94.8,2000-01-01,2026-05-30
25557,KEITH (MUNKORA),-36.106,140.327,SA,,9647,8810,91.3,2000-01-01,2026-05-30
26000,BEACHPORT,-37.486,140.012,SA,,9647,7950,82.4,2000-01-01,2026-05-30
26001,BONLEY,-37.417,140.75,SA,,9647,0,0.0,2000-01-01,2026-05-30
26002,BOOL LAGOON,-37.133,140.717,SA,,9647,0,0.0,2000-01-01,2026-05-30
26003,CALLENDALE,-37.245,140.434,SA,,9647,2084,21.6,2000-01-01,2026-05-30
26004,CAPE JAFFA (JAFFA HILLS),-36.971,139.71,SA,,9647,0,0.0,2000-01-01,2026-05-30
26005,CAPE NORTHUMBERLAND,-38.057,140.673,SA,,9647,2034,21.1,2000-01-01,2026-05-30
26006,PENOLA (COMAUM PARK),-37.258,140.968,SA,,9647,0,0.0,2000-01-01,2026-05-30
26007,FRANCES,-36.712,140.955,SA,,9647,9403,97.5,2000-01-01,2026-05-30
26009,KALANGADOO,-37.566,140.696,SA,,9647,5352,55.5,2000-01-01,2026-05-30
26010,KINGSTON SE (KEILIRA STATION),-36.71,140.162,SA,,9647,5842,60.6,2000-01-01,2026-05-30
26012,KINGSTON SE,-36.831,139.853,SA,,9647,9359,97.0,2000-01-01,2026-05-30
26013,KYBYBOLITE RESEARCH CENTRE,-36.88,140.929,SA,,9647,0,0.0,2000-01-01,2026-05-30
26014,LAKE LEAKE (KOOEEYONG),-37.605,140.579,SA,,9647,7382,76.5,2000-01-01,2026-05-30
26015,NARACOORTE (LOCHABER),-36.83,140.533,SA,,9647,686,7.1,2000-01-01,2026-05-30
26016,LUCINDALE POST OFFICE,-36.973,140.366,SA,,9647,8071,83.7,2000-01-01,2026-05-30
26017,PADTHAWAY (MARCOLLAT),-36.501,140.383,SA,,9647,9318,96.6,2000-01-01,2026-05-30
26018,MILLICENT,-37.587,140.343,SA,,9647,7943,82.3,2000-01-01,2026-05-30
26019,MOUNT BURR FOREST RESERVE,-37.557,140.42,SA,,9647,0,0.0,2000-01-01,2026-05-30
26020,MOUNT GAMBIER POST OFFICE,-37.833,140.783,SA,,9647,0,0.0,2000-01-01,2026-05-30
26021,MOUNT GAMBIER AERO,-37.747,140.774,SA,,9647,9587,99.4,2000-01-01,2026-05-30
26022,MOUNT MCINTYRE,-37.55,140.55,SA,,9647,0,0.0,2000-01-01,2026-05-30
26023,NARACOORTE,-36.956,140.74,SA,,9647,547,5.7,2000-01-01,2026-05-30
26024,NARACOORTE CAVE RANGE,-37.033,140.8,SA,,9647,0,0.0,2000-01-01,2026-05-30
26025,PENOLA POST OFFICE,-37.38,140.838,SA,,9647,6939,71.9,2000-01-01,2026-05-30
26026,ROBE,-37.163,139.756,SA,,9647,9589,99.4,2000-01-01,2026-05-30
26027,TANTANOOLA,-37.696,140.46,SA,,9647,5514,57.2,2000-01-01,2026-05-30
26030,BISCUIT FLAT (WOOLMIT),-37.015,139.961,SA,,9647,3652,37.9,2000-01-01,2026-05-30
26035,NOOLOOK WELL (NOOLOOK FOREST RESERVE),-36.999,139.799,SA,,9647,598,6.2,2000-01-01,2026-05-30
26036,PENOLA STATE FOREST RESERVE,-37.489,140.827,SA,,9647,0,0.0,2000-01-01,2026-05-30
26037,BORDERTOWN (YACCA VALE),-36.582,140.729,SA,,9647,6279,65.1,2000-01-01,2026-05-30
26045,COONAWARRA,-37.3,140.833,SA,,9647,0,0.0,2000-01-01,2026-05-30
26049,POLICEMAN POINT,-36.058,139.591,SA,,9647,5660,58.7,2000-01-01,2026-05-30
26058,BORDERTOWN (BEEAMMA SECTION 95),-36.606,140.712,SA,,9647,9507,98.5,2000-01-01,2026-05-30
26062,NARACOORTE (BETTWS-Y-COED),-36.923,140.581,SA,,9647,9335,96.8,2000-01-01,2026-05-30
26065,SALT CREEK (PITLOCHRY OUTSTATION 1),-36.279,139.843,SA,,9647,6153,63.8,2000-01-01,2026-05-30
26067,MOUNT SCHANK (JETHIA),-37.959,140.77,SA,,9647,8971,93.0,2000-01-01,2026-05-30
26069,LUCINDALE (GREENVALE),-36.807,140.387,SA,,9647,9466,98.1,2000-01-01,2026-05-30
26070,KONETTA E WS,-37.267,140.117,SA,,9647,0,0.0,2000-01-01,2026-05-30
26075,WRATTONBULLY (JOEVILLE),-37.143,140.95,SA,,9647,9139,94.7,2000-01-01,2026-05-30
26078,AVENUE,-36.942,140.236,SA,,9647,5795,60.1,2000-01-01,2026-05-30
26082,STRUAN,-37.095,140.791,SA,,9647,0,0.0,2000-01-01,2026-05-30
26089,PADTHAWAY,-36.596,140.486,SA,,9647,256,2.7,2000-01-01,2026-05-30
26091,COONAWARRA,-37.291,140.825,SA,,9647,8292,86.0,2000-01-01,2026-05-30
26095,CAPE JAFFA (THE LIMESTONE),-36.965,139.716,SA,,9647,9483,98.3,2000-01-01,2026-05-30
26099,NARACOORTE AERODROME,-36.981,140.727,SA,,9647,9458,98.0,2000-01-01,2026-05-30
26100,PADTHAWAY SOUTH,-36.654,140.521,SA,,9647,9197,95.3,2000-01-01,2026-05-30
26105,ROBE AIRFIELD,-37.178,139.805,SA,,9647,8249,85.5,2000-01-01,2026-05-30
27000,AURUKUN SHIRE COUNCIL,-13.354,141.721,QLD,,9647,7347,76.2,2000-01-01,2026-05-30
27004,CAPE YORK POST OFFICE,-10.7,142.533,QLD,,9647,0,0.0,2000-01-01,2026-05-30
27005,COEN POST OFFICE,-13.945,143.201,QLD,,9647,5790,60.0,2000-01-01,2026-05-30
27006,COEN AIRPORT EVAP,-13.764,143.118,QLD,,9647,6357,65.9,2000-01-01,2026-05-30
27012,OLD MAPOON,-12.016,141.9,QLD,,9647,0,0.0,2000-01-01,2026-05-30
27013,MCDONNELL STATION,-11.55,142.467,QLD,,9647,0,0.0,2000-01-01,2026-05-30
27014,MEIN STATION,-13.183,142.8,QLD,,9647,0,0.0,2000-01-01,2026-05-30
27015,MORETON TELEGRAPH STATION,-12.454,142.639,QLD,,9647,9346,96.9,2000-01-01,2026-05-30
27019,MOA ISLAND MISSION,-10.183,142.333,QLD,,9647,0,0.0,2000-01-01,2026-05-30
27021,THURSDAY ISLAND TOWNSHIP,-10.583,142.22,QLD,,9647,923,9.6,2000-01-01,2026-05-30
27022,THURSDAY ISLAND MO,-10.585,142.21,QLD,,9647,0,0.0,2000-01-01,2026-05-30
27023,WEIPA MISSION STATION,-12.7,142.1,QLD,,9647,0,0.0,2000-01-01,2026-05-30
27031,BAMAGA,-10.897,142.384,QLD,,9647,5953,61.7,2000-01-01,2026-05-30
27038,HIGHBURY STATION,-16.423,143.146,QLD,,9647,9244,95.8,2000-01-01,2026-05-30
27039,STRATHMAY STATION,-14.886,142.802,QLD,,9647,3483,36.1,2000-01-01,2026-05-30
27042,WEIPA EASTERN AVE,-12.627,141.884,QLD,,9647,8864,91.9,2000-01-01,2026-05-30
27044,MERLUNA,-13.063,142.448,QLD,,9647,9354,97.0,2000-01-01,2026-05-30
27045,WEIPA AERO,-12.678,141.921,QLD,,9647,9517,98.7,2000-01-01,2026-05-30
27058,HORN ISLAND,-10.584,142.29,QLD,,9647,9451,98.0,2000-01-01,2026-05-30
27073,COEN AIRPORT,-13.761,143.118,QLD,,9647,8404,87.1,2000-01-01,2026-05-30
28000,LAURA POST OFFICE,-15.558,144.445,QLD,,9647,8313,86.2,2000-01-01,2026-05-30
28002,MAYTOWN,-16.05,144.3,QLD,,9647,0,0.0,2000-01-01,2026-05-30
28004,PALMERVILLE,-16.0,144.075,QLD,,9647,9405,97.5,2000-01-01,2026-05-30
28005,KING JUNCTION,-15.884,143.512,QLD,,9647,0,0.0,2000-01-01,2026-05-30
28006,WALSH RIVER POST OFFICE,-16.683,143.9,QLD,,9647,0,0.0,2000-01-01,2026-05-30
28007,MUSGRAVE,-14.78,143.504,QLD,,9647,4607,47.8,2000-01-01,2026-05-30
28008,LOCKHART RIVER AIRPORT,-12.785,143.305,QLD,,9647,9182,95.2,2000-01-01,2026-05-30
28009,ROOKWOOD STATION,-17.047,144.349,QLD,,9647,9152,94.9,2000-01-01,2026-05-30
28010,FAIRVIEW OUTSTATION,-15.499,144.282,QLD,,9647,995,10.3,2000-01-01,2026-05-30
28012,KOOLBURRA,-15.317,143.956,QLD,,9647,3791,39.3,2000-01-01,2026-05-30
28013,MAITLAND DOWNS STATION,-16.222,144.708,QLD,,9647,9512,98.6,2000-01-01,2026-05-30
28014,LILYVALE STATION,-14.489,143.678,QLD,,9647,4359,45.2,2000-01-01,2026-05-30
28015,WROTHAM PARK,-16.662,143.997,QLD,,9647,6861,71.1,2000-01-01,2026-05-30
28018,KALINGA,-15.199,143.856,QLD,,9647,1812,18.8,2000-01-01,2026-05-30
28025,PINNACLE,-15.687,143.563,QLD,,9647,9324,96.7,2000-01-01,2026-05-30
29001,AUGUSTUS DOWNS STATION,-18.545,139.871,QLD,,9647,9030,93.6,2000-01-01,2026-05-30
29002,ARIZONA,-19.532,141.353,QLD,,9647,2144,22.2,2000-01-01,2026-05-30
29003,AUCKLAND DOWNS STATION,-20.25,141.767,QLD,,9647,0,0.0,2000-01-01,2026-05-30
29004,BURKETOWN POST OFFICE,-17.742,139.548,QLD,,9647,9567,99.2,2000-01-01,2026-05-30
29005,BUNDA BUNDA,-20.074,142.209,QLD,,9647,4203,43.6,2000-01-01,2026-05-30
29006,CABANDA STATION,-20.183,141.45,QLD,,9647,0,0.0,2000-01-01,2026-05-30
29007,CANOBIE,-19.476,140.932,QLD,,9647,6183,64.1,2000-01-01,2026-05-30
29008,CLONCURRY MCILLWRAITH ST,-20.709,140.518,QLD,,9647,8877,92.0,2000-01-01,2026-05-30
29009,CLONCURRY AERO,-20.672,140.508,QLD,,9647,0,0.0,2000-01-01,2026-05-30
29011,CROWFELS STATION,-20.167,141.851,QLD,,9647,7541,78.2,2000-01-01,2026-05-30
29012,CROYDON TOWNSHIP,-18.204,142.245,QLD,,9647,9296,96.4,2000-01-01,2026-05-30
29013,DONORS HILL STATION,-18.714,140.547,QLD,,9647,7100,73.6,2000-01-01,2026-05-30
29014,DUNBAR STATION,-16.041,142.379,QLD,,9647,8471,87.8,2000-01-01,2026-05-30
29015,EDDINGTON STATION,-20.653,141.549,QLD,,9647,6482,67.2,2000-01-01,2026-05-30
29016,ESMERALDA STATION,-18.852,142.574,QLD,,9647,6667,69.1,2000-01-01,2026-05-30
29017,EULOLO STATION,-21.233,141.55,QLD,,9647,0,0.0,2000-01-01,2026-05-30
29019,GILBERT RIVER POST OFFICE,-18.15,142.85,QLD,,9647,0,0.0,2000-01-01,2026-05-30
29020,GILLIAT POST OFFICE,-20.7,141.5,QLD,,9647,0,0.0,2000-01-01,2026-05-30
29022,GRANADA STATION,-20.092,140.368,QLD,,9647,4368,45.3,2000-01-01,2026-05-30
29023,IFFLEY STATION,-18.87,141.208,QLD,,9647,5808,60.2,2000-01-01,2026-05-30
29025,JULIA CREEK POST OFFICE,-20.657,141.746,QLD,,9647,3979,41.2,2000-01-01,2026-05-30
29026,KAJABBI KALKADOON HOTEL,-20.03,140.038,QLD,,9647,2930,30.4,2000-01-01,2026-05-30
29027,KAMILAROI STATION,-19.36,140.041,QLD,,9647,9267,96.1,2000-01-01,2026-05-30
29028,KARUMBA AIRPORT,-17.455,140.831,QLD,,9647,3572,37.0,2000-01-01,2026-05-30
29029,KOOLATAH STATION,-15.893,142.444,QLD,,9647,2980,30.9,2000-01-01,2026-05-30
29030,LANDS END STATION,-20.425,141.405,QLD,,9647,9560,99.1,2000-01-01,2026-05-30
29031,LAWN HILL,-18.581,138.581,QLD,,9647,5440,56.4,2000-01-01,2026-05-30
29032,LORRAINE,-19.007,139.896,QLD,,9647,7578,78.6,2000-01-01,2026-05-30
29034,MCKINLAY ROADHOUSE,-21.272,141.289,QLD,,9647,8030,83.2,2000-01-01,2026-05-30
29035,MILGARRA,-18.205,140.887,QLD,,9647,0,0.0,2000-01-01,2026-05-30
29036,MILLUNGERA STATION,-19.858,141.557,QLD,,9647,8299,86.0,2000-01-01,2026-05-30
29037,MIRANDA DOWNS STATION,-17.33,141.88,QLD,,9647,9257,96.0,2000-01-01,2026-05-30
29038,KOWANYAMA AIRPORT,-15.482,141.748,QLD,,9647,9479,98.3,2000-01-01,2026-05-30
29039,MORNINGTON ISLAND,-16.664,139.184,QLD,,9647,4788,49.6,2000-01-01,2026-05-30
29040,MORSTONE STATION,-19.526,138.366,QLD,,9647,4695,48.7,2000-01-01,2026-05-30
29041,NORMANTON POST OFFICE,-17.671,141.067,QLD,,9647,578,6.0,2000-01-01,2026-05-30
29044,PROSPECT STATION,-18.917,142.25,QLD,,9647,0,0.0,2000-01-01,2026-05-30
29045,STRATHMORE,-17.862,142.56,QLD,,9647,1762,18.3,2000-01-01,2026-05-30
29047,UNDILLA STATION,-19.624,138.639,QLD,,9647,9557,99.1,2000-01-01,2026-05-30
29048,VANROOK STATION,-16.968,141.955,QLD,,9647,6265,64.9,2000-01-01,2026-05-30
29049,WERRINA STATION,-20.444,141.455,QLD,,9647,6363,66.0,2000-01-01,2026-05-30
29050,WONDOOLA STATION,-18.574,140.897,QLD,,9647,5227,54.2,2000-01-01,2026-05-30
29051,ZONIA DOWNS,-20.016,141.905,QLD,,9647,6249,64.8,2000-01-01,2026-05-30
29052,PORMPURAAW TOWNSHIP,-14.899,141.619,QLD,,9647,4038,41.9,2000-01-01,2026-05-30
29054,INORUNIE STATION,-18.209,142.657,QLD,,9647,5497,57.0,2000-01-01,2026-05-30
29057,STIRLING STATION,-17.183,141.711,QLD,,9647,4327,44.9,2000-01-01,2026-05-30
29058,JULIA CREEK AIRPORT,-20.667,141.721,QLD,,9647,8726,90.5,2000-01-01,2026-05-30
29061,HERBERT VALE,-18.952,138.053,QLD,,9647,9489,98.4,2000-01-01,2026-05-30
29063,NORMANTON AIRPORT,-17.687,141.073,QLD,,9647,8785,91.1,2000-01-01,2026-05-30
29065,NARDOO STATION,-18.788,139.712,QLD,,9647,8333,86.4,2000-01-01,2026-05-30
29066,RIVERSLEIGH STATION,-19.028,138.74,QLD,,9647,3639,37.7,2000-01-01,2026-05-30
29069,WESTMORELAND STATION,-17.338,138.251,QLD,,9647,9221,95.6,2000-01-01,2026-05-30
29071,FLORAVILLE DOWNS STATION,-18.228,139.874,QLD,,9647,1536,15.9,2000-01-01,2026-05-30
29072,KARUMBA PILOT STATION,-17.467,140.833,QLD,,9647,0,0.0,2000-01-01,2026-05-30
29075,FORT CONSTANTINE STATION,-20.474,140.583,QLD,,9647,7822,81.1,2000-01-01,2026-05-30
29076,MAGOWRA STATION,-17.779,140.879,QLD,,9647,3641,37.7,2000-01-01,2026-05-30
29077,BURKETOWN AIRPORT,-17.748,139.536,QLD,,9647,8805,91.3,2000-01-01,2026-05-30
29080,NORFOLK STATION,-19.314,138.332,QLD,,9647,4928,51.1,2000-01-01,2026-05-30
29081,GREGORY DOWNS STATION,-18.503,139.29,QLD,,9647,4217,43.7,2000-01-01,2026-05-30
29086,COWAN DOWNS STATION,-18.961,140.539,QLD,,9647,3594,37.3,2000-01-01,2026-05-30
29089,CLONAGH STATION,-20.141,140.681,QLD,,9647,4342,45.0,2000-01-01,2026-05-30
29090,TOORAK RESEARCH STATION,-21.034,141.801,QLD,,9647,4377,45.4,2000-01-01,2026-05-30
29091,COOLULLAH STATION,-19.825,140.161,QLD,,9647,4187,43.4,2000-01-01,2026-05-30
29092,BRINARD STATION,-19.839,140.934,QLD,,9647,9191,95.3,2000-01-01,2026-05-30
29093,DOOMADGEE SHARP STREET,-17.943,138.822,QLD,,9647,0,0.0,2000-01-01,2026-05-30
29098,PENOLA DOWNS STATION,-21.517,141.448,QLD,,9647,1762,18.3,2000-01-01,2026-05-30
29099,DALGONALLY STATION,-20.124,141.319,QLD,,9647,3267,33.9,2000-01-01,2026-05-30
29100,GREGORY DOWNS OUTSTATION,-18.642,139.252,QLD,,9647,5286,54.8,2000-01-01,2026-05-30
29105,CARSLAND,-20.502,140.316,QLD,,9647,5015,52.0,2000-01-01,2026-05-30
29110,RUTLAND PLAINS STATION,-15.639,141.823,QLD,,9647,4466,46.3,2000-01-01,2026-05-30
29118,CALTON HILLS STATION,-20.144,139.414,QLD,,9647,6910,71.6,2000-01-01,2026-05-30
29120,SELWYN WRC,-21.533,140.5,QLD,,9647,0,0.0,2000-01-01,2026-05-30
29121,WEST LEICHHARDT STATION,-20.596,139.694,QLD,,9647,9426,97.7,2000-01-01,2026-05-30
29124,MALBON RAILWAY STATION,-21.067,140.3,QLD,,9647,0,0.0,2000-01-01,2026-05-30
29125,MOUNT ISA POST OFFICE,-20.733,139.483,QLD,,9647,0,0.0,2000-01-01,2026-05-30
29126,MOUNT ISA MINE,-20.736,139.482,QLD,,9647,9485,98.3,2000-01-01,2026-05-30
29127,MOUNT ISA AERO,-20.678,139.488,QLD,,9647,9389,97.3,2000-01-01,2026-05-30
29129,DEVONCOURT STATION,-21.215,140.233,QLD,,9647,9417,97.6,2000-01-01,2026-05-30
29130,MIM RIFLE CREEK,-20.954,139.586,QLD,,9647,5249,54.4,2000-01-01,2026-05-30
29132,MANFRED DOWNS STATION,-20.14,141.43,QLD,,9647,9544,98.9,2000-01-01,2026-05-30
29137,NUMIL DOWNS STATION,-19.666,141.396,QLD,,9647,5862,60.8,2000-01-01,2026-05-30
29139,SWEERS ISLAND,-17.114,139.598,QLD,,9647,8997,93.3,2000-01-01,2026-05-30
29141,CLONCURRY AIRPORT,-20.666,140.505,QLD,,9647,9379,97.2,2000-01-01,2026-05-30
29167,CENTURY MINE,-18.757,138.706,QLD,,9647,8178,84.8,2000-01-01,2026-05-30
30000,ABINGDON DOWNS STATION,-17.608,143.179,QLD,,9647,7158,74.2,2000-01-01,2026-05-30
30001,AFTON DOWNS STATION,-21.0,144.0,QLD,,9647,0,0.0,2000-01-01,2026-05-30
30004,ARJUNA STATION,-21.017,143.4,QLD,,9647,0,0.0,2000-01-01,2026-05-30
30005,BLUFF DOWNS STATION,-19.683,145.533,QLD,,9647,0,0.0,2000-01-01,2026-05-30
30006,BOREMBA STATION,-20.669,143.738,QLD,,9647,512,5.3,2000-01-01,2026-05-30
30007,CAMBRIDGE DOWNS STATION,-20.433,142.967,QLD,,9647,0,0.0,2000-01-01,2026-05-30
30008,CARPENTARIA DOWNS STATION,-18.719,144.318,QLD,,9647,3756,38.9,2000-01-01,2026-05-30
30009,CARGOON STATION,-20.008,144.899,QLD,,9647,5171,53.6,2000-01-01,2026-05-30
30010,DUTTON RIVER STATION,-20.432,143.863,QLD,,9647,7008,72.6,2000-01-01,2026-05-30
30011,CHUDLEIGH PARK STATION,-19.7,144.117,QLD,,9647,0,0.0,2000-01-01,2026-05-30
30012,CLUTHA STATION,-20.367,142.517,QLD,,9647,0,0.0,2000-01-01,2026-05-30
30013,CUMBERLAND STATION,-18.3,143.4,QLD,,9647,0,0.0,2000-01-01,2026-05-30
30014,EINASLEIGH TOWNSHIP,-18.519,144.091,QLD,,9647,2800,29.0,2000-01-01,2026-05-30
30015,ESSEX DOWNS STATION,-21.123,143.039,QLD,,9647,0,0.0,2000-01-01,2026-05-30
30016,EWAN PLAINS STATION,-21.267,144.833,QLD,,9647,0,0.0,2000-01-01,2026-05-30
30018,GEORGETOWN POST OFFICE,-18.292,143.548,QLD,,9647,3478,36.1,2000-01-01,2026-05-30
30019,GILBERTON,-19.261,143.686,QLD,,9647,7396,76.7,2000-01-01,2026-05-30
30020,GLENBERVIE STATION,-21.233,141.894,QLD,,9647,1488,15.4,2000-01-01,2026-05-30
30021,GLENDOWER STATION,-20.739,144.485,QLD,,9647,9263,96.0,2000-01-01,2026-05-30
30022,HUGHENDEN AIRPORT,-20.819,144.233,QLD,,9647,8918,92.4,2000-01-01,2026-05-30
30023,HOMESTEAD POST OFFICE,-20.362,145.655,QLD,,9647,4295,44.5,2000-01-01,2026-05-30
30024,HUGHENDEN POST OFFICE,-20.845,144.199,QLD,,9647,427,4.4,2000-01-01,2026-05-30
30025,HUGHENDEN STATION,-20.853,144.226,QLD,,9647,8249,85.5,2000-01-01,2026-05-30
30026,KENMAC STATION,-20.451,143.229,QLD,,9647,2303,23.9,2000-01-01,2026-05-30
30027,KIDSTON GOLD MINE,-18.876,144.143,QLD,,9647,690,7.2,2000-01-01,2026-05-30
30029,LAMMERMOOR STATION,-21.283,144.633,QLD,,9647,0,0.0,2000-01-01,2026-05-30
30030,LYNDHURST STATION,-19.204,144.37,QLD,,9647,9256,95.9,2000-01-01,2026-05-30
30031,MARATHON RAILWAY STATION,-20.867,143.567,QLD,,9647,0,0.0,2000-01-01,2026-05-30
30032,MARYVALE STATION,-19.546,145.253,QLD,,9647,3537,36.7,2000-01-01,2026-05-30
30033,MAXWELTON POST OFFICE,-20.719,142.681,QLD,,9647,1669,17.3,2000-01-01,2026-05-30
30034,MERLIN STATION,-21.117,144.81,QLD,,9647,6400,66.3,2000-01-01,2026-05-30
30035,MOSELLE DOWNS STATION,-20.863,143.305,QLD,,9647,0,0.0,2000-01-01,2026-05-30
30036,MOUNT SURPRISE TOWNSHIP,-18.147,144.318,QLD,,9647,8385,86.9,2000-01-01,2026-05-30
30037,NELIA POST OFFICE,-20.155,142.214,QLD,,9647,3824,39.6,2000-01-01,2026-05-30
30038,NONDA DOWNS STATION,-20.674,142.493,QLD,,9647,2505,26.0,2000-01-01,2026-05-30
30039,OAK PARK STATION,-19.254,144.154,QLD,,9647,8482,87.9,2000-01-01,2026-05-30
30040,PENTLAND POST OFFICE,-20.524,145.399,QLD,,9647,4154,43.1,2000-01-01,2026-05-30
30041,THE RANCH PRAIRIE,-20.871,144.6,QLD,,9647,7577,78.5,2000-01-01,2026-05-30
30042,PRESTWOOD STATION,-18.279,143.224,QLD,,9647,2801,29.0,2000-01-01,2026-05-30
30043,PROA STATION,-20.894,142.144,QLD,,9647,5953,61.7,2000-01-01,2026-05-30
30045,RICHMOND POST OFFICE,-20.729,143.143,QLD,,9647,8269,85.7,2000-01-01,2026-05-30
30046,ROSELLA PLAINS STATION,-18.422,144.463,QLD,,9647,5910,61.3,2000-01-01,2026-05-30
30047,SAXBY DOWNS STATION,-20.036,142.491,QLD,,9647,1461,15.1,2000-01-01,2026-05-30
30048,SPRING CREEK STATION,-18.624,144.574,QLD,,9647,9442,97.9,2000-01-01,2026-05-30
30049,STAMFORD STATION,-21.268,143.809,QLD,,9647,0,0.0,2000-01-01,2026-05-30
30051,TORRENS CREEK,-20.769,145.021,QLD,,9647,5222,54.1,2000-01-01,2026-05-30
30052,WANDO VALE STATION,-19.673,144.89,QLD,,9647,3347,34.7,2000-01-01,2026-05-30
30054,WILBURRA DOWNS STATION,-20.813,143.233,QLD,,9647,1823,18.9,2000-01-01,2026-05-30
30055,FORSAYTH,-18.588,143.602,QLD,,9647,4607,47.8,2000-01-01,2026-05-30
30057,ZARA STATION,-21.214,144.364,QLD,,9647,6717,69.6,2000-01-01,2026-05-30
30061,CONJUBOY STATION,-18.684,144.745,QLD,,9647,7906,82.0,2000-01-01,2026-05-30
30068,OAK VALLEY STATION,-19.464,144.319,QLD,,9647,5034,52.2,2000-01-01,2026-05-30
30070,FOREST HOME STATION,-18.242,143.032,QLD,,9647,0,0.0,2000-01-01,2026-05-30
30072,LOW HOLM STATION,-20.097,144.988,QLD,,9647,9526,98.7,2000-01-01,2026-05-30
30075,SOLWAY DOWNS STATION,-20.095,142.693,QLD,,9647,6137,63.6,2000-01-01,2026-05-30
30081,BURLEIGH STATION,-20.263,143.11,QLD,,9647,5828,60.4,2000-01-01,2026-05-30
30082,GREGORY SPRINGS STATION,-19.704,144.377,QLD,,9647,9512,98.6,2000-01-01,2026-05-30
30083,TOOMBA STUD,-19.971,145.585,QLD,,9647,9291,96.3,2000-01-01,2026-05-30
30088,WERRINGTON STATION,-19.377,144.116,QLD,,9647,8817,91.4,2000-01-01,2026-05-30
30090,BAGSTOWE STATION,-19.196,144.001,QLD,,9647,8289,85.9,2000-01-01,2026-05-30
30091,IRONHURST STATION,-18.081,143.462,QLD,,9647,5832,60.5,2000-01-01,2026-05-30
30092,CLARAFIELD STATION,-21.267,142.217,QLD,,9647,0,0.0,2000-01-01,2026-05-30
30093,ELLENVALE STATION,-19.922,144.958,QLD,,9647,3055,31.7,2000-01-01,2026-05-30
30094,MILRAY STATION WRC,-20.691,145.699,QLD,,9647,2186,22.7,2000-01-01,2026-05-30
30096,PATROY STATION,-20.917,143.017,QLD,,9647,0,0.0,2000-01-01,2026-05-30
30100,ACTION DOWNS STATION,-20.517,143.283,QLD,,9647,0,0.0,2000-01-01,2026-05-30
30102,MOUNT TURNER STATION,-18.178,143.362,QLD,,9647,9321,96.6,2000-01-01,2026-05-30
30103,EVELEIGH STATION,-18.223,143.97,QLD,,9647,8714,90.3,2000-01-01,2026-05-30
30106,THE LYND STATION,-18.937,144.491,QLD,,9647,9406,97.5,2000-01-01,2026-05-30
30107,ROBINHOOD STATION,-18.838,143.709,QLD,,9647,7866,81.5,2000-01-01,2026-05-30
30113,BLACKBRAES N.P,-19.538,144.205,QLD,,9647,2116,21.9,2000-01-01,2026-05-30
30115,LUCKY SPRINGS STATION,-19.055,144.959,QLD,,9647,6963,72.2,2000-01-01,2026-05-30
30123,MARATHON,-20.822,143.577,QLD,,9647,668,6.9,2000-01-01,2026-05-30
30127,WOODBINE STATION,-20.994,144.643,QLD,,9647,9383,97.3,2000-01-01,2026-05-30
30132,FLETCHER VALE STATION,-19.802,145.859,QLD,,9647,354,3.7,2000-01-01,2026-05-30
30133,KYNUNA,-21.578,141.919,QLD,,9647,1726,17.9,2000-01-01,2026-05-30
30136,LONGTON STATION,-20.948,145.892,QLD,,9647,300,3.1,2000-01-01,2026-05-30
30137,HILLGROVE STATION,-19.635,145.789,QLD,,9647,9551,99.0,2000-01-01,2026-05-30
30138,STRATHTAY STATION,-20.211,144.677,QLD,,9647,5097,52.8,2000-01-01,2026-05-30
30140,CHILLAGOE,-17.154,144.524,QLD,,9647,5521,57.2,2000-01-01,2026-05-30
30149,HILLVIEW STATION,-21.044,144.099,QLD,,9647,9578,99.3,2000-01-01,2026-05-30
30160,GREENVALE TOWNSHIP,-19.0,144.977,QLD,,9647,5472,56.7,2000-01-01,2026-05-30
30161,RICHMOND AIRPORT,-20.7,143.114,QLD,,9647,9404,97.5,2000-01-01,2026-05-30
31001,ARCHER POINT LIGHTHOUSE,-15.6,145.333,QLD,,9647,0,0.0,2000-01-01,2026-05-30
31002,ATHERTON POST OFFICE,-17.267,145.483,QLD,,9647,0,0.0,2000-01-01,2026-05-30
31003,AYTON,-15.917,145.35,QLD,,9647,0,0.0,2000-01-01,2026-05-30
31004,BABINDA POST OFFICE,-17.344,145.922,QLD,,9647,7397,76.7,2000-01-01,2026-05-30
31005,BARRINE,-17.217,145.617,QLD,,9647,0,0.0,2000-01-01,2026-05-30
31008,BIBOOHRA,-16.892,145.419,QLD,,9647,7638,79.2,2000-01-01,2026-05-30
31010,CAIRNS POST OFFICE,-16.933,145.783,QLD,,9647,0,0.0,2000-01-01,2026-05-30
31011,CAIRNS AERO,-16.874,145.746,QLD,,9647,9241,95.8,2000-01-01,2026-05-30
31012,CAPE TRIBULATION STORE,-16.097,145.458,QLD,,9647,9184,95.2,2000-01-01,2026-05-30
31015,CLOHESY RIVER,-16.912,145.567,QLD,,9647,0,0.0,2000-01-01,2026-05-30
31016,COOKTOWN POST OFFICE,-15.463,145.25,QLD,,9647,0,0.0,2000-01-01,2026-05-30
31017,COOKTOWN MISSION STRIP,-15.449,145.186,QLD,,9647,6698,69.4,2000-01-01,2026-05-30
31020,DANBULLA FORESTRY,-17.16,145.625,QLD,,9647,0,0.0,2000-01-01,2026-05-30
31021,DEERAL,-17.208,145.909,QLD,,9647,7613,78.9,2000-01-01,2026-05-30
31022,DIMBULAH BRICKLEY ST,-17.149,145.109,QLD,,9647,1552,16.1,2000-01-01,2026-05-30
31024,EVELYN STATE FOREST,-17.535,145.482,QLD,,9647,7904,81.9,2000-01-01,2026-05-30
31025,GADGARRA FOREST RESERVE,-17.3,145.7,QLD,,9647,0,0.0,2000-01-01,2026-05-30
31026,GLEN BOUGHTON,-16.95,145.8,QLD,,9647,0,0.0,2000-01-01,2026-05-30
31028,HAMBLEDON MILL CSR,-17.019,145.723,QLD,,9647,0,0.0,2000-01-01,2026-05-30
31029,HERBERTON MOWBRAY RD,-17.38,145.388,QLD,,9647,3200,33.2,2000-01-01,2026-05-30
31030,HOPE VALE,-15.294,145.107,QLD,,9647,3887,40.3,2000-01-01,2026-05-30
31032,IRVINEBANK,-17.431,145.203,QLD,,9647,9493,98.4,2000-01-01,2026-05-30
31033,JULATTEN,-16.598,145.363,QLD,,9647,6555,67.9,2000-01-01,2026-05-30
31034,KAIRI RESEARCH STATION,-17.219,145.565,QLD,,9647,4411,45.7,2000-01-01,2026-05-30
31035,KOAH,-16.842,145.523,QLD,,9647,0,0.0,2000-01-01,2026-05-30
31036,KURANDA RAILWAY STATION,-16.818,145.638,QLD,,9647,9539,98.9,2000-01-01,2026-05-30
31038,MALANDA POST OFFICE,-17.353,145.592,QLD,,9647,3327,34.5,2000-01-01,2026-05-30
31039,MAREEBA POST OFFICE,-17.017,145.417,QLD,,9647,0,0.0,2000-01-01,2026-05-30
31040,MERINGA SUGAR EXP STN,-17.069,145.774,QLD,,9647,6891,71.4,2000-01-01,2026-05-30
31042,MILLAA MILLAA POST OFFICE,-17.51,145.61,QLD,,9647,0,0.0,2000-01-01,2026-05-30
31043,MOUNT MOLLOY POST OFFICE,-16.675,145.329,QLD,,9647,0,0.0,2000-01-01,2026-05-30
31044,MOSSMAN CENTRAL MILL,-16.459,145.38,QLD,,9647,8026,83.2,2000-01-01,2026-05-30
31045,MOSSMAN POST OFFICE,-16.462,145.375,QLD,,9647,0,0.0,2000-01-01,2026-05-30
31046,MT GARNET POST OFFICE,-17.677,145.115,QLD,,9647,8715,90.3,2000-01-01,2026-05-30
31048,MOWBRAY,-16.567,145.467,QLD,,9647,0,0.0,2000-01-01,2026-05-30
31049,MULGRAVE MILL,-17.093,145.791,QLD,,9647,8331,86.4,2000-01-01,2026-05-30
31050,PEERAMON,-17.312,145.622,QLD,,9647,0,0.0,2000-01-01,2026-05-30
31051,PETFORD,-17.344,144.931,QLD,,9647,9432,97.8,2000-01-01,2026-05-30
31052,PORT DOUGLAS - WARNER ST,-16.483,145.464,QLD,,9647,5985,62.0,2000-01-01,2026-05-30
31053,RAVENSHOE KURADILLA STREET,-17.607,145.481,QLD,,9647,3414,35.4,2000-01-01,2026-05-30
31054,SHOTTERY,-17.617,145.55,QLD,,9647,0,0.0,2000-01-01,2026-05-30
31055,MOSSMAN SOUTH ALCHERA DRIVE,-16.473,145.375,QLD,,9647,6781,70.3,2000-01-01,2026-05-30
31057,TOLGA POST OFFICE,-17.224,145.479,QLD,,9647,0,0.0,2000-01-01,2026-05-30
31061,WALKAMIN POST OFFICE,-17.133,145.433,QLD,,9647,0,0.0,2000-01-01,2026-05-30
31062,WHYANBEEL VALLEY,-16.391,145.351,QLD,,9647,9559,99.1,2000-01-01,2026-05-30
31064,YARRABAH COMM COUNCIL,-16.908,145.889,QLD,,9647,1612,16.7,2000-01-01,2026-05-30
31065,YUNGABURRA,-17.264,145.589,QLD,,9647,2809,29.1,2000-01-01,2026-05-30
31066,MAREEBA QWRC,-16.995,145.425,QLD,,9647,2586,26.8,2000-01-01,2026-05-30
31069,INNOT HOT SPRINGS TOWNSHIP,-17.67,145.241,QLD,,9647,9438,97.8,2000-01-01,2026-05-30
31075,TINAROO FALLS DAM,-17.169,145.548,QLD,,9647,9009,93.4,2000-01-01,2026-05-30
31076,PARADA RESEARCH STATION,-17.147,145.24,QLD,,9647,0,0.0,2000-01-01,2026-05-30
31078,VINE CREEK,-17.683,145.533,QLD,,9647,0,0.0,2000-01-01,2026-05-30
31083,KOOMBOOLOOMBA DAM,-17.84,145.596,QLD,,9647,2224,23.1,2000-01-01,2026-05-30
31085,KAREEYA,-17.767,145.578,QLD,,9647,4345,45.0,2000-01-01,2026-05-30
31089,GORDONVALE POST OFFICE,-17.093,145.787,QLD,,9647,127,1.3,2000-01-01,2026-05-30
31094,GRASSY HILL RADIO OTC,-15.467,145.25,QLD,,9647,0,0.0,2000-01-01,2026-05-30
31095,THORNBOROUGH,-16.95,145.0,QLD,,9647,0,0.0,2000-01-01,2026-05-30
31102,DAINTREE TEA,-16.194,145.406,QLD,,9647,3790,39.3,2000-01-01,2026-05-30
31103,GUNNAWARRA,-17.947,145.162,QLD,,9647,0,0.0,2000-01-01,2026-05-30
31104,MT SOPHIA,-17.164,145.878,QLD,,9647,9064,94.0,2000-01-01,2026-05-30
31106,WUJAL WUJAL COMMUNITY,-15.946,145.32,QLD,,9647,0,0.0,2000-01-01,2026-05-30
31107,MOUNT OLIVE,-15.421,145.062,QLD,,9647,8919,92.5,2000-01-01,2026-05-30
31108,WALKAMIN RESEARCH STATION,-17.135,145.428,QLD,,9647,9191,95.3,2000-01-01,2026-05-30
31110,LAKELAND DOWNS STATION,-15.833,144.85,QLD,,9647,0,0.0,2000-01-01,2026-05-30
31112,SHIPTONS FLAT,-15.795,145.245,QLD,,9647,7325,75.9,2000-01-01,2026-05-30
31116,GLEN GORDON STATION,-17.772,145.336,QLD,,9647,0,0.0,2000-01-01,2026-05-30
31119,WOODLEIGH,-17.676,145.278,QLD,,9647,9237,95.7,2000-01-01,2026-05-30
31124,MAREEBA SOUTH EDGE RES,-16.979,145.352,QLD,,9647,4142,42.9,2000-01-01,2026-05-30
31125,UPPER BARRON,-17.344,145.503,QLD,,9647,9202,95.4,2000-01-01,2026-05-30
31129,HAZELMERE,-15.389,145.036,QLD,,9647,6202,64.3,2000-01-01,2026-05-30
31130,TOPAZ TOWALLA RD,-17.438,145.72,QLD,,9647,1637,17.0,2000-01-01,2026-05-30
31131,ALMADEN,-17.339,144.68,QLD,,9647,9310,96.5,2000-01-01,2026-05-30
31138,MANDALEE,-17.733,145.267,QLD,,9647,0,0.0,2000-01-01,2026-05-30
31140,BELLENDEN KER BOTTOM STN,-17.27,145.9,QLD,,9647,6773,70.2,2000-01-01,2026-05-30
31141,BELLENDEN KER TOP STN,-17.264,145.854,QLD,,9647,4863,50.4,2000-01-01,2026-05-30
31144,HAPPY VALLEY,-17.348,145.893,QLD,,9647,6889,71.4,2000-01-01,2026-05-30
31151,UPPER FRESHWATER,-16.967,145.683,QLD,,9647,0,0.0,2000-01-01,2026-05-30
31152,BARRON GORGE POWER STN,-16.85,145.65,QLD,,9647,0,0.0,2000-01-01,2026-05-30
31156,GLEN RUTH STATION,-18.067,145.417,QLD,,9647,0,0.0,2000-01-01,2026-05-30
31158,GLEN HARDING,-18.253,145.127,QLD,,9647,9136,94.7,2000-01-01,2026-05-30
31161,ATHERTON CSIRO,-17.262,145.473,QLD,,9647,0,0.0,2000-01-01,2026-05-30
31163,BARRON UPPER 1,-17.398,145.506,QLD,,9647,0,0.0,2000-01-01,2026-05-30
31175,MEADOWBANK,-18.242,144.988,QLD,,9647,5172,53.6,2000-01-01,2026-05-30
31190,MAREEBA AIRPORT,-17.071,145.429,QLD,,9647,912,9.5,2000-01-01,2026-05-30
31193,ATHERTON,-17.255,145.48,QLD,,9647,3215,33.3,2000-01-01,2026-05-30
31201,REDLYNCH STATE SCHOOL,-16.908,145.696,QLD,,9647,825,8.6,2000-01-01,2026-05-30
31202,HERBERTON FLETCHER,-17.398,145.367,QLD,,9647,274,2.8,2000-01-01,2026-05-30
31209,COOKTOWN AIRPORT,-15.446,145.186,QLD,,9647,9122,94.6,2000-01-01,2026-05-30
31210,MAREEBA AIRPORT,-17.07,145.429,QLD,,9647,9304,96.4,2000-01-01,2026-05-30
31213,CAPE FLATTERY,-14.967,145.311,QLD,,9647,8164,84.6,2000-01-01,2026-05-30
32001,BAMBAROO,-18.883,146.17,QLD,,9647,9428,97.7,2000-01-01,2026-05-30
32002,BEMERSIDE,-18.574,146.223,QLD,,9647,9412,97.6,2000-01-01,2026-05-30
32004,CARDWELL MARINE PDE,-18.254,146.019,QLD,,9647,8921,92.5,2000-01-01,2026-05-30
32005,CAPE CLEVELAND LIGHTHOUSE,-19.183,147.017,QLD,,9647,0,0.0,2000-01-01,2026-05-30
32007,CASHMERE,-18.15,145.35,QLD,,9647,0,0.0,2000-01-01,2026-05-30
32008,CLARKE RIVER TELECOM,-19.217,145.433,QLD,,9647,0,0.0,2000-01-01,2026-05-30
32009,BINGIL BAY,-17.835,146.099,QLD,,9647,9576,99.3,2000-01-01,2026-05-30
32016,FLYING FISH POINT,-17.495,146.074,QLD,,9647,1894,19.6,2000-01-01,2026-05-30
32018,GLENEAGLE,-18.168,145.338,QLD,,9647,3104,32.2,2000-01-01,2026-05-30
32021,GOONDI MILL CSR,-17.517,146.017,QLD,,9647,0,0.0,2000-01-01,2026-05-30
32023,HALIFAX MACROSSAN ST,-18.582,146.284,QLD,,9647,9269,96.1,2000-01-01,2026-05-30
32024,INGHAM POST OFFICE,-18.65,146.167,QLD,,9647,0,0.0,2000-01-01,2026-05-30
32025,INNISFAIL,-17.525,146.035,QLD,,9647,7481,77.5,2000-01-01,2026-05-30
32027,KANGAROO HILLS STATION,-18.933,145.67,QLD,,9647,8211,85.1,2000-01-01,2026-05-30
32028,KIRRAMA STATION,-18.14,145.61,QLD,,9647,32,0.3,2000-01-01,2026-05-30
32029,LONG POCKET,-18.533,146.0,QLD,,9647,0,0.0,2000-01-01,2026-05-30
32031,LUCINDA TOWNSHIP,-18.526,146.333,QLD,,9647,7979,82.7,2000-01-01,2026-05-30
32032,MACKNADE SUGAR MILL,-18.587,146.255,QLD,,9647,7770,80.5,2000-01-01,2026-05-30
32034,MOURILYAN POST OFFICE,-17.585,146.042,QLD,,9647,0,0.0,2000-01-01,2026-05-30
32036,OAK HILLS STATION,-18.533,145.6,QLD,,9647,0,0.0,2000-01-01,2026-05-30
32037,SOUTH JOHNSTONE EXP STN,-17.605,145.997,QLD,,9647,7658,79.4,2000-01-01,2026-05-30
32038,SOUTH JOHNSTONE POST OFFICE,-17.6,146.0,QLD,,9647,0,0.0,2000-01-01,2026-05-30
32040,TOWNSVILLE AERO,-19.248,146.766,QLD,,9647,9616,99.7,2000-01-01,2026-05-30
32041,TOWNSVILLE RAILWAY STN,-19.268,146.815,QLD,,9647,0,0.0,2000-01-01,2026-05-30
32042,TULLY SUGAR MILL,-17.936,145.925,QLD,,9647,9597,99.5,2000-01-01,2026-05-30
32043,UPPER STONE EXELBY,-18.722,145.924,QLD,,9647,9431,97.8,2000-01-01,2026-05-30
32044,VALLEY OF LAGOONS,-18.661,145.103,QLD,,9647,3159,32.7,2000-01-01,2026-05-30
32045,VICTORIA SUGAR MILL,-18.651,146.205,QLD,,9647,8012,83.1,2000-01-01,2026-05-30
32047,TOWNSVILLE PILOT STATION,-19.267,146.817,QLD,,9647,0,0.0,2000-01-01,2026-05-30
32048,WAIRUNA STATION,-18.45,145.317,QLD,,9647,0,0.0,2000-01-01,2026-05-30
32050,YABULU QLD NICKEL,-19.203,146.613,QLD,,9647,9446,97.9,2000-01-01,2026-05-30
32055,SILKWOOD POST OFFICE,-17.737,146.003,QLD,,9647,0,0.0,2000-01-01,2026-05-30
32057,OONOONBA,-19.29,146.811,QLD,,9647,5342,55.4,2000-01-01,2026-05-30
32059,WEONA,-18.821,145.847,QLD,,9647,1873,19.4,2000-01-01,2026-05-30
32061,BOTTOM OF PIN GIN HILL,-17.533,145.967,QLD,,9647,0,0.0,2000-01-01,2026-05-30
32063,BLUE RANGE,-19.165,145.42,QLD,,9647,8408,87.2,2000-01-01,2026-05-30
32064,PALUMA IVY COTTAGE,-19.007,146.207,QLD,,9647,8310,86.1,2000-01-01,2026-05-30
32072,SOUTH JOHNSTONE SUGAR MILL,-17.6,146.0,QLD,,9647,0,0.0,2000-01-01,2026-05-30
32073,LAUDHAN PARK,-19.45,146.75,QLD,,9647,0,0.0,2000-01-01,2026-05-30
32078,INGHAM COMPOSITE,-18.647,146.173,QLD,,9647,8868,91.9,2000-01-01,2026-05-30
32082,CRAIGS POCKET STATION,-18.563,144.989,QLD,,9647,7185,74.5,2000-01-01,2026-05-30
32085,CAMEL CREEK STATION,-18.837,145.471,QLD,,9647,8404,87.1,2000-01-01,2026-05-30
32089,LAROONA STATION,-19.348,145.981,QLD,,9647,8433,87.4,2000-01-01,2026-05-30
32091,ELPHINSTONE POCKET NO1,-18.499,146.004,QLD,,9647,7218,74.8,2000-01-01,2026-05-30
32098,ROLLINGSTONE,-19.044,146.409,QLD,,9647,9301,96.4,2000-01-01,2026-05-30
32099,HORSESHOE BEND,-18.994,146.019,QLD,,9647,9316,96.6,2000-01-01,2026-05-30
32101,MUTARNEE STORE,-18.956,146.289,QLD,,9647,9354,97.0,2000-01-01,2026-05-30
32104,CHRISTMAS CREEK STATION,-19.095,145.354,QLD,,9647,5082,52.7,2000-01-01,2026-05-30
32105,GOSHEN STATION,-18.146,145.439,QLD,,9647,7628,79.1,2000-01-01,2026-05-30
32106,EAST PALMERSTON NERADA,-17.547,145.883,QLD,,9647,0,0.0,2000-01-01,2026-05-30
32122,GREENVALE,-18.976,145.113,QLD,,9647,13,0.1,2000-01-01,2026-05-30
32150,GOONDI,-17.505,146.009,QLD,,9647,0,0.0,2000-01-01,2026-05-30
33000,ADELAIDE PARK,-23.1,150.7,QLD,,9647,0,0.0,2000-01-01,2026-05-30
33001,BURDEKIN SHIRE COUNCIL,-19.578,147.406,QLD,,9647,8836,91.6,2000-01-01,2026-05-30
33002,AYR DPI RESEARCH STN,-19.617,147.376,QLD,,9647,9476,98.2,2000-01-01,2026-05-30
33003,BALMORAL STATION,-22.983,150.262,QLD,,9647,4078,42.3,2000-01-01,2026-05-30
33004,BOGIE RIVER,-20.317,147.933,QLD,,9647,0,0.0,2000-01-01,2026-05-30
33005,BLOOMSBURY POST OFFICE,-20.7,148.6,QLD,,9647,0,0.0,2000-01-01,2026-05-30
33007,BOWEN POST OFFICE,-20.017,148.25,QLD,,9647,0,0.0,2000-01-01,2026-05-30
33008,BYFIELD CHILDS ROAD,-22.846,150.648,QLD,,9647,7099,73.6,2000-01-01,2026-05-30
33010,CALEN POST OFFICE,-20.899,148.774,QLD,,9647,31,0.3,2000-01-01,2026-05-30
33012,COLLAROY STATION,-22.033,149.185,QLD,,9647,4497,46.6,2000-01-01,2026-05-30
33013,COLLINSVILLE POST OFFICE,-20.553,147.846,QLD,,9647,9497,98.4,2000-01-01,2026-05-30
33015,CONWAY STATION,-20.4,148.7,QLD,,9647,0,0.0,2000-01-01,2026-05-30
33016,DALRYMPLE HEIGHTS,-21.132,148.492,QLD,,9647,3531,36.6,2000-01-01,2026-05-30
33017,DAYDREAM ISLAND RESORT,-20.258,148.814,QLD,,9647,5328,55.2,2000-01-01,2026-05-30
33018,DOTSWOOD STATION,-19.627,146.287,QLD,,9647,0,0.0,2000-01-01,2026-05-30
33019,EMU PARK HILL ST,-23.266,150.823,QLD,,9647,0,0.0,2000-01-01,2026-05-30
33020,HOME HILL FIFTEEN A ST,-19.655,147.411,QLD,,9647,0,0.0,2000-01-01,2026-05-30
33021,ETON POLICE STATION,-21.267,148.967,QLD,,9647,0,0.0,2000-01-01,2026-05-30
33023,FARLEIGH CO-OP SUGAR MILL,-21.101,149.102,QLD,,9647,7360,76.3,2000-01-01,2026-05-30
33024,FARLEIGH RAILWAY STATION,-21.1,149.1,QLD,,9647,0,0.0,2000-01-01,2026-05-30
33026,FINCH HATTON COOK ST,-21.144,148.632,QLD,,9647,1099,11.4,2000-01-01,2026-05-30
33027,GARGETT POST OFFICE,-21.156,148.743,QLD,,9647,3224,33.4,2000-01-01,2026-05-30
33028,GIRU POST OFFICE,-19.511,147.106,QLD,,9647,1847,19.1,2000-01-01,2026-05-30
33029,GOORGANGA,-20.483,148.583,QLD,,9647,0,0.0,2000-01-01,2026-05-30
33030,GUMLU DAYS ROAD,-19.878,147.687,QLD,,9647,6621,68.6,2000-01-01,2026-05-30
33031,HAYMAN ISLAND RESORT,-20.056,148.888,QLD,,9647,3361,34.8,2000-01-01,2026-05-30
33032,HOME HILL POST OFFICE,-19.667,147.415,QLD,,9647,8492,88.0,2000-01-01,2026-05-30
33033,INKERMAN STATION,-19.763,147.457,QLD,,9647,0,0.0,2000-01-01,2026-05-30
33034,HOMESTEAD,-23.272,150.441,QLD,,9647,0,0.0,2000-01-01,2026-05-30
33035,KALAMIA ESTATE,-19.524,147.416,QLD,,9647,7329,76.0,2000-01-01,2026-05-30
33037,KILLARNEY STATION,-22.367,149.283,QLD,,9647,0,0.0,2000-01-01,2026-05-30
33038,KOUMALA HATFIELDS ROAD,-21.626,149.237,QLD,,9647,9148,94.8,2000-01-01,2026-05-30
33039,KUNWARARA POST OFFICE,-22.917,150.133,QLD,,9647,0,0.0,2000-01-01,2026-05-30
33040,KUTTABUL POST OFFICE,-21.04,148.91,QLD,,9647,428,4.4,2000-01-01,2026-05-30
33041,LETHEBROOK,-20.539,148.657,QLD,,9647,9540,98.9,2000-01-01,2026-05-30
33044,CLUB CROCODILE RESORT,-20.335,148.854,QLD,,9647,1405,14.6,2000-01-01,2026-05-30
33045,MACKAY AERO,-21.171,149.179,QLD,,9647,9440,97.9,2000-01-01,2026-05-30
33046,MACKAY POST OFFICE,-21.15,149.183,QLD,,9647,0,0.0,2000-01-01,2026-05-30
33047,TE KOWAI EXP STN,-21.164,149.119,QLD,,9647,3763,39.0,2000-01-01,2026-05-30
33048,MACROSSAN,-20.0,146.45,QLD,,9647,0,0.0,2000-01-01,2026-05-30
33050,MARLBOROUGH POST OFFICE,-22.813,149.89,QLD,,9647,401,4.2,2000-01-01,2026-05-30
33051,MINGELA POST OFFICE,-19.879,146.632,QLD,,9647,9419,97.6,2000-01-01,2026-05-30
33052,MIRANI POST OFFICE,-21.15,148.867,QLD,,9647,0,0.0,2000-01-01,2026-05-30
33053,MOUNT JUKES,-21.001,148.936,QLD,,9647,9476,98.2,2000-01-01,2026-05-30
33054,NEBO,-21.689,148.688,QLD,,9647,7005,72.6,2000-01-01,2026-05-30
33055,NETHERDALE POST OFFICE,-21.15,148.533,QLD,,9647,0,0.0,2000-01-01,2026-05-30
33057,OGMORE POST OFFICE,-22.623,149.66,QLD,,9647,0,0.0,2000-01-01,2026-05-30
33059,PLANE CREEK SUGAR MILL,-21.427,149.216,QLD,,9647,8905,92.3,2000-01-01,2026-05-30
33060,PLEYSTOWE SUGAR MILL,-21.142,149.038,QLD,,9647,9483,98.3,2000-01-01,2026-05-30
33062,RAVENSWOOD POST OFFICE,-20.1,146.889,QLD,,9647,8492,88.0,2000-01-01,2026-05-30
33063,REID RIVER RAILWAY STATION,-19.767,146.833,QLD,,9647,0,0.0,2000-01-01,2026-05-30
33065,ST LAWRENCE POST OFFICE,-22.346,149.536,QLD,,9647,7102,73.6,2000-01-01,2026-05-30
33067,SARINA POST OFFICE,-21.421,149.218,QLD,,9647,2,0.0,2000-01-01,2026-05-30
33069,SHIRBOURNE PARK,-19.596,147.096,QLD,,9647,2876,29.8,2000-01-01,2026-05-30
33070,STRATHBOGIE,-20.196,147.599,QLD,,9647,81,0.8,2000-01-01,2026-05-30
33072,WALKERSTON,-21.15,149.067,QLD,,9647,0,0.0,2000-01-01,2026-05-30
33073,WOODHOUSE,-19.831,147.131,QLD,,9647,8922,92.5,2000-01-01,2026-05-30
33074,WOODSTOCK POST OFFICE,-19.6,146.833,QLD,,9647,0,0.0,2000-01-01,2026-05-30
33076,YAAMBA,-23.133,150.367,QLD,,9647,9336,96.8,2000-01-01,2026-05-30
33077,PACIFIC HEIGHTS,-23.096,150.734,QLD,,9647,9427,97.7,2000-01-01,2026-05-30
33079,GUTHALUNGRA QLD SALT,-19.867,147.817,QLD,,9647,0,0.0,2000-01-01,2026-05-30
33080,MOUNT CHARLTON,-21.0,148.738,QLD,,9647,6287,65.2,2000-01-01,2026-05-30
33081,INKERMAN RAILWAY STATION,-19.75,147.483,QLD,,9647,0,0.0,2000-01-01,2026-05-30
33082,STRATHMORE,-20.499,147.628,QLD,,9647,7183,74.5,2000-01-01,2026-05-30
33083,CARDOWAN,-22.12,149.065,QLD,,9647,5828,60.4,2000-01-01,2026-05-30
33087,BARNGANAL BLUE MOUNTAIN,-21.529,149.001,QLD,,9647,4885,50.6,2000-01-01,2026-05-30
33090,MILLAROO DPI,-20.046,147.274,QLD,,9647,0,0.0,2000-01-01,2026-05-30
33091,ELAROO,-20.779,148.608,QLD,,9647,0,0.0,2000-01-01,2026-05-30
33094,BOWEN AUSTRALIAN SALTWORKS,-20.013,148.225,QLD,,9647,6314,65.5,2000-01-01,2026-05-30
33095,ORKABIE WEST HILL,-21.803,149.357,QLD,,9647,9368,97.1,2000-01-01,2026-05-30
33096,MOUNT DANGAR,-20.208,148.13,QLD,,9647,9422,97.7,2000-01-01,2026-05-30
33097,MOSS VALE STATION,-20.239,148.003,QLD,,9647,1419,14.7,2000-01-01,2026-05-30
33103,ROCHFORD,-20.1,146.6,QLD,,9647,0,0.0,2000-01-01,2026-05-30
33104,BYERWEN,-21.083,147.93,QLD,,9647,0,0.0,2000-01-01,2026-05-30
33106,HAMILTON ISLAND AIRPORT,-20.366,148.954,QLD,,9647,8546,88.6,2000-01-01,2026-05-30
33110,ROMA PEAK,-20.3,148.221,QLD,,9647,5826,60.4,2000-01-01,2026-05-30
33114,WANDOO,-21.709,148.992,QLD,,9647,1961,20.3,2000-01-01,2026-05-30
33119,MACKAY M.O,-21.117,149.217,QLD,,9647,9524,98.7,2000-01-01,2026-05-30
33122,CLARE,-19.794,147.234,QLD,,9647,2872,29.8,2000-01-01,2026-05-30
33123,FANNING RIVER STATION,-19.733,146.433,QLD,,9647,0,0.0,2000-01-01,2026-05-30
33125,MOUNT SPENCER 2,-21.483,148.811,QLD,,9647,2175,22.5,2000-01-01,2026-05-30
33127,KELSEY CREEK DITTMER RD,-20.427,148.447,QLD,,9647,9466,98.1,2000-01-01,2026-05-30
33133,JUBILEE POCKET,-20.277,148.726,QLD,,9647,270,2.8,2000-01-01,2026-05-30
33134,ETON SUNWATER,-21.268,148.97,QLD,,9647,5540,57.4,2000-01-01,2026-05-30
33143,FLETCHER VIEW STATION,-19.884,146.179,QLD,,9647,5478,56.8,2000-01-01,2026-05-30
33144,WILSON BEACH,-20.471,148.724,QLD,,9647,6025,62.5,2000-01-01,2026-05-30
33147,WARDEN BEND,-20.187,148.145,QLD,,9647,4623,47.9,2000-01-01,2026-05-30
33150,WATTLEVALE STATION,-19.912,147.852,QLD,,9647,4639,48.1,2000-01-01,2026-05-30
33151,MAJORS CREEK,-19.595,146.934,QLD,,9647,8927,92.5,2000-01-01,2026-05-30
33152,MIRANI,-21.158,148.861,QLD,,9647,129,1.3,2000-01-01,2026-05-30
33153,MOUNT ABERDEEN,-20.204,147.955,QLD,,9647,779,8.1,2000-01-01,2026-05-30
33156,MIRAMBEENA,-19.681,146.113,QLD,,9647,6965,72.2,2000-01-01,2026-05-30
33157,PROSERPINE UP-RIVER,-20.347,148.515,QLD,,9647,822,8.5,2000-01-01,2026-05-30
33158,HECATE,-20.503,148.344,QLD,,9647,6766,70.1,2000-01-01,2026-05-30
33168,BLENHEIM STATION,-21.071,148.224,QLD,,9647,3338,34.6,2000-01-01,2026-05-30
33170,MYSTERY PARK,-22.361,149.375,QLD,,9647,9192,95.3,2000-01-01,2026-05-30
33172,CREDITON,-21.204,148.544,QLD,,9647,6185,64.1,2000-01-01,2026-05-30
33175,ETON VALE,-20.214,147.776,QLD,,9647,9512,98.6,2000-01-01,2026-05-30
33176,GATTON VALE,-20.778,147.949,QLD,,9647,8688,90.1,2000-01-01,2026-05-30
33184,BANKSIA STATION,-22.647,150.093,QLD,,9647,1052,10.9,2000-01-01,2026-05-30
33185,TIERAWOOMBA,-21.855,149.036,QLD,,9647,0,0.0,2000-01-01,2026-05-30
33186,CARMILA BEACH ROAD,-21.92,149.439,QLD,,9647,5442,56.4,2000-01-01,2026-05-30
33188,BELGAMBA,-22.034,149.488,QLD,,9647,6794,70.4,2000-01-01,2026-05-30
33189,STRATHMUIR,-22.707,149.733,QLD,,9647,6758,70.1,2000-01-01,2026-05-30
33196,GLENEDEN,-20.22,148.404,QLD,,9647,1477,15.3,2000-01-01,2026-05-30
33197,EUNGELLA NATIONAL PARK,-21.17,148.504,QLD,,9647,2749,28.5,2000-01-01,2026-05-30
33198,MONAVALE,-23.082,150.158,QLD,,9647,4331,44.9,2000-01-01,2026-05-30
33205,DALBEG,-20.269,147.299,QLD,,9647,2707,28.1,2000-01-01,2026-05-30
33211,TOOLOOMBAH,-22.734,149.542,QLD,,9647,454,4.7,2000-01-01,2026-05-30
33224,KEPPEL SANDS POST OFFICE,-23.331,150.781,QLD,,9647,0,0.0,2000-01-01,2026-05-30
33226,LANSDOWN CSIRO,-19.658,146.834,QLD,,9647,6532,67.7,2000-01-01,2026-05-30
33227,HAVILAH STATION,-20.792,147.829,QLD,,9647,1495,15.5,2000-01-01,2026-05-30
33229,BELMONT AGFORCE,-23.223,150.384,QLD,,9647,7538,78.1,2000-01-01,2026-05-30
33232,MILMAN,-23.067,150.417,QLD,,9647,0,0.0,2000-01-01,2026-05-30
33247,PROSERPINE AIRPORT,-20.492,148.555,QLD,,9647,9310,96.5,2000-01-01,2026-05-30
33254,CRYSTAL BROOK,-20.344,148.5,QLD,,9647,6504,67.4,2000-01-01,2026-05-30
33255,HAMILTON ISLAND,-20.353,148.951,QLD,,9647,7797,80.8,2000-01-01,2026-05-30
33257,BOWEN AIRPORT,-20.015,148.215,QLD,,9647,5497,57.0,2000-01-01,2026-05-30
33273,PETER FAUST DAM,-20.368,148.388,QLD,,9647,2913,30.2,2000-01-01,2026-05-30
33294,YEPPOON THE ESPLANADE,-23.136,150.751,QLD,,9647,9538,98.9,2000-01-01,2026-05-30
33295,ALVA BEACH,-19.457,147.483,QLD,,9647,9474,98.2,2000-01-01,2026-05-30
33307,WOOLSHED,-19.417,146.536,QLD,,9647,8781,91.0,2000-01-01,2026-05-30
33308,SAMUEL HILL AERO,-22.743,150.658,QLD,,9647,9122,94.6,2000-01-01,2026-05-30
34000,BALFES CREEK POST OFFICE,-20.216,145.909,QLD,,9647,2788,28.9,2000-01-01,2026-05-30
34001,ROOKWOOD,-22.29,148.716,QLD,,9647,2942,30.5,2000-01-01,2026-05-30
34002,CHARTERS TOWERS POST OFFICE,-20.078,146.261,QLD,,9647,0,0.0,2000-01-01,2026-05-30
34003,FOLEYVALE STATION,-23.507,149.704,QLD,,9647,1579,16.4,2000-01-01,2026-05-30
34005,LEURA,-23.183,149.583,QLD,,9647,0,0.0,2000-01-01,2026-05-30
34006,MOUNT COOLON HOTEL,-21.385,147.341,QLD,,9647,367,3.8,2000-01-01,2026-05-30
34007,MOUNT MCCONNELL,-20.702,147.018,QLD,,9647,4583,47.5,2000-01-01,2026-05-30
34008,PAJINGO,-20.767,146.167,QLD,,9647,0,0.0,2000-01-01,2026-05-30
34009,QUEENTON,-20.083,146.267,QLD,,9647,0,0.0,2000-01-01,2026-05-30
34010,TRAFALGAR STATION,-20.433,146.013,QLD,,9647,9465,98.1,2000-01-01,2026-05-30
34011,WINDSOR,-20.3,146.1,QLD,,9647,0,0.0,2000-01-01,2026-05-30
34012,YACAMUNDA STATION,-21.376,147.101,QLD,,9647,631,6.5,2000-01-01,2026-05-30
34015,WENTWORTH,-22.066,147.722,QLD,,9647,8807,91.3,2000-01-01,2026-05-30
34016,CARFAX,-22.457,148.682,QLD,,9647,7526,78.0,2000-01-01,2026-05-30
34017,BROADLEIGH DOWNS,-20.907,146.193,QLD,,9647,5494,57.0,2000-01-01,2026-05-30
34020,WOLLOMBI STATION,-21.345,147.829,QLD,,9647,3884,40.3,2000-01-01,2026-05-30
34022,MT DOUGLAS,-21.519,146.873,QLD,,9647,6160,63.9,2000-01-01,2026-05-30
34027,ESSEX,-22.774,148.81,QLD,,9647,8942,92.7,2000-01-01,2026-05-30
34038,MORANBAH WATER TREATMENT PLANT,-21.995,148.031,QLD,,9647,4269,44.3,2000-01-01,2026-05-30
34044,BRUSLEE,-21.077,146.513,QLD,,9647,9381,97.2,2000-01-01,2026-05-30
34047,BARMOUNT,-22.534,149.095,QLD,,9647,6360,65.9,2000-01-01,2026-05-30
34049,DOONGARA,-20.558,146.481,QLD,,9647,7974,82.7,2000-01-01,2026-05-30
34050,BRITTANIA,-20.367,146.4,QLD,,9647,236,2.4,2000-01-01,2026-05-30
34051,SLOGAN DOWNS,-20.566,146.382,QLD,,9647,7088,73.5,2000-01-01,2026-05-30
34055,MOUNT LEBANON,-22.221,147.97,QLD,,9647,2057,21.3,2000-01-01,2026-05-30
34057,SUTTOR CREEK STATION,-21.35,147.983,QLD,,9647,0,0.0,2000-01-01,2026-05-30
34058,LANDSBOROUGH STATION,-21.618,148.602,QLD,,9647,2812,29.1,2000-01-01,2026-05-30
34059,WARWICK PARK,-22.721,148.663,QLD,,9647,3856,40.0,2000-01-01,2026-05-30
34061,JUNEE STATION,-22.937,149.139,QLD,,9647,9301,96.4,2000-01-01,2026-05-30
34064,GLENDEN STATION,-21.327,148.094,QLD,,9647,335,3.5,2000-01-01,2026-05-30
34072,LOGAN DOWNS,-22.383,147.933,QLD,,9647,0,0.0,2000-01-01,2026-05-30
34073,SALTBUSH PARK,-22.137,148.914,QLD,,9647,0,0.0,2000-01-01,2026-05-30
34074,OXFORD DOWNS,-21.821,148.682,QLD,,9647,5498,57.0,2000-01-01,2026-05-30
34078,GREENMANTLE,-22.524,147.69,QLD,,9647,5316,55.1,2000-01-01,2026-05-30
34079,MT HOPE,-21.4,146.8,QLD,,9647,0,0.0,2000-01-01,2026-05-30
34080,BUNDABAROO,-21.513,146.848,QLD,,9647,1457,15.1,2000-01-01,2026-05-30
34081,AVON DOWNS,-21.85,147.25,QLD,,9647,0,0.0,2000-01-01,2026-05-30
34083,WAITARA,-21.845,148.874,QLD,,9647,3086,32.0,2000-01-01,2026-05-30
34084,CHARTERS TOWERS AIRPORT COMPARISON,-20.043,146.272,QLD,,9647,9434,97.8,2000-01-01,2026-05-30
34085,SELLHEIM,-20.008,146.435,QLD,,9647,4119,42.7,2000-01-01,2026-05-30
34086,SELOH NOLEM,-22.307,148.482,QLD,,9647,5375,55.7,2000-01-01,2026-05-30
35000,ALPHA POST OFFICE,-23.65,146.641,QLD,,9647,7045,73.0,2000-01-01,2026-05-30
35001,ANAKIE RICHARDSON ST,-23.552,147.746,QLD,,9647,9607,99.6,2000-01-01,2026-05-30
35002,ARCTURUS DOWNS,-24.034,148.406,QLD,,9647,9449,97.9,2000-01-01,2026-05-30
35003,ARDURAD,-23.883,148.964,QLD,,9647,7062,73.2,2000-01-01,2026-05-30
35004,BABBILOORA STATION,-25.193,147.135,QLD,,9647,2559,26.5,2000-01-01,2026-05-30
35005,OLD BANCHORY STATION,-22.988,147.125,QLD,,9647,0,0.0,2000-01-01,2026-05-30
35007,BAUHINIA DOWNS STORE,-24.571,149.292,QLD,,9647,7372,76.4,2000-01-01,2026-05-30
35009,BLACKWATER POST OFFICE,-23.585,148.883,QLD,,9647,0,0.0,2000-01-01,2026-05-30
35010,BLAIR ATHOL,-22.652,147.558,QLD,,9647,3882,40.2,2000-01-01,2026-05-30
35012,BLUFF POST OFFICE,-23.582,149.069,QLD,,9647,3836,39.8,2000-01-01,2026-05-30
35013,BOGANTUNGAN POST OFFICE,-23.648,147.29,QLD,,9647,1492,15.5,2000-01-01,2026-05-30
35014,WANDOAN POST OFFICE,-26.121,149.961,QLD,,9647,6453,66.9,2000-01-01,2026-05-30
35016,CAPELLA POST OFFICE,-23.086,148.024,QLD,,9647,9411,97.6,2000-01-01,2026-05-30
35018,CARNARVON STATION,-24.809,147.752,QLD,,9647,8581,88.9,2000-01-01,2026-05-30
35019,CLERMONT POST OFFICE,-22.825,147.641,QLD,,9647,6811,70.6,2000-01-01,2026-05-30
35021,COMET POST OFFICE,-23.605,148.545,QLD,,9647,6128,63.5,2000-01-01,2026-05-30
35022,COORADA,-25.012,149.501,QLD,,9647,29,0.3,2000-01-01,2026-05-30
35024,LA RINGO,-23.767,148.033,QLD,,9647,0,0.0,2000-01-01,2026-05-30
35025,DINGO POST OFFICE,-23.646,149.332,QLD,,9647,5095,52.8,2000-01-01,2026-05-30
35026,DUARINGA POST OFFICE,-23.714,149.673,QLD,,9647,7649,79.3,2000-01-01,2026-05-30
35027,EMERALD POST OFFICE,-23.527,148.162,QLD,,9647,0,0.0,2000-01-01,2026-05-30
35028,FERNLEES POST OFFICE,-23.867,148.133,QLD,,9647,0,0.0,2000-01-01,2026-05-30
35029,GILIGULGUL,-26.356,150.046,QLD,,9647,8835,91.6,2000-01-01,2026-05-30
35030,GINDIE STATE FARM,-23.7,148.1,QLD,,9647,0,0.0,2000-01-01,2026-05-30
35031,GLENTANA,-24.602,147.573,QLD,,9647,2398,24.9,2000-01-01,2026-05-30
35032,GORDON DOWNS,-23.233,148.333,QLD,,9647,0,0.0,2000-01-01,2026-05-30
35033,HARDEN PARK,-24.342,146.76,QLD,,9647,152,1.6,2000-01-01,2026-05-30
35034,HUMBOLDT,-24.097,148.824,QLD,,9647,2708,28.1,2000-01-01,2026-05-30
35035,HUNTLY,-22.7,147.9,QLD,,9647,0,0.0,2000-01-01,2026-05-30
35037,KILCUMIN,-22.383,147.517,QLD,,9647,0,0.0,2000-01-01,2026-05-30
35042,MANTUAN DOWNS,-24.413,147.246,QLD,,9647,6369,66.0,2000-01-01,2026-05-30
35043,MEMOOLOO,-24.003,148.721,QLD,,9647,1540,16.0,2000-01-01,2026-05-30
35045,MOUNT PLAYFAIR,-24.9,146.983,QLD,,9647,0,0.0,2000-01-01,2026-05-30
35046,NANDOWRIE,-24.25,147.617,QLD,,9647,2510,26.0,2000-01-01,2026-05-30
35047,NARADA DOWNS,-24.983,146.1,QLD,,9647,0,0.0,2000-01-01,2026-05-30
35049,GILLESPIE,-24.561,145.787,QLD,,9647,9194,95.3,2000-01-01,2026-05-30
35050,LYNWAY,-26.067,150.167,QLD,,9647,0,0.0,2000-01-01,2026-05-30
35051,ORION,-24.264,148.382,QLD,,9647,1794,18.6,2000-01-01,2026-05-30
35052,PEAK DOWNS,-23.0,148.017,QLD,,9647,0,0.0,2000-01-01,2026-05-30
35053,PEAKVALE STATION,-23.186,147.354,QLD,,9647,9543,98.9,2000-01-01,2026-05-30
35054,PINE HILL RAILWAY STATION,-23.65,146.95,QLD,,9647,0,0.0,2000-01-01,2026-05-30
35055,PLANET DOWNS,-24.533,148.883,QLD,,9647,0,0.0,2000-01-01,2026-05-30
35056,RAINWORTH,-24.125,147.928,QLD,,9647,1800,18.7,2000-01-01,2026-05-30
35057,REEDY CREEK STATION,-25.183,149.35,QLD,,9647,0,0.0,2000-01-01,2026-05-30
35058,YACKADOO,-22.423,147.631,QLD,,9647,2514,26.1,2000-01-01,2026-05-30
35059,ROLLESTON,-24.462,148.626,QLD,,9647,3779,39.2,2000-01-01,2026-05-30
35062,SAPPHIRE POST OFFICE,-23.462,147.721,QLD,,9647,8484,87.9,2000-01-01,2026-05-30
35063,SOMERBY,-24.211,148.74,QLD,,9647,9495,98.4,2000-01-01,2026-05-30
35064,SPRING CREEK STATION,-24.448,147.899,QLD,,9647,9349,96.9,2000-01-01,2026-05-30
35065,SPRINGSURE COMET ST,-24.123,148.086,QLD,,9647,9562,99.1,2000-01-01,2026-05-30
35066,SPRINGWOOD STATION,-24.532,148.351,QLD,,9647,8740,90.6,2000-01-01,2026-05-30
35067,SUNLIGHT,-24.3,148.8,QLD,,9647,0,0.0,2000-01-01,2026-05-30
35069,TAMBO POST OFFICE,-24.882,146.256,QLD,,9647,9611,99.6,2000-01-01,2026-05-30
35070,TAROOM POST OFFICE,-25.641,149.796,QLD,,9647,9621,99.7,2000-01-01,2026-05-30
35071,TELEMON STATION,-24.186,147.72,QLD,,9647,0,0.0,2000-01-01,2026-05-30
35073,TOLINESS STATION,-25.317,146.019,QLD,,9647,1144,11.9,2000-01-01,2026-05-30
35076,JUANDAH,-26.133,149.967,QLD,,9647,0,0.0,2000-01-01,2026-05-30
35077,WARRINILLA,-24.921,148.601,QLD,,9647,9491,98.4,2000-01-01,2026-05-30
35078,WEST QUARTER,-25.2,146.383,QLD,,9647,0,0.0,2000-01-01,2026-05-30
35079,WHARTON CREEK STATION,-24.622,147.406,QLD,,9647,8892,92.2,2000-01-01,2026-05-30
35081,WOLEEBEE NEVASA,-26.285,149.828,QLD,,9647,8494,88.0,2000-01-01,2026-05-30
35082,DEMIPIQUE,-22.948,148.275,QLD,,9647,5726,59.4,2000-01-01,2026-05-30
35083,WOORABINDA,-24.13,149.457,QLD,,9647,592,6.1,2000-01-01,2026-05-30
35084,YALLEROI,-24.069,145.76,QLD,,9647,0,0.0,2000-01-01,2026-05-30
35085,YANDARLOO,-25.167,146.5,QLD,,9647,0,0.0,2000-01-01,2026-05-30
35087,BETANGA,-23.632,146.344,QLD,,9647,5094,52.8,2000-01-01,2026-05-30
35088,BIRRABAN,-24.334,147.942,QLD,,9647,9450,98.0,2000-01-01,2026-05-30
35090,REWAN STATION,-24.959,148.374,QLD,,9647,8576,88.9,2000-01-01,2026-05-30
35093,MT MOFFATT NATIONAL PARK,-25.021,147.951,QLD,,9647,8767,90.9,2000-01-01,2026-05-30
35094,WINVIC,-22.483,147.517,QLD,,9647,9356,97.0,2000-01-01,2026-05-30
35096,THE GLEBE,-25.488,150.006,QLD,,9647,1215,12.6,2000-01-01,2026-05-30
35098,EMERALD DPI TOWN SITE,-23.5,148.15,QLD,,9647,0,0.0,2000-01-01,2026-05-30
35103,LANSDOWNE STATION,-25.064,146.265,QLD,,9647,8257,85.6,2000-01-01,2026-05-30
35107,METEOR DOWNS,-24.382,148.332,QLD,,9647,2152,22.3,2000-01-01,2026-05-30
35109,BOOROONDARRA,-22.818,148.49,QLD,,9648,9536,98.8,2000-01-01,2026-05-31
35111,TANNYFOIL,-23.801,148.928,QLD,,9648,2135,22.1,2000-01-01,2026-05-31
35112,WYNTOON,-23.877,148.311,QLD,,9648,8071,83.7,2000-01-01,2026-05-31
35113,EUROMBAH,-25.81,149.559,QLD,,9648,8667,89.8,2000-01-01,2026-05-31
35114,ASHGROVE,-23.2,149.083,QLD,,9648,0,0.0,2000-01-01,2026-05-31
35115,TAROOM,-25.638,149.79,QLD,,9648,506,5.2,2000-01-01,2026-05-31
35117,LA PALMA,-25.386,149.784,QLD,,9648,9504,98.5,2000-01-01,2026-05-31
35118,GLENHAUGHTON,-25.367,149.367,QLD,,9648,0,0.0,2000-01-01,2026-05-31
35119,CARINYA,-23.948,149.611,QLD,,9648,7724,80.1,2000-01-01,2026-05-31
35122,BILLABALONG,-25.143,148.619,QLD,,9648,2404,24.9,2000-01-01,2026-05-31
35123,THE CANAL,-25.938,149.418,QLD,,9648,8451,87.6,2000-01-01,2026-05-31
35131,TALAGAI,-23.133,148.527,QLD,,9648,9319,96.6,2000-01-01,2026-05-31
35132,NEW CALEDONIA,-23.429,148.927,QLD,,9648,8077,83.7,2000-01-01,2026-05-31
35135,HORNET BANK HOMESTEAD,-25.706,149.408,QLD,,9648,9569,99.2,2000-01-01,2026-05-31
35142,CALDERVALE STATION,-25.101,146.831,QLD,,9648,7581,78.6,2000-01-01,2026-05-31
35143,MARYVALE SPRINGS,-24.057,145.908,QLD,,9648,9490,98.4,2000-01-01,2026-05-31
35147,EMERALD DPI FIELD STATION,-23.467,148.152,QLD,,9648,2785,28.9,2000-01-01,2026-05-31
35148,MOONAH,-25.789,148.922,QLD,,9648,5449,56.5,2000-01-01,2026-05-31
35149,BRIGALOW RESEARCH STN,-24.835,149.8,QLD,,9648,4389,45.5,2000-01-01,2026-05-31
35151,MOUNT KINGSLEY,-25.28,148.85,QLD,,9648,9158,94.9,2000-01-01,2026-05-31
35153,MOUNT LOWE,-22.924,148.138,QLD,,9648,3712,38.5,2000-01-01,2026-05-31
35154,MOORABINDA,-25.887,149.323,QLD,,9648,4201,43.5,2000-01-01,2026-05-31
35165,DURRANDELLA,-24.071,146.613,QLD,,9648,8855,91.8,2000-01-01,2026-05-31
35168,BURKAN,-23.22,149.473,QLD,,9648,0,0.0,2000-01-01,2026-05-31
35172,MELMOTH,-23.454,149.261,QLD,,9648,7963,82.5,2000-01-01,2026-05-31
35175,MOUNT NICHOLSON,-24.844,149.1,QLD,,9648,4313,44.7,2000-01-01,2026-05-31
35176,MOORAMIN,-22.551,147.855,QLD,,9648,0,0.0,2000-01-01,2026-05-31
35178,BROADMERE,-25.509,149.526,QLD,,9648,5376,55.7,2000-01-01,2026-05-31
35180,WADDY BRAE,-25.61,148.945,QLD,,9648,3129,32.4,2000-01-01,2026-05-31
35182,KINNOUL,-25.675,149.633,QLD,,9648,9599,99.5,2000-01-01,2026-05-31
35188,YANDABURRA,-24.698,147.497,QLD,,9648,7409,76.8,2000-01-01,2026-05-31
35189,CONSUELO,-24.655,148.459,QLD,,9648,6661,69.0,2000-01-01,2026-05-31
35190,MINNIE DOWNS,-25.031,145.866,QLD,,9648,5344,55.4,2000-01-01,2026-05-31
35191,WOOROONA,-24.05,149.4,QLD,,9648,0,0.0,2000-01-01,2026-05-31
35194,WYSEBY,-24.961,148.531,QLD,,9648,7798,80.8,2000-01-01,2026-05-31
35195,MAYWIN PARK,-23.029,148.469,QLD,,9648,5180,53.7,2000-01-01,2026-05-31
35196,OAK PARK,-23.038,148.644,QLD,,9648,1275,13.2,2000-01-01,2026-05-31
35197,LORRAINE,-23.725,148.144,QLD,,9648,7290,75.6,2000-01-01,2026-05-31
35198,ABOR DOWNS,-22.75,148.0,QLD,,9648,0,0.0,2000-01-01,2026-05-31
35199,MOUNT WILKIN,-22.276,147.443,QLD,,9648,5704,59.1,2000-01-01,2026-05-31
35200,GREENDALE STATION,-24.789,146.111,QLD,,9648,5276,54.7,2000-01-01,2026-05-31
35201,DANGARFIELD,-25.983,149.35,QLD,,9648,0,0.0,2000-01-01,2026-05-31
35202,GHINGHINDA,-25.1,149.728,QLD,,9648,1109,11.5,2000-01-01,2026-05-31
35205,WOORARRA,-24.025,147.921,QLD,,9648,9603,99.5,2000-01-01,2026-05-31
35206,BUNGAWARRA,-24.455,148.96,QLD,,9648,9018,93.5,2000-01-01,2026-05-31
35207,MOUNTAIN VIEW,-24.224,148.096,QLD,,9648,9566,99.2,2000-01-01,2026-05-31
35211,KURRAJONG,-22.622,147.659,QLD,,9648,8063,83.6,2000-01-01,2026-05-31
35212,RONNOC DOWNS,-23.888,148.049,QLD,,9648,6934,71.9,2000-01-01,2026-05-31
35215,WILLOWS GEMFIELDS,-23.742,147.539,QLD,,9648,9459,98.0,2000-01-01,2026-05-31
35221,LUCKNOW,-23.304,148.106,QLD,,9648,7924,82.1,2000-01-01,2026-05-31
35224,KARMOO,-23.081,147.379,QLD,,9648,8332,86.4,2000-01-01,2026-05-31
35225,CARDBEIGN,-24.29,148.105,QLD,,9648,9608,99.6,2000-01-01,2026-05-31
35226,WESTGROVE,-25.583,148.478,QLD,,9648,0,0.0,2000-01-01,2026-05-31
35228,WEIMBY DOWNS,-22.854,147.925,QLD,,9648,2093,21.7,2000-01-01,2026-05-31
35231,LANGLEY DOWNS,-23.378,148.303,QLD,,9648,0,0.0,2000-01-01,2026-05-31
35235,CARINA DOWNS,-24.229,148.471,QLD,,9648,4945,51.3,2000-01-01,2026-05-31
35239,WEALWANDANGIE,-24.411,148.042,QLD,,9648,2081,21.6,2000-01-01,2026-05-31
35241,FAIRBAIRN DAM,-23.652,148.074,QLD,,9648,6789,70.4,2000-01-01,2026-05-31
35242,BUNGABAN TM,-25.899,150.13,QLD,,9648,7190,74.5,2000-01-01,2026-05-31
35246,MOUNT ENNISKILLEN,-24.598,146.184,QLD,,9648,393,4.1,2000-01-01,2026-05-31
35247,BIRKHEAD,-24.55,146.367,QLD,,9648,0,0.0,2000-01-01,2026-05-31
35248,DARKWATER,-25.33,147.863,QLD,,9648,8134,84.3,2000-01-01,2026-05-31
35253,COCKATOO STATION,-25.683,150.183,QLD,,9648,0,0.0,2000-01-01,2026-05-31
35256,JERICHO STORE,-23.602,146.124,QLD,,9648,2423,25.1,2000-01-01,2026-05-31
35264,EMERALD AIRPORT,-23.569,148.176,QLD,,9648,9543,98.9,2000-01-01,2026-05-31
35274,JUANITA,-23.847,148.108,QLD,,9648,9522,98.7,2000-01-01,2026-05-31
35290,BLACKWATER WATER TREATMENT PLANT,-23.595,148.875,QLD,,9648,3530,36.6,2000-01-01,2026-05-31
36000,ALICE POST OFFICE,-23.567,145.783,QLD,,9648,0,0.0,2000-01-01,2026-05-31
36001,ALBILBAH,-24.717,144.283,QLD,,9648,0,0.0,2000-01-01,2026-05-31
36002,AMBO STATION,-22.81,144.403,QLD,,9648,9512,98.6,2000-01-01,2026-05-31
36003,BIRRICANNIA,-21.909,144.669,QLD,,9648,4306,44.6,2000-01-01,2026-05-31
36004,ARAMAC POST OFFICE,-22.972,145.245,QLD,,9648,9256,95.9,2000-01-01,2026-05-31
36005,ARRILALAH TELEGRAPH OFF,-23.683,143.883,QLD,,9648,0,0.0,2000-01-01,2026-05-31
36007,BARCALDINE POST OFFICE,-23.554,145.288,QLD,,9648,8919,92.4,2000-01-01,2026-05-31
36008,BOWEN DOWNS,-22.467,145.005,QLD,,9648,2521,26.1,2000-01-01,2026-05-31
36010,BULLIWALLAH,-21.614,146.634,QLD,,9648,5742,59.5,2000-01-01,2026-05-31
36012,CAMERON DOWNS,-21.375,144.279,QLD,,9648,9378,97.2,2000-01-01,2026-05-31
36013,CAMOOLA PARK,-23.039,144.519,QLD,,9648,2110,21.9,2000-01-01,2026-05-31
36014,CATUMNAL,-21.883,143.97,QLD,,9648,0,0.0,2000-01-01,2026-05-31
36016,COREENA,-23.276,145.401,QLD,,9648,7873,81.6,2000-01-01,2026-05-31
36017,CORINDA,-22.067,145.333,QLD,,9648,305,3.2,2000-01-01,2026-05-31
36018,ELGIN DOWNS,-22.003,146.922,QLD,,9648,1991,20.6,2000-01-01,2026-05-31
36019,ELWELL,-21.733,144.633,QLD,,9648,0,0.0,2000-01-01,2026-05-31
36021,EMMET DOWNS,-24.721,144.498,QLD,,9648,1519,15.7,2000-01-01,2026-05-31
36022,EVESHAM STATION,-23.031,143.712,QLD,,9648,6441,66.8,2000-01-01,2026-05-31
36023,HOLMLEIGH,-21.512,144.634,QLD,,9648,9112,94.4,2000-01-01,2026-05-31
36024,ILFRACOMBE POST OFFICE,-23.49,144.507,QLD,,9648,752,7.8,2000-01-01,2026-05-31
36025,ISIS DOWNS,-24.222,144.632,QLD,,9648,2192,22.7,2000-01-01,2026-05-31
36026,ISISFORD POST OFFICE,-24.259,144.441,QLD,,9648,9577,99.3,2000-01-01,2026-05-31
36028,LERIDA,-22.176,144.049,QLD,,9648,7567,78.4,2000-01-01,2026-05-31
36029,LOCHNAGAR,-23.567,145.65,QLD,,9648,0,0.0,2000-01-01,2026-05-31
36030,LONGREACH POST OFFICE,-23.45,144.25,QLD,,9648,0,0.0,2000-01-01,2026-05-31
36031,LONGREACH AERO,-23.44,144.283,QLD,,9648,9454,98.0,2000-01-01,2026-05-31
36032,MANEROO,-23.367,143.883,QLD,,9648,0,0.0,2000-01-01,2026-05-31
36033,MALVERN HILLS,-24.5,145.15,QLD,,9648,0,0.0,2000-01-01,2026-05-31
36034,BLACKALL AIRPORT,-24.43,145.431,QLD,,9648,9107,94.4,2000-01-01,2026-05-31
36035,MIRTNA,-21.283,146.217,QLD,,9648,0,0.0,2000-01-01,2026-05-31
36037,MUTTABURRA,-22.595,144.547,QLD,,9648,9468,98.1,2000-01-01,2026-05-31
36039,PORTLAND DOWNS,-24.133,144.583,QLD,,9648,0,0.0,2000-01-01,2026-05-31
36040,SPRINGLEIGH,-24.562,144.718,QLD,,9648,9603,99.5,2000-01-01,2026-05-31
36041,RUTHVEN,-24.333,144.183,QLD,,9648,0,0.0,2000-01-01,2026-05-31
36042,SALTERN POST OFFICE,-23.55,145.1,QLD,,9648,0,0.0,2000-01-01,2026-05-31
36043,STRATHDARR,-23.283,143.983,QLD,,9648,935,9.7,2000-01-01,2026-05-31
36044,SUTTON DOWNS,-21.5,144.117,QLD,,9648,0,0.0,2000-01-01,2026-05-31
36045,TANGORIN,-21.763,144.222,QLD,,9648,0,0.0,2000-01-01,2026-05-31
36046,TIREE,-21.629,145.117,QLD,,9648,9414,97.6,2000-01-01,2026-05-31
36047,TWIN HILLS POST OFFICE,-21.95,146.952,QLD,,9648,0,0.0,2000-01-01,2026-05-31
36048,UANDA,-21.604,144.903,QLD,,9648,1461,15.1,2000-01-01,2026-05-31
36049,DARR RIVER DOWNS,-22.9,144.0,QLD,,9648,0,0.0,2000-01-01,2026-05-31
36050,ULCANBAH,-22.023,145.983,QLD,,9648,9386,97.3,2000-01-01,2026-05-31
36051,WESTLAND,-23.968,143.824,QLD,,9648,2433,25.2,2000-01-01,2026-05-31
36054,EVORA STATION,-24.082,145.509,QLD,,9648,7035,72.9,2000-01-01,2026-05-31
36055,DUNROBIN STATION,-22.683,146.153,QLD,,9648,2145,22.2,2000-01-01,2026-05-31
36056,LANDSBOROUGH DOWNS,-21.511,144.399,QLD,,9648,5456,56.6,2000-01-01,2026-05-31
36058,SALTERN CREEK,-23.4,145.1,QLD,,9648,0,0.0,2000-01-01,2026-05-31
36065,CALEDONIA,-22.138,145.056,QLD,,9648,0,0.0,2000-01-01,2026-05-31
36066,BEACONSFIELD,-23.327,144.596,QLD,,9648,9329,96.7,2000-01-01,2026-05-31
36068,MARCHMONT,-23.12,144.754,QLD,,9648,0,0.0,2000-01-01,2026-05-31
36071,MORAY DOWNS,-21.95,146.631,QLD,,9648,1914,19.8,2000-01-01,2026-05-31
36074,JOCHMUS,-22.302,145.99,QLD,,9648,9166,95.0,2000-01-01,2026-05-31
36076,EASTMERE,-22.502,145.918,QLD,,9648,2353,24.4,2000-01-01,2026-05-31
36077,HOME CREEK,-23.967,145.267,QLD,,9648,0,0.0,2000-01-01,2026-05-31
36078,CRANFORD,-21.352,145.075,QLD,,9648,335,3.5,2000-01-01,2026-05-31
36081,THORNLEIGH,-24.323,144.909,QLD,,9648,7299,75.7,2000-01-01,2026-05-31
36082,GOWAN HILLS,-24.248,144.698,QLD,,9648,808,8.4,2000-01-01,2026-05-31
36084,BANCHORY,-22.807,147.132,QLD,,9648,5471,56.7,2000-01-01,2026-05-31
36085,ABERFOYLE,-21.668,145.269,QLD,,9648,2285,23.7,2000-01-01,2026-05-31
36087,LEICHARDT FARMS,-23.129,145.113,QLD,,9648,686,7.1,2000-01-01,2026-05-31
36089,BYGANA STATION,-22.201,146.546,QLD,,9648,2913,30.2,2000-01-01,2026-05-31
36091,GLENAMPLE STATION,-22.917,145.1,QLD,,9648,0,0.0,2000-01-01,2026-05-31
36092,MAYLANDS,-22.458,144.834,QLD,,9648,9350,96.9,2000-01-01,2026-05-31
36093,YARAKA STATE SCHOOL,-24.886,144.076,QLD,,9648,4311,44.7,2000-01-01,2026-05-31
36095,MOONOOMOO STATION,-21.85,146.001,QLD,,9648,1458,15.1,2000-01-01,2026-05-31
36096,RONLOW PARK,-21.745,145.815,QLD,,9648,5564,57.7,2000-01-01,2026-05-31
36097,CLARENDEN,-24.243,145.222,QLD,,9648,5485,56.9,2000-01-01,2026-05-31
36098,LARA,-23.806,145.187,QLD,,9648,0,0.0,2000-01-01,2026-05-31
36099,LAKE DUNN,-22.517,145.633,QLD,,9648,0,0.0,2000-01-01,2026-05-31
36100,ARNO,-24.699,143.733,QLD,,9648,0,0.0,2000-01-01,2026-05-31
36101,RICHMOND HILLS,-23.491,145.654,QLD,,9648,575,6.0,2000-01-01,2026-05-31
36102,BARCALDINE DOWNS,-23.716,145.13,QLD,,9648,6872,71.2,2000-01-01,2026-05-31
36103,VENTRY,-24.7,143.95,QLD,,9648,0,0.0,2000-01-01,2026-05-31
36108,LENNOX,-22.933,146.15,QLD,,9648,0,0.0,2000-01-01,2026-05-31
36113,WELLSHOT,-23.872,144.478,QLD,,9648,2777,28.8,2000-01-01,2026-05-31
36116,BOGEWONG,-23.928,143.522,QLD,,9648,1009,10.5,2000-01-01,2026-05-31
36118,WAKEFIELD,-24.148,144.232,QLD,,9648,539,5.6,2000-01-01,2026-05-31
36120,TALLUNDILLY,-24.575,144.589,QLD,,9648,846,8.8,2000-01-01,2026-05-31
36124,AMOR DOWNS,-23.858,144.296,QLD,,9648,444,4.6,2000-01-01,2026-05-31
36126,NEW DEER,-24.701,144.144,QLD,,9648,1002,10.4,2000-01-01,2026-05-31
36129,BAN BAN,-24.117,143.717,QLD,,9648,0,0.0,2000-01-01,2026-05-31
36130,RUSSLEIGH,-24.335,143.754,QLD,,9648,2829,29.3,2000-01-01,2026-05-31
36131,WHITEHILL,-23.637,144.048,QLD,,9648,1328,13.8,2000-01-01,2026-05-31
36133,MILO STATION,-25.721,144.5,QLD,,9648,2127,22.0,2000-01-01,2026-05-31
36135,SELVISTER,-24.457,145.214,QLD,,9648,364,3.8,2000-01-01,2026-05-31
36136,BARCOMBE,-22.366,147.285,QLD,,9648,422,4.4,2000-01-01,2026-05-31
36137,LISTOWEL DOWNS,-25.201,145.227,QLD,,9648,5325,55.2,2000-01-01,2026-05-31
36138,LORNE PEAK,-24.961,145.144,QLD,,9648,0,0.0,2000-01-01,2026-05-31
36139,SURBITON STATION,-22.986,146.619,QLD,,9648,9504,98.5,2000-01-01,2026-05-31
36140,GUNDOO,-24.703,143.831,QLD,,9648,3631,37.6,2000-01-01,2026-05-31
36141,RODNEY DOWNS,-23.186,144.851,QLD,,9648,2974,30.8,2000-01-01,2026-05-31
36143,BLACKALL TOWNSHIP,-24.421,145.467,QLD,,9648,9591,99.4,2000-01-01,2026-05-31
36144,TERRICK TERRICK,-24.736,145.073,QLD,,9648,9460,98.1,2000-01-01,2026-05-31
36147,DOTSWOOD,-22.232,144.577,QLD,,9648,6534,67.7,2000-01-01,2026-05-31
36148,BLACKALL DPI,-24.417,145.467,QLD,,9648,0,0.0,2000-01-01,2026-05-31
36153,SUMMER HILL,-23.052,144.81,QLD,,9648,9010,93.4,2000-01-01,2026-05-31
36165,MOORRINYA NATIONAL PARK,-21.503,144.99,QLD,,9648,1893,19.6,2000-01-01,2026-05-31
36172,GUE,-21.967,144.333,QLD,,9648,9575,99.2,2000-01-01,2026-05-31
37000,ALNI,-22.154,142.49,QLD,,9648,9542,98.9,2000-01-01,2026-05-31
37001,AYRSHIRE DOWNS,-21.968,142.721,QLD,,9648,9134,94.7,2000-01-01,2026-05-31
37002,BARATRIA,-22.82,143.385,QLD,,9648,7606,78.8,2000-01-01,2026-05-31
37003,BARKLY DOWNS,-20.466,138.468,QLD,,9648,7337,76.0,2000-01-01,2026-05-31
37005,BIMERAH,-24.219,143.578,QLD,,9648,3190,33.1,2000-01-01,2026-05-31
37006,BLADENSBURG,-22.515,143.039,QLD,,9648,7646,79.2,2000-01-01,2026-05-31
37007,BRIGHTON DOWNS,-23.359,141.563,QLD,,9648,7121,73.8,2000-01-01,2026-05-31
37008,BUCKINGHAM DOWNS,-22.076,139.758,QLD,,9648,2455,25.4,2000-01-01,2026-05-31
37010,CAMOOWEAL TOWNSHIP,-19.922,138.121,QLD,,9648,9586,99.4,2000-01-01,2026-05-31
37011,CARANDOTTA STATION,-21.971,138.612,QLD,,9648,6660,69.0,2000-01-01,2026-05-31
37013,CHATSWORTH,-21.974,140.296,QLD,,9648,6420,66.5,2000-01-01,2026-05-31
37014,CORK STATION,-22.926,142.312,QLD,,9648,2603,27.0,2000-01-01,2026-05-31
37015,CORONA DOWNS,-23.126,143.462,QLD,,9648,6546,67.8,2000-01-01,2026-05-31
37016,DAGWORTH STATION,-21.866,142.154,QLD,,9648,4267,44.2,2000-01-01,2026-05-31
37017,DAJARRA HOTEL,-21.694,139.513,QLD,,9648,3315,34.4,2000-01-01,2026-05-31
37019,DUCHESS HOTEL,-21.356,139.865,QLD,,9648,1158,12.0,2000-01-01,2026-05-31
37021,FERMOY,-23.17,143.02,QLD,,9648,0,0.0,2000-01-01,2026-05-31
37023,HAMILTON DOWNS,-21.417,142.4,QLD,,9648,0,0.0,2000-01-01,2026-05-31
37024,HEADINGLY STATION,-21.323,138.291,QLD,,9648,6828,70.8,2000-01-01,2026-05-31
37025,KATANDRA,-21.55,143.803,QLD,,9648,8011,83.0,2000-01-01,2026-05-31
37027,LLANRHEIDOL STATION,-22.283,141.6,QLD,,9648,0,0.0,2000-01-01,2026-05-31
37028,LUCKNOW STATION,-22.717,140.917,QLD,,9648,5254,54.5,2000-01-01,2026-05-31
37030,MALBOONA,-21.889,143.602,QLD,,9648,8844,91.7,2000-01-01,2026-05-31
37031,MANUKA,-21.717,143.4,QLD,,9648,0,0.0,2000-01-01,2026-05-31
37032,MAYNESIDE,-23.517,142.55,QLD,,9648,0,0.0,2000-01-01,2026-05-31
37033,MELROSE,-22.741,143.334,QLD,,9648,3061,31.7,2000-01-01,2026-05-31
37034,THE MONUMENT AIRPORT,-21.812,139.927,QLD,,9648,8875,92.0,2000-01-01,2026-05-31
37035,OBAN STATION,-21.234,139.046,QLD,,9648,5197,53.9,2000-01-01,2026-05-31
37036,TREPELL AIRPORT,-21.84,140.893,QLD,,9648,8504,88.1,2000-01-01,2026-05-31
37039,WINTON AIRPORT,-22.362,143.084,QLD,,9648,8383,86.9,2000-01-01,2026-05-31
37040,STONEHENGE,-24.351,143.288,QLD,,9648,2377,24.6,2000-01-01,2026-05-31
37041,STRADBROKE STATION,-21.565,139.723,QLD,,9648,5755,59.6,2000-01-01,2026-05-31
37042,TOOLEBUC,-22.164,140.843,QLD,,9648,0,0.0,2000-01-01,2026-05-31
37043,URANDANGI,-21.612,138.314,QLD,,9648,4632,48.0,2000-01-01,2026-05-31
37045,VERGEMONT,-23.53,143.009,QLD,,9648,0,0.0,2000-01-01,2026-05-31
37046,ELDERSLIE,-22.29,142.473,QLD,,9648,9538,98.9,2000-01-01,2026-05-31
37048,WARENDA,-22.637,140.496,QLD,,9648,0,0.0,2000-01-01,2026-05-31
37049,WARNAMBOOL DOWNS,-22.813,142.833,QLD,,9648,7967,82.6,2000-01-01,2026-05-31
37050,WHITEWOOD POST OFFICE,-21.483,143.6,QLD,,9648,0,0.0,2000-01-01,2026-05-31
37051,WINTON POST OFFICE,-22.391,143.039,QLD,,9648,4518,46.8,2000-01-01,2026-05-31
37052,MUNDURIN STATION,-22.879,141.836,QLD,,9648,6853,71.0,2000-01-01,2026-05-31
37055,FLORA DOWNS,-20.115,138.804,QLD,,9648,7344,76.1,2000-01-01,2026-05-31
37056,MAHRIGONG,-22.263,143.745,QLD,,9648,9481,98.3,2000-01-01,2026-05-31
37057,BUSHY PARK,-21.262,139.725,QLD,,9648,5986,62.0,2000-01-01,2026-05-31
37060,SUVLA,-22.517,142.583,QLD,,9648,0,0.0,2000-01-01,2026-05-31
37061,COTSWOLD HILLS,-22.545,142.668,QLD,,9648,5889,61.0,2000-01-01,2026-05-31
37063,GLENLYON STATION,-21.34,142.929,QLD,,9648,2144,22.2,2000-01-01,2026-05-31
37066,HAPPY VALLEY,-22.969,142.646,QLD,,9648,0,0.0,2000-01-01,2026-05-31
37070,OONDOOROO RAILWAY STN,-22.167,143.083,QLD,,9648,0,0.0,2000-01-01,2026-05-31
37072,ARDMORE STATION,-21.648,139.183,QLD,,9648,1278,13.2,2000-01-01,2026-05-31
37073,WESTERTON,-24.042,142.831,QLD,,9648,4607,47.8,2000-01-01,2026-05-31
37079,TRANBY,-22.661,142.393,QLD,,9648,3781,39.2,2000-01-01,2026-05-31
37082,OONDOOROO,-22.175,143.167,QLD,,9648,1,0.0,2000-01-01,2026-05-31
37086,COOINDA,-21.917,142.867,QLD,,9648,0,0.0,2000-01-01,2026-05-31
37095,MARMBOO,-23.312,143.442,QLD,,9648,6265,64.9,2000-01-01,2026-05-31
37096,AVONDALE,-23.6,143.267,QLD,,9648,0,0.0,2000-01-01,2026-05-31
37097,MOUNT RYDE,-23.321,143.171,QLD,,9648,1789,18.5,2000-01-01,2026-05-31
37098,NOONBAH,-24.107,143.186,QLD,,9648,8593,89.1,2000-01-01,2026-05-31
37101,DENTON,-22.953,143.555,QLD,,9648,8211,85.1,2000-01-01,2026-05-31
37102,ALBION DOWNS,-21.5,142.683,QLD,,9648,0,0.0,2000-01-01,2026-05-31
37103,ELROSE STATION,-22.816,140.11,QLD,,9648,3660,37.9,2000-01-01,2026-05-31
37104,WEONA,-23.062,142.82,QLD,,9648,9371,97.1,2000-01-01,2026-05-31
37105,BELMONT,-22.079,143.511,QLD,,9648,9465,98.1,2000-01-01,2026-05-31
37112,SUNNYSIDE,-23.969,143.303,QLD,,9648,9522,98.7,2000-01-01,2026-05-31
37113,VUNA STATION,-21.373,143.507,QLD,,9648,366,3.8,2000-01-01,2026-05-31
38000,BEDOURIE,-24.36,139.471,QLD,,9648,9259,96.0,2000-01-01,2026-05-31
38002,BIRDSVILLE POLICE STATION,-25.9,139.349,QLD,,9648,4421,45.8,2000-01-01,2026-05-31
38003,BOULIA AIRPORT,-22.912,139.904,QLD,,9648,8808,91.3,2000-01-01,2026-05-31
38005,CLUNY,-24.508,139.588,QLD,,9648,8355,86.6,2000-01-01,2026-05-31
38006,COORABULKA,-23.731,140.308,QLD,,9648,4740,49.1,2000-01-01,2026-05-31
38007,CURRAWILLA STATION,-25.142,141.346,QLD,,9648,5782,59.9,2000-01-01,2026-05-31
38008,DIAMANTINA LAKES,-23.764,141.141,QLD,,9648,1101,11.4,2000-01-01,2026-05-31
38009,GLENGYLE,-24.786,139.592,QLD,,9648,8695,90.1,2000-01-01,2026-05-31
38010,GLENORMISTON,-22.916,138.804,QLD,,9648,9397,97.4,2000-01-01,2026-05-31
38011,JEDBURGH STATION,-25.083,143.55,QLD,,9648,0,0.0,2000-01-01,2026-05-31
38012,JUNDAH POST OFFICE,-24.83,143.059,QLD,,9648,9194,95.3,2000-01-01,2026-05-31
38013,KEEROONGOOLOO,-25.909,142.788,QLD,,9648,6416,66.5,2000-01-01,2026-05-31
38014,MARION DOWNS,-23.365,139.656,QLD,,9648,8196,85.0,2000-01-01,2026-05-31
38015,MONKIRA,-24.822,140.556,QLD,,9648,7111,73.7,2000-01-01,2026-05-31
38016,MOOTHANDELLA STATION,-25.546,142.942,QLD,,9648,7349,76.2,2000-01-01,2026-05-31
38017,MOUNT LEONARD STATION,-25.688,140.754,QLD,,9648,8333,86.4,2000-01-01,2026-05-31
38018,RETREAT (BARCOO RIVER),-25.196,143.276,QLD,,9648,2041,21.2,2000-01-01,2026-05-31
38019,LONGFORD,-24.945,142.924,QLD,,9648,0,0.0,2000-01-01,2026-05-31
38020,ROSEBERTH STATION,-25.79,139.586,QLD,,9648,9356,97.0,2000-01-01,2026-05-31
38021,SPRINGFIELD,-25.8,143.017,QLD,,9648,0,0.0,2000-01-01,2026-05-31
38022,SPRINGVALE,-23.556,140.698,QLD,,9648,2122,22.0,2000-01-01,2026-05-31
38023,TANBAR STATION,-25.842,141.919,QLD,,9648,5811,60.2,2000-01-01,2026-05-31
38024,WINDORAH EVAP,-25.42,142.659,QLD,,9648,9268,96.1,2000-01-01,2026-05-31
38025,SANDRINGHAM,-24.052,139.064,QLD,,9648,3717,38.5,2000-01-01,2026-05-31
38026,BIRDSVILLE AIRPORT,-25.898,139.347,QLD,,9648,9291,96.3,2000-01-01,2026-05-31
38030,DAVENPORT DOWNS STATION,-24.155,141.098,QLD,,9648,6251,64.8,2000-01-01,2026-05-31
38035,TRINIDAD,-25.59,143.892,QLD,,9648,8893,92.2,2000-01-01,2026-05-31
38039,REGLEIGH,-25.701,143.456,QLD,,9648,7095,73.5,2000-01-01,2026-05-31
38040,CARRANYA,-25.304,142.201,QLD,,9648,3091,32.0,2000-01-01,2026-05-31
38042,CLIFTON,-25.648,143.169,QLD,,9648,6925,71.8,2000-01-01,2026-05-31
38043,LOCHIEL,-24.68,142.385,QLD,,9648,1613,16.7,2000-01-01,2026-05-31
38049,HAYFIELD,-24.852,142.696,QLD,,9648,8810,91.3,2000-01-01,2026-05-31
38052,MUDGEACCA,-23.058,139.958,QLD,,9648,4446,46.1,2000-01-01,2026-05-31
38056,SOUTH GALWAY,-25.665,142.109,QLD,,9648,8349,86.5,2000-01-01,2026-05-31
38066,MOUNT MARLOW,-24.945,143.756,QLD,,9648,6827,70.8,2000-01-01,2026-05-31
38072,WESTWARD HO,-23.048,140.232,QLD,,9648,3579,37.1,2000-01-01,2026-05-31
39000,ABERCORN,-25.133,151.129,QLD,,9648,9628,99.8,2000-01-01,2026-05-31
39001,ANNANVALE,-24.102,151.103,QLD,,9648,3596,37.3,2000-01-01,2026-05-31
39002,BAJOOL POST OFFICE,-23.653,150.645,QLD,,9648,8852,91.7,2000-01-01,2026-05-31
39003,BANANA POST OFFICE,-24.472,150.129,QLD,,9648,4798,49.7,2000-01-01,2026-05-31
39004,BARALABA POST OFFICE,-24.182,149.812,QLD,,9648,4693,48.6,2000-01-01,2026-05-31
39006,BILOELA DPI,-24.379,150.516,QLD,,9648,0,0.0,2000-01-01,2026-05-31
39008,BOOLBURRA TM,-23.743,149.783,QLD,,9648,1150,11.9,2000-01-01,2026-05-31
39009,BOONA-CHOPPA,-24.841,152.241,QLD,,9648,9587,99.4,2000-01-01,2026-05-31
39010,GOONDICUM,-24.857,151.443,QLD,,9648,6211,64.4,2000-01-01,2026-05-31
39011,MONDURAN,-24.888,151.91,QLD,,9648,5700,59.1,2000-01-01,2026-05-31
39012,BOYNEDALE,-24.217,151.25,QLD,,9648,0,0.0,2000-01-01,2026-05-31
39014,BULBURIN FORESTRY,-24.533,151.467,QLD,,9648,0,0.0,2000-01-01,2026-05-31
39015,BUNDABERG POST OFFICE,-24.867,152.347,QLD,,9648,0,0.0,2000-01-01,2026-05-31
39017,BURNETT HEADS NIELL ST,-24.763,152.414,QLD,,9648,5864,60.8,2000-01-01,2026-05-31
39018,BUSTARD HEAD LIGHTHOUSE,-24.022,151.764,QLD,,9648,8344,86.5,2000-01-01,2026-05-31
39019,CALLEMONDAH STATION,-24.295,150.94,QLD,,9648,8968,93.0,2000-01-01,2026-05-31
39020,CALLIOPE STATION,-24.025,150.968,QLD,,9648,5465,56.6,2000-01-01,2026-05-31
39021,CALLIOPE POST OFFICE,-24.007,151.202,QLD,,9648,198,2.1,2000-01-01,2026-05-31
39022,CAMBOON STATION,-25.03,150.434,QLD,,9648,9133,94.7,2000-01-01,2026-05-31
39023,CAPE CAPRICORN LIGHTHOUSE,-23.483,151.233,QLD,,9648,0,0.0,2000-01-01,2026-05-31
39025,CHILDERS POST OFFICE,-25.236,152.278,QLD,,9648,1124,11.7,2000-01-01,2026-05-31
39026,GOOMINGLAH,-24.842,151.005,QLD,,9648,3109,32.2,2000-01-01,2026-05-31
39027,CORDALBA STORE,-25.162,152.214,QLD,,9648,3999,41.4,2000-01-01,2026-05-31
39028,CRACOW STORE,-25.297,150.305,QLD,,9648,283,2.9,2000-01-01,2026-05-31
39029,CRONULLA STATION,-25.383,151.383,QLD,,9648,0,0.0,2000-01-01,2026-05-31
39030,DARTS CREEK,-23.711,150.961,QLD,,9648,4109,42.6,2000-01-01,2026-05-31
39031,DAWES - KAGEON,-24.649,150.745,QLD,,9648,3747,38.8,2000-01-01,2026-05-31
39032,DEEFORD,-23.9,150.217,QLD,,9648,0,0.0,2000-01-01,2026-05-31
39033,DEGILBO RAIL STN,-25.483,152.0,QLD,,9648,0,0.0,2000-01-01,2026-05-31
39034,DELUBRA,-25.734,150.923,QLD,,9648,0,0.0,2000-01-01,2026-05-31
39036,EIDSVOLD POST OFFICE,-25.371,151.122,QLD,,9648,8889,92.1,2000-01-01,2026-05-31
39037,FAIRYMEAD SUGAR MILL,-24.791,152.359,QLD,,9648,7052,73.1,2000-01-01,2026-05-31
39038,GATCOMBE HEAD,-23.883,151.383,QLD,,9648,0,0.0,2000-01-01,2026-05-31
39039,GAYNDAH POST OFFICE,-25.626,151.609,QLD,,9648,3594,37.3,2000-01-01,2026-05-31
39040,GIN GIN POST OFFICE,-24.993,151.961,QLD,,9648,8340,86.4,2000-01-01,2026-05-31
39041,GLADSTONE POST OFFICE,-23.833,151.25,QLD,,9648,0,0.0,2000-01-01,2026-05-31
39042,GLADYSVALE,-25.533,151.567,QLD,,9648,0,0.0,2000-01-01,2026-05-31
39043,GLENLANDS,-23.526,150.508,QLD,,9648,8670,89.9,2000-01-01,2026-05-31
39044,RIVERSLEA TM,-23.569,149.954,QLD,,9648,7157,74.2,2000-01-01,2026-05-31
39045,GOODNIGHT SCRUB RES 169,-25.283,151.913,QLD,,9648,0,0.0,2000-01-01,2026-05-31
39046,GOODWOOD RAIL STN,-25.15,152.417,QLD,,9648,0,0.0,2000-01-01,2026-05-31
39048,GOOVIGEN,-24.146,150.287,QLD,,9648,9598,99.5,2000-01-01,2026-05-31
39049,GRACEMERE - LUCAS ST,-23.459,150.456,QLD,,9648,8044,83.4,2000-01-01,2026-05-31
39051,HAWKWOOD STATION,-25.783,150.817,QLD,,9648,0,0.0,2000-01-01,2026-05-31
39052,HUMPHERY RAIL SIDING,-25.6,151.483,QLD,,9648,0,0.0,2000-01-01,2026-05-31
39053,ISIS JUNCTION RAILWAY STN,-25.217,152.45,QLD,,9648,0,0.0,2000-01-01,2026-05-31
39054,JAMBIN POST OFFICE,-24.197,150.371,QLD,,9648,9279,96.2,2000-01-01,2026-05-31
39055,KABRA RAILWAY STN,-23.467,150.4,QLD,,9648,0,0.0,2000-01-01,2026-05-31
39056,KALAPA,-23.493,150.24,QLD,,9648,0,0.0,2000-01-01,2026-05-31
39057,KALPOWAR FORESTRY,-24.692,151.305,QLD,,9648,7226,74.9,2000-01-01,2026-05-31
39060,LOWMEAD POST OFFICE,-24.527,151.752,QLD,,9648,0,0.0,2000-01-01,2026-05-31
39061,MANNERSLEY,-24.043,150.821,QLD,,9648,712,7.4,2000-01-01,2026-05-31
39062,MANY PEAKS POST OFFICE,-24.533,151.383,QLD,,9648,0,0.0,2000-01-01,2026-05-31
39063,MILLAQUIN SUGAR,-24.85,152.367,QLD,,9648,0,0.0,2000-01-01,2026-05-31
39065,MIRIAM VALE,-24.328,151.569,QLD,,9648,3160,32.8,2000-01-01,2026-05-31
39066,GAYNDAH AIRPORT,-25.617,151.616,QLD,,9648,8092,83.9,2000-01-01,2026-05-31
39067,MOONMERA,-23.58,150.404,QLD,,9648,9557,99.1,2000-01-01,2026-05-31
39068,MOUNT LARCOM POST OFFICE,-23.81,150.978,QLD,,9648,8792,91.1,2000-01-01,2026-05-31
39069,WALTERHALL,-23.629,150.387,QLD,,9648,5143,53.3,2000-01-01,2026-05-31
39070,MT PERRY THE PINES,-25.169,151.637,QLD,,9648,9485,98.3,2000-01-01,2026-05-31
39071,MOURA POST OFFICE,-24.572,149.969,QLD,,9648,7836,81.2,2000-01-01,2026-05-31
39073,MUNDUBBERA,-25.591,151.299,QLD,,9648,8825,91.5,2000-01-01,2026-05-31
39076,NORWOOD,-25.483,151.5,QLD,,9648,0,0.0,2000-01-01,2026-05-31
39077,EULEILAH CREEK,-24.448,151.86,QLD,,9648,8064,83.6,2000-01-01,2026-05-31
39078,PACIFIC SALT,-23.578,150.822,QLD,,9648,3193,33.1,2000-01-01,2026-05-31
39079,RAGLAN,-23.717,150.82,QLD,,9648,2670,27.7,2000-01-01,2026-05-31
39080,RANNES RAILWAY STATION,-24.1,150.117,QLD,,9648,0,0.0,2000-01-01,2026-05-31
39081,RIDGELANDS,-23.25,150.283,QLD,,9648,0,0.0,2000-01-01,2026-05-31
39082,ROCKHAMPTON POST OFFICE,-23.4,150.5,QLD,,9648,0,0.0,2000-01-01,2026-05-31
39083,ROCKHAMPTON AERO,-23.375,150.477,QLD,,9648,9242,95.8,2000-01-01,2026-05-31
39084,ROSEDALE POST OFFICE,-24.629,151.916,QLD,,9648,6137,63.6,2000-01-01,2026-05-31
39085,SANDY CAPE LIGHTHOUSE,-24.73,153.208,QLD,,9648,7452,77.2,2000-01-01,2026-05-31
39086,STANWELL POST OFFICE,-23.49,150.332,QLD,,9648,0,0.0,2000-01-01,2026-05-31
39089,THANGOOL AIRPORT,-24.494,150.571,QLD,,9648,9541,98.9,2000-01-01,2026-05-31
39090,THEODORE DPI,-24.95,150.072,QLD,,9648,0,0.0,2000-01-01,2026-05-31
39091,UBOBO STORE,-24.405,151.323,QLD,,9648,3236,33.5,2000-01-01,2026-05-31
39092,MIARA,-24.679,152.188,QLD,,9648,9344,96.8,2000-01-01,2026-05-31
39093,WALLAVILLE- MILL  STREET,-25.075,151.994,QLD,,9648,2002,20.8,2000-01-01,2026-05-31
39095,WATALGAN WINFIELD RD,-24.634,152.023,QLD,,9648,9430,97.7,2000-01-01,2026-05-31
39096,WATERANGA,-25.356,151.817,QLD,,9648,6920,71.7,2000-01-01,2026-05-31
39097,WATERLOO,-24.716,152.007,QLD,,9648,9264,96.0,2000-01-01,2026-05-31
39098,WESTWOOD STORE,-23.621,150.157,QLD,,9648,582,6.0,2000-01-01,2026-05-31
39100,WINFIELD,-24.554,152.013,QLD,,9648,1570,16.3,2000-01-01,2026-05-31
39102,WOWAN POST OFFICE,-23.908,150.195,QLD,,9648,7932,82.2,2000-01-01,2026-05-31
39103,BANCROFT,-24.784,151.228,QLD,,9648,7049,73.1,2000-01-01,2026-05-31
39104,MONTO TOWNSHIP,-24.864,151.125,QLD,,9648,7021,72.8,2000-01-01,2026-05-31
39106,MOUNT KROOMBIT,-24.412,150.728,QLD,,9648,9573,99.2,2000-01-01,2026-05-31
39108,LURNEA,-25.438,150.628,QLD,,9648,3272,33.9,2000-01-01,2026-05-31
39119,TABLE TOPS,-24.55,151.222,QLD,,9648,3433,35.6,2000-01-01,2026-05-31
39123,GLADSTONE RADAR,-23.855,151.263,QLD,,9648,9490,98.4,2000-01-01,2026-05-31
39125,MOUNT ALMA,-24.024,150.871,QLD,,9648,2361,24.5,2000-01-01,2026-05-31
39128,BUNDABERG AERO,-24.907,152.323,QLD,,9648,9577,99.3,2000-01-01,2026-05-31
39129,MALAKOFF,-24.616,151.105,QLD,,9648,9570,99.2,2000-01-01,2026-05-31
39132,DIDCOT,-25.476,151.868,QLD,,9648,5808,60.2,2000-01-01,2026-05-31
39135,BARGARA,-24.804,152.453,QLD,,9648,8930,92.6,2000-01-01,2026-05-31
39138,CLEVEDEN,-23.817,150.733,QLD,,9648,0,0.0,2000-01-01,2026-05-31
39139,TORSDALE,-24.5,150.4,QLD,,9648,0,0.0,2000-01-01,2026-05-31
39142,WOODLEIGH,-24.814,149.989,QLD,,9648,8812,91.3,2000-01-01,2026-05-31
39145,THE HIRSEL,-24.675,150.494,QLD,,9648,1815,18.8,2000-01-01,2026-05-31
39148,BLUE HILLS,-24.535,150.917,QLD,,9648,0,0.0,2000-01-01,2026-05-31
39149,BARFIELD,-24.614,150.282,QLD,,9648,5302,55.0,2000-01-01,2026-05-31
39150,CALLIDE OPEN CUT,-24.328,150.618,QLD,,9648,4045,41.9,2000-01-01,2026-05-31
39151,GONYELINKA,-24.808,150.22,QLD,,9648,9370,97.1,2000-01-01,2026-05-31
39152,BIBARINGA,-24.497,150.671,QLD,,9648,0,0.0,2000-01-01,2026-05-31
39156,DULULU POST OFFICE,-23.847,150.263,QLD,,9648,4594,47.6,2000-01-01,2026-05-31
39158,THEODORE,-24.947,150.079,QLD,,9648,6564,68.0,2000-01-01,2026-05-31
39159,BOOYAL CENTRAL STATE SCHOOL,-25.21,152.032,QLD,,9648,1687,17.5,2000-01-01,2026-05-31
39160,LYNWOOD,-24.378,150.369,QLD,,9648,6412,66.5,2000-01-01,2026-05-31
39163,OLD WALLOON,-24.887,150.203,QLD,,9648,2401,24.9,2000-01-01,2026-05-31
39167,ROCKYBAR,-25.457,150.461,QLD,,9648,8520,88.3,2000-01-01,2026-05-31
39168,WOODGATE STORE,-25.102,152.56,QLD,,9648,8218,85.2,2000-01-01,2026-05-31
39169,CULCRAGIE,-25.262,150.854,QLD,,9648,574,5.9,2000-01-01,2026-05-31
39171,NARAYEN RES STN,-25.688,150.869,QLD,,9648,0,0.0,2000-01-01,2026-05-31
39172,HILLVIEW,-24.412,150.663,QLD,,9648,2894,30.0,2000-01-01,2026-05-31
39174,BUNDABERG ASHFIELD RD,-24.85,152.398,QLD,,9648,5828,60.4,2000-01-01,2026-05-31
39177,GLENWOOD,-25.696,150.965,QLD,,9648,3794,39.3,2000-01-01,2026-05-31
39186,BINGERA SUGAR MILL,-24.93,152.198,QLD,,9648,8228,85.3,2000-01-01,2026-05-31
39197,FIG TREE,-24.031,150.74,QLD,,9648,7737,80.2,2000-01-01,2026-05-31
39200,REDBANK,-23.111,149.914,QLD,,9648,7036,72.9,2000-01-01,2026-05-31
39201,BELVEDERE,-24.328,149.856,QLD,,9648,9550,99.0,2000-01-01,2026-05-31
39203,TANNYMOREL,-24.776,150.861,QLD,,9648,9410,97.5,2000-01-01,2026-05-31
39204,COLODAN,-24.949,150.684,QLD,,9648,8423,87.3,2000-01-01,2026-05-31
39205,WINGFIELD,-24.872,150.824,QLD,,9648,9413,97.6,2000-01-01,2026-05-31
39206,REDBANK,-25.5,150.6,QLD,,9648,0,0.0,2000-01-01,2026-05-31
39208,NEWLYN - CYNTHIA,-25.21,151.139,QLD,,9648,4452,46.1,2000-01-01,2026-05-31
39211,GEIJERA,-25.023,151.257,QLD,,9648,4407,45.7,2000-01-01,2026-05-31
39218,MOOLBOOLAMAN,-25.009,151.81,QLD,,9648,7966,82.6,2000-01-01,2026-05-31
39219,LORRAY,-24.967,151.367,QLD,,9648,0,0.0,2000-01-01,2026-05-31
39220,CHARNWOOD,-24.654,151.631,QLD,,9648,9406,97.5,2000-01-01,2026-05-31
39222,CANIA GORGE PARK,-24.662,150.963,QLD,,9648,7048,73.1,2000-01-01,2026-05-31
39223,KOLONGA,-24.819,151.711,QLD,,9648,7930,82.2,2000-01-01,2026-05-31
39224,LONE PINE,-25.371,150.548,QLD,,9648,1480,15.3,2000-01-01,2026-05-31
39225,GRACEDIEU,-24.711,151.671,QLD,,9648,4167,43.2,2000-01-01,2026-05-31
39229,TAKILBERAN,-24.85,151.767,QLD,,9648,0,0.0,2000-01-01,2026-05-31
39230,LANGMORN,-23.835,150.754,QLD,,9648,0,0.0,2000-01-01,2026-05-31
39233,VOEWOOD,-24.117,150.817,QLD,,9648,0,0.0,2000-01-01,2026-05-31
39234,THE CEDARS,-25.173,152.032,QLD,,9648,1421,14.7,2000-01-01,2026-05-31
39236,WURUMA DAM,-25.195,150.99,QLD,,9648,5542,57.4,2000-01-01,2026-05-31
39237,DEEPBANK,-25.541,151.074,QLD,,9648,4651,48.2,2000-01-01,2026-05-31
39238,CECILWOOD,-23.883,150.7,QLD,,9648,0,0.0,2000-01-01,2026-05-31
39240,KROOMBIT,-24.447,150.798,QLD,,9648,7461,77.3,2000-01-01,2026-05-31
39241,SOUTHEND CURTIS ISLAND,-23.758,151.31,QLD,,9648,9324,96.6,2000-01-01,2026-05-31
39242,BROADMEADOWS,-23.401,150.624,QLD,,9648,9579,99.3,2000-01-01,2026-05-31
39244,SPRINGFIELD,-25.279,150.836,QLD,,9648,2163,22.4,2000-01-01,2026-05-31
39247,SCOTSTON,-25.125,150.792,QLD,,9648,1456,15.1,2000-01-01,2026-05-31
39248,TECOMA,-24.939,150.803,QLD,,9648,7828,81.1,2000-01-01,2026-05-31
39249,WYALLA,-24.123,150.756,QLD,,9648,0,0.0,2000-01-01,2026-05-31
39250,ROCKLEY,-23.746,150.605,QLD,,9648,5713,59.2,2000-01-01,2026-05-31
39251,HILLVIEW,-24.727,151.431,QLD,,9648,8209,85.1,2000-01-01,2026-05-31
39253,ROWANLEA,-24.272,151.096,QLD,,9648,8554,88.7,2000-01-01,2026-05-31
39255,SPRINGS,-24.166,151.513,QLD,,9648,9519,98.7,2000-01-01,2026-05-31
39257,WOODBINE,-23.972,150.272,QLD,,9648,7158,74.2,2000-01-01,2026-05-31
39258,WALLA ALERT-B,-25.136,151.984,QLD,,9648,3705,38.4,2000-01-01,2026-05-31
39261,TURKEY STATION,-24.096,151.645,QLD,,9648,7059,73.2,2000-01-01,2026-05-31
39263,CALLIUNGAL STATION,-23.967,150.217,QLD,,9648,0,0.0,2000-01-01,2026-05-31
39265,BULLYARD,-24.953,152.061,QLD,,9648,970,10.1,2000-01-01,2026-05-31
39278,GLENHAVEN,-24.839,150.744,QLD,,9648,8310,86.1,2000-01-01,2026-05-31
39297,BUILYAN GUM STREET,-24.527,151.381,QLD,,9648,5667,58.7,2000-01-01,2026-05-31
39314,SEVENTEEN SEVENTY,-24.157,151.889,QLD,,9648,9208,95.4,2000-01-01,2026-05-31
39326,GLADSTONE AIRPORT,-23.87,151.221,QLD,,9648,9535,98.8,2000-01-01,2026-05-31
39330,MONTO AIRPORT,-24.893,151.1,QLD,,9648,1904,19.7,2000-01-01,2026-05-31
40000,ABBOTSFORD,-27.95,153.1,QLD,,9648,0,0.0,2000-01-01,2026-05-31
40003,AMAMOOR FORESTRY,-26.366,152.624,QLD,,9648,1378,14.3,2000-01-01,2026-05-31
40004,AMBERLEY AMO,-27.63,152.711,QLD,,9648,9187,95.2,2000-01-01,2026-05-31
40005,ANDERLEIGH,-26.0,152.683,QLD,,9648,0,0.0,2000-01-01,2026-05-31
40007,BALD KNOB,-26.8,152.9,QLD,,9648,0,0.0,2000-01-01,2026-05-31
40010,BARAMBAH,-26.317,152.083,QLD,,9648,0,0.0,2000-01-01,2026-05-31
40013,BAUPLE,-25.816,152.623,QLD,,9648,6065,62.9,2000-01-01,2026-05-31
40014,BEAUDESERT CRYNA,-28.021,153.013,QLD,,9648,4444,46.1,2000-01-01,2026-05-31
40015,BEECHMONT BINNA BURRA ROAD,-28.147,153.19,QLD,,9648,240,2.5,2000-01-01,2026-05-31
40016,BEENLEIGH POST OFFICE,-27.717,153.183,QLD,,9648,0,0.0,2000-01-01,2026-05-31
40017,BEERWAH FOREST,-26.856,152.976,QLD,,9648,1096,11.4,2000-01-01,2026-05-31
40019,BENARKIN FOREST STATION,-26.9,152.15,QLD,,9648,0,0.0,2000-01-01,2026-05-31
40020,BLACKBUTT STATE SCHOOL,-26.89,152.103,QLD,,9648,9076,94.1,2000-01-01,2026-05-31
40021,BIGGENDEN POST OFFICE,-25.51,152.046,QLD,,9648,6350,65.8,2000-01-01,2026-05-31
40024,BOONAH STARK AVE,-27.992,152.692,QLD,,9648,3546,36.8,2000-01-01,2026-05-31
40025,BOONARA,-26.083,152.05,QLD,,9648,0,0.0,2000-01-01,2026-05-31
40027,BONGAREE BOWLS CLUB,-27.089,153.166,QLD,,9648,0,0.0,2000-01-01,2026-05-31
40028,BROOWEENA LAHEY ST,-25.601,152.262,QLD,,9648,6609,68.5,2000-01-01,2026-05-31
40029,WIDGEE STATION HILL,-26.19,152.427,QLD,,9648,1117,11.6,2000-01-01,2026-05-31
40030,BRYN EURYN,-28.237,152.477,QLD,,9648,0,0.0,2000-01-01,2026-05-31
40031,BUDERIM POST OFFICE,-26.687,153.05,QLD,,9648,0,0.0,2000-01-01,2026-05-31
40035,BURPENGARY ULMANN RD,-27.141,153.009,QLD,,9648,85,0.9,2000-01-01,2026-05-31
40037,CABOONBAH,-27.15,152.5,QLD,,9648,0,0.0,2000-01-01,2026-05-31
40038,CABOOLTURE POST OFFICE,-27.085,152.952,QLD,,9648,0,0.0,2000-01-01,2026-05-31
40039,CALOUNDRA POST OFFICE,-26.808,153.138,QLD,,9648,0,0.0,2000-01-01,2026-05-31
40040,CALOUNDRA SIGNAL STATION,-26.802,153.15,QLD,,9648,0,0.0,2000-01-01,2026-05-31
40042,CANUNGRA FINCH ROAD,-28.014,153.166,QLD,,9648,9502,98.5,2000-01-01,2026-05-31
40043,CAPE MORETON LIGHTHOUSE,-27.031,153.466,QLD,,9648,9015,93.4,2000-01-01,2026-05-31
40044,DARLINGTON,-28.25,153.083,QLD,,9648,0,0.0,2000-01-01,2026-05-31
40045,CENTRAL KIN KIN,-26.25,152.9,QLD,,9648,0,0.0,2000-01-01,2026-05-31
40047,CLEVELAND BOWLS CLUB,-27.525,153.276,QLD,,9648,861,8.9,2000-01-01,2026-05-31
40049,COALSTOUN LAKES,-25.617,151.883,QLD,,9648,0,0.0,2000-01-01,2026-05-31
40050,COLTON RAILWAY STATION,-25.433,152.65,QLD,,9648,0,0.0,2000-01-01,2026-05-31
40051,CONONDALE TOWNSHIP,-26.73,152.717,QLD,,9648,9587,99.4,2000-01-01,2026-05-31
40052,COOLANGATTA BOWLS COMP,-28.178,153.538,QLD,,9648,0,0.0,2000-01-01,2026-05-31
40053,COOLOOLABIN FORESTRY,-26.55,152.9,QLD,,9648,0,0.0,2000-01-01,2026-05-31
40054,ROCKY VALE,-26.55,152.9,QLD,,9648,0,0.0,2000-01-01,2026-05-31
40055,COOLUM BEACH POST OFFICE,-26.533,153.083,QLD,,9648,0,0.0,2000-01-01,2026-05-31
40056,COOMINYA POST OFFICE,-27.391,152.501,QLD,,9648,8727,90.5,2000-01-01,2026-05-31
40057,COMO,-26.184,152.914,QLD,,9648,5695,59.0,2000-01-01,2026-05-31
40058,COORAN POST OFFICE,-26.331,152.822,QLD,,9648,0,0.0,2000-01-01,2026-05-31
40059,COOROY COMPOSITE,-26.418,152.913,QLD,,9648,4248,44.0,2000-01-01,2026-05-31
40060,COOYAR POST OFFICE,-26.984,151.83,QLD,,9648,4886,50.6,2000-01-01,2026-05-31
40061,COWAN COWAN SIGNAL STN,-27.133,153.367,QLD,,9648,0,0.0,2000-01-01,2026-05-31
40062,CROHAMHURST,-26.809,152.87,QLD,,9648,254,2.6,2000-01-01,2026-05-31
40063,DAYBORO POST OFFICE,-27.197,152.824,QLD,,9648,3976,41.2,2000-01-01,2026-05-31
40065,DIDDILLIBAH,-26.65,153.033,QLD,,9648,0,0.0,2000-01-01,2026-05-31
40066,DINMORE POST OFFICE,-27.6,152.833,QLD,,9648,0,0.0,2000-01-01,2026-05-31
40067,DOONGUL STATE FOREST,-25.527,152.317,QLD,,9648,0,0.0,2000-01-01,2026-05-31
40068,DOUBLE ISLAND POINT LIGHTHOUSE,-25.932,153.191,QLD,,9648,9440,97.8,2000-01-01,2026-05-31
40069,DUCKINWILLA CREEK,-25.394,152.433,QLD,,9648,7762,80.5,2000-01-01,2026-05-31
40070,DUNWICH POST OFFICE,-27.497,153.408,QLD,,9648,0,0.0,2000-01-01,2026-05-31
40071,LANARK,-26.383,151.192,QLD,,9648,7520,77.9,2000-01-01,2026-05-31
40072,ELGIN VALE FORESTRY,-26.44,152.196,QLD,,9648,0,0.0,2000-01-01,2026-05-31
40074,ERNEST JUNCTION RAIL STN,-27.967,153.35,QLD,,9648,0,0.0,2000-01-01,2026-05-31
40075,ESK POST OFFICE,-27.24,152.422,QLD,,9648,8564,88.8,2000-01-01,2026-05-31
40076,ESK DALE WEST,-27.153,152.168,QLD,,9648,0,0.0,2000-01-01,2026-05-31
40078,EUMUNDI - CRESCENT RD,-26.477,152.945,QLD,,9648,9394,97.4,2000-01-01,2026-05-31
40079,FOREST HILL,-27.583,152.381,QLD,,9648,9168,95.0,2000-01-01,2026-05-31
40080,GLEN CAIRN,-28.262,153.018,QLD,,9648,1453,15.1,2000-01-01,2026-05-31
40081,UNGOWA FOREST STATION,-25.5,153.0,QLD,,9648,0,0.0,2000-01-01,2026-05-31
40082,UNIVERSITY OF QUEENSLAND GATTON,-27.544,152.338,QLD,,9648,9481,98.3,2000-01-01,2026-05-31
40083,GATTON ALLAN STREET,-27.543,152.282,QLD,,9648,8961,92.9,2000-01-01,2026-05-31
40086,GOODGER STORE,-26.668,151.817,QLD,,9648,1878,19.5,2000-01-01,2026-05-31
40087,GOOGA GOOGA CRK FOREST,-26.95,152.05,QLD,,9648,0,0.0,2000-01-01,2026-05-31
40089,GOOMBOORIAN,-26.056,152.789,QLD,,9648,9300,96.4,2000-01-01,2026-05-31
40090,GOOMERI POST OFFICE,-26.182,152.069,QLD,,9648,3136,32.5,2000-01-01,2026-05-31
40091,GRANDCHESTER SYMES ST,-27.66,152.468,QLD,,9648,5070,52.5,2000-01-01,2026-05-31
40092,GUNDIAH RAILWAY STATION,-25.833,152.55,QLD,,9648,0,0.0,2000-01-01,2026-05-31
40093,GYMPIE,-26.183,152.641,QLD,,9648,9390,97.3,2000-01-01,2026-05-31
40094,HARRISVILLE MARY STREET,-27.809,152.667,QLD,,9648,9443,97.9,2000-01-01,2026-05-31
40095,HATTONVALE OSHEA RD,-27.57,152.465,QLD,,9648,4608,47.8,2000-01-01,2026-05-31
40096,HELIDON POST OFFICE,-27.55,152.125,QLD,,9648,8742,90.6,2000-01-01,2026-05-31
40097,CHRISTMAS CREEK,-28.215,153.013,QLD,,9648,0,0.0,2000-01-01,2026-05-31
40098,HOWARD POST OFFICE,-25.317,152.562,QLD,,9648,3957,41.0,2000-01-01,2026-05-31
40099,IMBIL POST OFFICE,-26.459,152.676,QLD,,9648,7971,82.6,2000-01-01,2026-05-31
40100,IMBIL FORESTRY,-26.462,152.664,QLD,,9648,3542,36.7,2000-01-01,2026-05-31
40101,IPSWICH,-27.612,152.761,QLD,,9648,0,0.0,2000-01-01,2026-05-31
40102,JIMNA COMPOSITE,-26.664,152.461,QLD,,9648,3038,31.5,2000-01-01,2026-05-31
40104,KALBAR STATE SCHOOL,-27.942,152.624,QLD,,9648,9320,96.6,2000-01-01,2026-05-31
40105,KANDANGA POST OFFICE,-26.387,152.676,QLD,,9648,3489,36.2,2000-01-01,2026-05-31
40106,KENILWORTH TOWNSHIP,-26.595,152.728,QLD,,9648,9469,98.1,2000-01-01,2026-05-31
40107,BRUFF HILL,-28.05,153.037,QLD,,9648,0,0.0,2000-01-01,2026-05-31
40108,KHOLO,-27.552,152.748,QLD,,9648,1913,19.8,2000-01-01,2026-05-31
40109,KIA ORA SANDY RIDGES,-26.518,152.014,QLD,,9648,3671,38.0,2000-01-01,2026-05-31
40110,KILCOY POST OFFICE,-26.942,152.565,QLD,,9648,5798,60.1,2000-01-01,2026-05-31
40111,KILKIVAN POST OFFICE,-26.086,152.238,QLD,,9648,8802,91.2,2000-01-01,2026-05-31
40112,KINGAROY PRINCE STREET,-26.554,151.846,QLD,,9648,397,4.1,2000-01-01,2026-05-31
40113,KUMBIA POST OFFICE,-26.689,151.655,QLD,,9648,9382,97.2,2000-01-01,2026-05-31
40114,LAIDLEY POST OFFICE,-27.632,152.392,QLD,,9648,0,0.0,2000-01-01,2026-05-31
40115,LAKE MANCHESTER,-27.491,152.752,QLD,,9648,4450,46.1,2000-01-01,2026-05-31
40117,LANDSBOROUGH POST OFFICE,-26.803,152.962,QLD,,9648,3167,32.8,2000-01-01,2026-05-31
40118,LITTLE YABBA SFR 274,-26.623,152.684,QLD,,9648,7409,76.8,2000-01-01,2026-05-31
40120,LOWOOD DON ST,-27.462,152.575,QLD,,9648,9037,93.7,2000-01-01,2026-05-31
40121,MALENY TAMARIND ST,-26.753,152.852,QLD,,9648,6103,63.3,2000-01-01,2026-05-31
40122,GALLANGOWAN FORESTRY,-26.429,152.329,QLD,,9648,2968,30.8,2000-01-01,2026-05-31
40123,MAPLETON POST OFFICE,-26.622,152.866,QLD,,9648,8521,88.3,2000-01-01,2026-05-31
40124,MARBURG - WARREGO HIGHWAY,-27.567,152.605,QLD,,9648,1118,11.6,2000-01-01,2026-05-31
40125,MAROOCHYDORE SWAN BOWLS CLUB,-26.65,153.083,QLD,,9648,0,0.0,2000-01-01,2026-05-31
40126,MARYBOROUGH,-25.513,152.715,QLD,,9648,9581,99.3,2000-01-01,2026-05-31
40130,SPRINGLEA,-26.169,151.893,QLD,,9648,366,3.8,2000-01-01,2026-05-31
40131,MERLWOOD STATE SCHOOL,-26.167,151.9,QLD,,9648,0,0.0,2000-01-01,2026-05-31
40132,MIVA,-25.967,152.5,QLD,,9648,0,0.0,2000-01-01,2026-05-31
40133,MONSILDALE,-26.695,152.397,QLD,,9648,0,0.0,2000-01-01,2026-05-31
40134,MONTVILLE  CRAGLANDS,-26.699,152.904,QLD,,9648,6245,64.7,2000-01-01,2026-05-31
40135,MOOGERAH DAM,-28.03,152.553,QLD,,9648,9583,99.3,2000-01-01,2026-05-31
40136,MOOLOOLAH POST OFFICE,-26.766,152.962,QLD,,9648,0,0.0,2000-01-01,2026-05-31
40137,MOORE POST OFFICE,-26.895,152.292,QLD,,9648,0,0.0,2000-01-01,2026-05-31
40138,MOUNEFONTEIN,-26.508,151.514,QLD,,9648,8167,84.6,2000-01-01,2026-05-31
40139,MT ALFORD,-28.071,152.612,QLD,,9648,9066,94.0,2000-01-01,2026-05-31
40140,MT BRISBANE,-27.149,152.578,QLD,,9648,9449,97.9,2000-01-01,2026-05-31
40141,MOUNT COTTON WEST,-27.616,153.204,QLD,,9648,9161,95.0,2000-01-01,2026-05-31
40142,MT CROSBY,-27.536,152.799,QLD,,9648,1,0.0,2000-01-01,2026-05-31
40143,MOUNT GRAVATT,-27.542,153.081,QLD,,9648,0,0.0,2000-01-01,2026-05-31
40144,MOUNT JOSEPH,-25.741,152.236,QLD,,9648,8493,88.0,2000-01-01,2026-05-31
40145,MT MEE,-27.062,152.779,QLD,,9648,8686,90.0,2000-01-01,2026-05-31
40146,SHAMROCK MINE,-26.22,152.281,QLD,,9648,3232,33.5,2000-01-01,2026-05-31
40147,MT NEBO POST OFFICE,-27.399,152.789,QLD,,9648,5684,58.9,2000-01-01,2026-05-31
40148,MT STANLEY FORESTRY,-26.597,152.17,QLD,,9648,0,0.0,2000-01-01,2026-05-31
40150,MUNDOOLIN,-27.905,153.093,QLD,,9648,0,0.0,2000-01-01,2026-05-31
40151,MUNGAR JUNCTION,-25.605,152.589,QLD,,9648,6468,67.0,2000-01-01,2026-05-31
40152,MURGON POST OFFICE,-26.242,151.942,QLD,,9648,4688,48.6,2000-01-01,2026-05-31
40153,MURPHYS CREEK POST OFFICE,-27.467,152.067,QLD,,9648,0,0.0,2000-01-01,2026-05-31
40154,FAIRVIEW,-27.2,152.5,QLD,,9648,0,0.0,2000-01-01,2026-05-31
40155,DERRYLIN,-27.75,152.667,QLD,,9648,0,0.0,2000-01-01,2026-05-31
40156,TOOLAMBA,-28.17,152.956,QLD,,9648,1477,15.3,2000-01-01,2026-05-31
40157,NAMBOUR BOWLING CLUB,-26.621,152.967,QLD,,9648,4823,50.0,2000-01-01,2026-05-31
40158,NANANGO WILLS ST,-26.676,151.994,QLD,,9648,7000,72.6,2000-01-01,2026-05-31
40159,NARANGBA RAILWAY STN,-27.2,152.967,QLD,,9648,0,0.0,2000-01-01,2026-05-31
40160,NERANG GILSTON RD,-28.009,153.317,QLD,,9648,5748,59.6,2000-01-01,2026-05-31
40161,GYMPIE,-26.1,152.65,QLD,,9648,0,0.0,2000-01-01,2026-05-31
40162,NUMINBAH STATE FARM,-28.163,153.213,QLD,,9648,6863,71.1,2000-01-01,2026-05-31
40163,INNIS PLAIN,-28.203,152.927,QLD,,9648,0,0.0,2000-01-01,2026-05-31
40164,KILKIVAN STATE FOREST 220,-26.117,152.333,QLD,,9648,0,0.0,2000-01-01,2026-05-31
40165,ORMESBY,-26.2,152.75,QLD,,9648,0,0.0,2000-01-01,2026-05-31
40166,OXENFORD (OBERON WAY),-27.896,153.313,QLD,,9648,5700,59.1,2000-01-01,2026-05-31
40167,PALEN CREEK CORRECTIONAL,-28.326,152.77,QLD,,9648,8037,83.3,2000-01-01,2026-05-31
40168,PALMWOODS POST OFFICE,-26.7,152.95,QLD,,9648,0,0.0,2000-01-01,2026-05-31
40169,PEACHESTER,-26.843,152.882,QLD,,9648,9228,95.6,2000-01-01,2026-05-31
40170,PECHEY FORESTRY,-27.304,152.054,QLD,,9648,7801,80.9,2000-01-01,2026-05-31
40171,AMCOR - PETRIE MILL,-27.269,152.984,QLD,,9648,4432,45.9,2000-01-01,2026-05-31
40172,PIALBA POST OFFICE,-25.283,152.833,QLD,,9648,0,0.0,2000-01-01,2026-05-31
40174,PLAIN VIEW,-26.867,152.583,QLD,,9648,0,0.0,2000-01-01,2026-05-31
40175,POINT LOOKOUT BOWLS CLUB,-27.428,153.522,QLD,,9648,3388,35.1,2000-01-01,2026-05-31
40176,POMONA POST OFFICE,-26.365,152.853,QLD,,9648,1083,11.2,2000-01-01,2026-05-31
40177,PROSTON POST OFFICE,-26.164,151.601,QLD,,9648,7743,80.3,2000-01-01,2026-05-31
40178,RATHDOWNEY POST OFFICE,-28.211,152.865,QLD,,9648,6335,65.7,2000-01-01,2026-05-31
40179,REDBANK POST OFFICE,-27.6,152.867,QLD,,9648,0,0.0,2000-01-01,2026-05-31
40180,MARGATE COLLINS ST,-27.252,153.101,QLD,,9648,0,0.0,2000-01-01,2026-05-31
40181,ROADVALE POST OFFICE,-27.917,152.683,QLD,,9648,0,0.0,2000-01-01,2026-05-31
40182,GREEN MOUNTAINS,-28.231,153.136,QLD,,9648,6982,72.4,2000-01-01,2026-05-31
40183,ROSEVALE,-27.852,152.48,QLD,,9648,7002,72.6,2000-01-01,2026-05-31
40184,ROSEWOOD WALLOON RD,-27.633,152.594,QLD,,9648,9029,93.6,2000-01-01,2026-05-31
40185,RUSSELL ISLAND,-27.645,153.4,QLD,,9648,3401,35.3,2000-01-01,2026-05-31
40186,SAMSONVALE,-27.289,152.823,QLD,,9648,7409,76.8,2000-01-01,2026-05-31
40187,FREEWOOD,-26.883,152.617,QLD,,9648,0,0.0,2000-01-01,2026-05-31
40188,SIM JUE CREEK,-27.267,152.627,QLD,,9648,6208,64.3,2000-01-01,2026-05-31
40189,SOMERSET DAM,-27.115,152.555,QLD,,9648,9264,96.0,2000-01-01,2026-05-31
40190,SOUTHPORT RIDGEWAY AVE,-27.983,153.406,QLD,,9648,6299,65.3,2000-01-01,2026-05-31
40191,SPEEDWELL,-26.1,151.5,QLD,,9648,0,0.0,2000-01-01,2026-05-31
40192,SPRINGBROOK FORESTRY,-28.226,153.279,QLD,,9648,1185,12.3,2000-01-01,2026-05-31
40193,STERLING CROSSING FOREST,-26.483,152.633,QLD,,9648,0,0.0,2000-01-01,2026-05-31
40195,TABOOBA JUNCTION,-28.117,152.95,QLD,,9648,0,0.0,2000-01-01,2026-05-31
40196,TALLEBUDGERA GUINEAS CREEK ROAD,-28.14,153.429,QLD,,9648,9261,96.0,2000-01-01,2026-05-31
40197,MT TAMBORINE FERN ST,-27.97,153.195,QLD,,9648,9332,96.7,2000-01-01,2026-05-31
40198,TAROME,-27.983,152.5,QLD,,9648,6314,65.4,2000-01-01,2026-05-31
40199,TARONG,-26.743,151.844,QLD,,9648,9395,97.4,2000-01-01,2026-05-31
40200,THEEBINE,-25.948,152.542,QLD,,9648,5808,60.2,2000-01-01,2026-05-31
40201,THE GRANGE,-26.483,152.05,QLD,,9648,0,0.0,2000-01-01,2026-05-31
40202,THORNTON BVRT,-27.821,152.381,QLD,,9648,0,0.0,2000-01-01,2026-05-31
40203,TIARO,-25.729,152.581,QLD,,9648,7,0.1,2000-01-01,2026-05-31
40204,BANYO SEMINARY,-27.378,153.088,QLD,,9648,607,6.3,2000-01-01,2026-05-31
40205,TOOGOOLAWAH POST OFFICE,-27.088,152.376,QLD,,9648,7320,75.9,2000-01-01,2026-05-31
40206,TRAVESTON,-26.325,152.787,QLD,,9648,8111,84.1,2000-01-01,2026-05-31
40207,TUAN CREEK FOREST STN,-25.678,152.793,QLD,,9648,6072,62.9,2000-01-01,2026-05-31
40208,VIEWMOUNT,-27.551,152.726,QLD,,9648,0,0.0,2000-01-01,2026-05-31
40209,POINT LOOKOUT,-27.436,153.546,QLD,,9648,8953,92.8,2000-01-01,2026-05-31
40210,INSKIP POINT LIGHTHOUSE,-25.817,153.05,QLD,,9648,31,0.3,2000-01-01,2026-05-31
40211,ARCHERFIELD AIRPORT,-27.572,153.007,QLD,,9648,9582,99.3,2000-01-01,2026-05-31
40212,EAGLE FARM RACECOURSE,-27.429,153.069,QLD,,9648,5974,61.9,2000-01-01,2026-05-31
40213,BALD HILLS POST OFFICE,-27.324,153.01,QLD,,9648,0,0.0,2000-01-01,2026-05-31
40214,BRISBANE REGIONAL OFFICE,-27.478,153.031,QLD,,9648,0,0.0,2000-01-01,2026-05-31
40215,BRISBANE BOTANICAL GARDENS,-27.483,153.033,QLD,,9648,0,0.0,2000-01-01,2026-05-31
40216,BRISBANE SHOW GROUNDS,-27.451,153.033,QLD,,9648,2579,26.7,2000-01-01,2026-05-31
40218,CARINA HILL CRESCENT,-27.5,153.083,QLD,,9648,0,0.0,2000-01-01,2026-05-31
40220,COORPAROO BOWLS CLUB,-27.492,153.056,QLD,,9648,345,3.6,2000-01-01,2026-05-31
40221,DUTTON PARK,-27.5,153.017,QLD,,9648,0,0.0,2000-01-01,2026-05-31
40222,KALINGA BOWLS CLUB,-27.412,153.046,QLD,,9648,2591,26.9,2000-01-01,2026-05-31
40223,BRISBANE AERO,-27.418,153.114,QLD,,9648,45,0.5,2000-01-01,2026-05-31
40224,ALDERLEY,-27.419,153.003,QLD,,9648,8036,83.3,2000-01-01,2026-05-31
40225,ENOGGERA RESERVOIR,-27.445,152.929,QLD,,9648,0,0.0,2000-01-01,2026-05-31
40226,GOODNA AMPOL,-27.608,152.898,QLD,,9648,0,0.0,2000-01-01,2026-05-31
40227,WOLSTON PARK HOSPITAL,-27.6,152.917,QLD,,9648,0,0.0,2000-01-01,2026-05-31
40229,INDOOROOPILLY BOWLS CLUB,-27.499,152.977,QLD,,9648,742,7.7,2000-01-01,2026-05-31
40230,GOLD CREEK RESERVOIR,-27.461,152.881,QLD,,9648,0,0.0,2000-01-01,2026-05-31
40231,MANLY RAILWAY STATION,-27.456,153.18,QLD,,9648,7579,78.6,2000-01-01,2026-05-31
40232,MAYNE JUNCTION,-27.45,153.033,QLD,,9648,0,0.0,2000-01-01,2026-05-31
40233,MILTON,-27.467,153.0,QLD,,9648,0,0.0,2000-01-01,2026-05-31
40234,MORNINGSIDE,-27.5,153.1,QLD,,9648,0,0.0,2000-01-01,2026-05-31
40235,MURARRIE ROAD CSIRO,-27.468,153.097,QLD,,9648,0,0.0,2000-01-01,2026-05-31
40237,TOOMBUL BOWLS CLUB,-27.391,153.063,QLD,,9648,7562,78.4,2000-01-01,2026-05-31
40238,OXLEY POST OFFICE,-27.55,152.983,QLD,,9648,0,0.0,2000-01-01,2026-05-31
40239,PINKENBA,-27.433,153.117,QLD,,9648,0,0.0,2000-01-01,2026-05-31
40240,SALISBURY BOWLS CLUB,-27.552,153.036,QLD,,9648,0,0.0,2000-01-01,2026-05-31
40241,SAMFORD CSIRO,-27.362,152.886,QLD,,9648,1428,14.8,2000-01-01,2026-05-31
40242,SANDGATE POST OFFICE,-27.323,153.07,QLD,,9648,153,1.6,2000-01-01,2026-05-31
40243,GRACEVILLE BOWLS CLUB,-27.517,152.983,QLD,,9648,0,0.0,2000-01-01,2026-05-31
40244,SUNNYBANK (GAGER ST),-27.578,153.058,QLD,,9648,6905,71.6,2000-01-01,2026-05-31
40245,TOOWONG BOWLS CLUB,-27.493,152.993,QLD,,9648,3060,31.7,2000-01-01,2026-05-31
40246,WARRAGAI,-26.554,151.416,QLD,,9648,9384,97.3,2000-01-01,2026-05-31
40247,LINDFIELD,-26.842,152.58,QLD,,9648,9506,98.5,2000-01-01,2026-05-31
40249,WINDERA CREEK,-26.117,151.833,QLD,,9648,0,0.0,2000-01-01,2026-05-31
40250,WOLVI,-26.15,152.8,QLD,,9648,0,0.0,2000-01-01,2026-05-31
40251,WONDAI POST OFFICE,-26.317,151.876,QLD,,9648,5320,55.1,2000-01-01,2026-05-31
40252,WOODFORD POST OFFICE,-26.956,152.779,QLD,,9648,0,0.0,2000-01-01,2026-05-31
40254,WOOLOOGA POST OFFICE,-26.059,152.386,QLD,,9648,0,0.0,2000-01-01,2026-05-31
40255,WOOROOLIN POST OFFICE,-26.41,151.815,QLD,,9648,9465,98.1,2000-01-01,2026-05-31
40256,WYNNUM RAILWAY STATION,-27.45,153.167,QLD,,9648,0,0.0,2000-01-01,2026-05-31
40257,YANDINA POST OFFICE,-26.56,152.956,QLD,,9648,1691,17.5,2000-01-01,2026-05-31
40258,YARRAMAN POST OFFICE,-26.841,151.981,QLD,,9648,2305,23.9,2000-01-01,2026-05-31
40259,YARRAMAN UPPER,-26.894,151.898,QLD,,9648,9482,98.3,2000-01-01,2026-05-31
40262,YENGARIE RAILWAY STATION,-25.567,152.617,QLD,,9648,0,0.0,2000-01-01,2026-05-31
40263,ZILLMERE POST OFFICE,-27.359,153.037,QLD,,9648,0,0.0,2000-01-01,2026-05-31
40264,TEWANTIN POST OFFICE,-26.392,153.041,QLD,,9648,0,0.0,2000-01-01,2026-05-31
40265,REDLANDS HRS,-27.528,153.25,QLD,,9648,3988,41.3,2000-01-01,2026-05-31
40266,ARATULA ELIZABETH ST,-27.983,152.548,QLD,,9648,0,0.0,2000-01-01,2026-05-31
40269,KARRAGARRA ISLAND,-27.639,153.378,QLD,,9648,9274,96.1,2000-01-01,2026-05-31
40270,RAVENSBOURNE,-27.363,152.159,QLD,,9648,791,8.2,2000-01-01,2026-05-31
40272,TIN CAN BAY COUNTRY CLUB,-25.928,152.993,QLD,,9648,1244,12.9,2000-01-01,2026-05-31
40274,MOUNT GRAVATT BOWLS CLUB,-27.555,153.08,QLD,,9648,632,6.6,2000-01-01,2026-05-31
40277,NANANGO EAST FOREST 618,-26.66,152.071,QLD,,9648,1085,11.2,2000-01-01,2026-05-31
40280,TAABINGA,-26.666,151.733,QLD,,9648,0,0.0,2000-01-01,2026-05-31
40282,NAMBOUR DPI,-26.643,152.939,QLD,,9648,2539,26.3,2000-01-01,2026-05-31
40284,BEERBURRUM FOREST STATION,-26.959,152.962,QLD,,9648,9540,98.9,2000-01-01,2026-05-31
40287,MAIDENWELL,-26.848,151.799,QLD,,9648,1774,18.4,2000-01-01,2026-05-31
40288,COOLANGATTA AERO,-28.166,153.504,QLD,,9648,0,0.0,2000-01-01,2026-05-31
40289,EUMARELLA,-27.114,151.852,QLD,,9648,8041,83.3,2000-01-01,2026-05-31
40290,MAROON,-28.18,152.716,QLD,,9648,9192,95.3,2000-01-01,2026-05-31
40291,REDLAND BAY QLD UNI FARM,-27.619,153.306,QLD,,9648,1505,15.6,2000-01-01,2026-05-31
40295,KENMORE WAR VETS HOME,-27.529,152.914,QLD,,9648,1256,13.0,2000-01-01,2026-05-31
40301,GLENAVEN,-27.188,151.963,QLD,,9648,9538,98.9,2000-01-01,2026-05-31
40304,KOORALGIN,-26.948,151.957,QLD,,9648,819,8.5,2000-01-01,2026-05-31
40307,VINCENT VALE,-26.966,151.709,QLD,,9648,9584,99.3,2000-01-01,2026-05-31
40308,MT GLORIOUS FAHEY RD,-27.334,152.772,QLD,,9648,4812,49.9,2000-01-01,2026-05-31
40310,MT BERRYMAN,-27.724,152.311,QLD,,9648,6984,72.4,2000-01-01,2026-05-31
40311,NUKINENDA,-27.06,152.14,QLD,,9648,0,0.0,2000-01-01,2026-05-31
40312,NEW BEITH,-27.735,152.944,QLD,,9648,8794,91.1,2000-01-01,2026-05-31
40314,RIPLEY VALLEY,-27.719,152.817,QLD,,9648,2946,30.5,2000-01-01,2026-05-31
40317,RANGE VIEW,-27.751,152.666,QLD,,9648,8969,93.0,2000-01-01,2026-05-31
40318,KIRKLEAGH,-27.026,152.564,QLD,,9648,0,0.0,2000-01-01,2026-05-31
40319,ROCKY POINT SUGAR MILL,-27.735,153.327,QLD,,9648,7102,73.6,2000-01-01,2026-05-31
40320,FORT LYTTON,-27.413,153.151,QLD,,9648,7387,76.6,2000-01-01,2026-05-31
40321,DALLARNIL TELEPHONE EXCH,-25.383,152.05,QLD,,9648,0,0.0,2000-01-01,2026-05-31
40326,ASHGROVE BOWLS CLUB,-27.443,152.974,QLD,,9648,2879,29.8,2000-01-01,2026-05-31
40329,ATKINSONS DAM,-27.42,152.451,QLD,,9648,6855,71.1,2000-01-01,2026-05-31
40338,GIGOOMGAN,-25.7,152.25,QLD,,9648,0,0.0,2000-01-01,2026-05-31
40343,WAMURAN,-27.04,152.868,QLD,,9648,9529,98.8,2000-01-01,2026-05-31
40365,WOOLOOGA,-26.053,152.392,QLD,,9648,4331,44.9,2000-01-01,2026-05-31
40374,FRANKLYN VALE,-27.759,152.456,QLD,,9648,8709,90.3,2000-01-01,2026-05-31
40377,BRIGOODA,-26.258,151.411,QLD,,9648,3131,32.5,2000-01-01,2026-05-31
40382,CROWS NEST,-27.271,152.064,QLD,,9648,3930,40.7,2000-01-01,2026-05-31
40384,MOUNT SYLVIA,-27.722,152.224,QLD,,9648,909,9.4,2000-01-01,2026-05-31
40385,MINMORE,-26.554,151.668,QLD,,9648,8477,87.9,2000-01-01,2026-05-31
40388,UPPER TENTHILL,-27.634,152.221,QLD,,9648,9460,98.1,2000-01-01,2026-05-31
40389,KANDANGA UPPER,-26.397,152.615,QLD,,9648,2819,29.2,2000-01-01,2026-05-31
40390,TEDDINGTON WATERWORKS,-25.65,152.665,QLD,,9648,9573,99.2,2000-01-01,2026-05-31
40392,TOWNSON EAST,-27.9,152.383,QLD,,9648,0,0.0,2000-01-01,2026-05-31
40394,MOUNT BARNEY,-28.232,152.783,QLD,,9648,9180,95.1,2000-01-01,2026-05-31
40395,FORDSDALE,-27.718,152.121,QLD,,9648,9298,96.4,2000-01-01,2026-05-31
40396,MALENY DENNING RD,-26.778,152.803,QLD,,9648,9377,97.2,2000-01-01,2026-05-31
40397,MT WHITESTONE,-27.668,152.159,QLD,,9648,5664,58.7,2000-01-01,2026-05-31
40399,MUNNA CREEK,-25.898,152.347,QLD,,9648,0,0.0,2000-01-01,2026-05-31
40400,MOORANG,-27.907,152.474,QLD,,9648,9103,94.4,2000-01-01,2026-05-31
40401,TEEBAR,-25.7,152.2,QLD,,9648,0,0.0,2000-01-01,2026-05-31
40403,BUARABA,-27.398,152.355,QLD,,9648,6010,62.3,2000-01-01,2026-05-31
40404,GLENAPP,-28.263,152.88,QLD,,9648,1519,15.7,2000-01-01,2026-05-31
40405,HERVEY BAY AIRPORT,-25.322,152.882,QLD,,9648,9470,98.2,2000-01-01,2026-05-31
40406,BEENLEIGH BOWLS CLUB,-27.709,153.201,QLD,,9648,2285,23.7,2000-01-01,2026-05-31
40407,LUMEAH,-28.056,153.033,QLD,,9648,7918,82.1,2000-01-01,2026-05-31
40412,TOOGOOM,-25.248,152.664,QLD,,9648,8838,91.6,2000-01-01,2026-05-31
40413,CENTRAL KERRY,-28.156,153.04,QLD,,9648,6531,67.7,2000-01-01,2026-05-31
40417,MIAMI BARDON AVE,-28.069,153.424,QLD,,9648,7798,80.8,2000-01-01,2026-05-31
40418,MOGGILL VET RES FARM,-27.527,152.922,QLD,,9648,0,0.0,2000-01-01,2026-05-31
40420,COOLUM BOWLS CLUB,-26.53,153.09,QLD,,9648,1673,17.3,2000-01-01,2026-05-31
40421,SPRING BLUFF RAILWAY STN,-27.464,151.99,QLD,,9648,22,0.2,2000-01-01,2026-05-31
40422,EMU CREEK,-27.05,152.017,QLD,,9648,0,0.0,2000-01-01,2026-05-31
40424,WEST HALDON,-27.755,152.081,QLD,,9648,9097,94.3,2000-01-01,2026-05-31
40428,BRIAN PASTURES,-25.655,151.745,QLD,,9648,7606,78.8,2000-01-01,2026-05-31
40430,URANGAN HIBISCUS ST,-25.282,152.899,QLD,,9648,9065,94.0,2000-01-01,2026-05-31
40435,MT MOWBULLAN,-26.894,151.608,QLD,,9648,3474,36.0,2000-01-01,2026-05-31
40436,GATTON DAFF RESEARCH STN,-27.546,152.329,QLD,,9648,5092,52.8,2000-01-01,2026-05-31
40447,RHONDA,-27.99,152.461,QLD,,9648,6499,67.4,2000-01-01,2026-05-31
40449,PLACID HILLS,-27.557,152.231,QLD,,9648,9483,98.3,2000-01-01,2026-05-31
40451,TOOLARA FORESTRY,-25.996,152.833,QLD,,9648,5987,62.1,2000-01-01,2026-05-31
40454,GLENLOGAN FIELD STATION,-27.833,153.0,QLD,,9648,0,0.0,2000-01-01,2026-05-31
40455,DUNOLLIE,-25.85,151.367,QLD,,9648,9545,98.9,2000-01-01,2026-05-31
40457,WACOL DPI,-27.577,152.904,QLD,,9648,0,0.0,2000-01-01,2026-05-31
40458,CAPALABA WATER TREAT,-27.531,153.183,QLD,,9648,9479,98.2,2000-01-01,2026-05-31
40460,MOUNT COTTON FARM,-27.608,153.238,QLD,,9648,6208,64.3,2000-01-01,2026-05-31
40463,OXLEY,-27.579,152.988,QLD,,9648,9382,97.2,2000-01-01,2026-05-31
40469,MARODIAN HOMESTEAD,-25.869,152.317,QLD,,9648,9265,96.0,2000-01-01,2026-05-31
40470,MT BAUPLE MAC FARMS,-25.906,152.593,QLD,,9648,0,0.0,2000-01-01,2026-05-31
40473,BOOUBYJAN,-25.95,151.967,QLD,,9648,0,0.0,2000-01-01,2026-05-31
40477,MONOGORILBY,-26.05,151.05,QLD,,9648,0,0.0,2000-01-01,2026-05-31
40478,K'GARI EURONG,-25.505,153.129,QLD,,9648,9269,96.1,2000-01-01,2026-05-31
40480,PERSEVERANCE DAM,-27.288,152.124,QLD,,9648,9446,97.9,2000-01-01,2026-05-31
40481,BORUMBA DAM,-26.504,152.586,QLD,,9648,5544,57.5,2000-01-01,2026-05-31
40483,POINTRO,-28.183,152.667,QLD,,9648,29,0.3,2000-01-01,2026-05-31
40484,CURRIGEE,-27.888,153.423,QLD,,9648,0,0.0,2000-01-01,2026-05-31
40485,WILSONS PEAK,-28.249,152.523,QLD,,9648,9602,99.5,2000-01-01,2026-05-31
40486,YABBA STATION,-26.606,152.439,QLD,,9648,7976,82.7,2000-01-01,2026-05-31
40490,CARNEYS CREEK THE RANCH,-28.209,152.539,QLD,,9648,9431,97.8,2000-01-01,2026-05-31
40493,HOMELEIGH,-27.78,152.535,QLD,,9648,9173,95.1,2000-01-01,2026-05-31
40497,THE OVERFLOW,-27.932,152.857,QLD,,9648,2200,22.8,2000-01-01,2026-05-31
40509,SANDY GULLY,-27.133,152.333,QLD,,9648,0,0.0,2000-01-01,2026-05-31
40510,PALEN CREEK,-28.267,152.833,QLD,,9648,0,0.0,2000-01-01,2026-05-31
40517,MCKENZIE CREEK,-27.195,152.754,QLD,,9648,9541,98.9,2000-01-01,2026-05-31
40522,WINDERA,-26.05,151.833,QLD,,9648,0,0.0,2000-01-01,2026-05-31
40523,BOONAH BORDER GATE,-28.265,152.536,QLD,,9648,2875,29.8,2000-01-01,2026-05-31
40524,LITTLE NERANG DAM,-28.144,153.286,QLD,,9648,6981,72.4,2000-01-01,2026-05-31
40525,KIAMBA,-26.594,152.904,QLD,,9648,4665,48.4,2000-01-01,2026-05-31
40534,WUNBURRA,-28.163,153.264,QLD,,9648,9011,93.4,2000-01-01,2026-05-31
40535,CAINBABLE,-28.117,153.083,QLD,,9648,0,0.0,2000-01-01,2026-05-31
40536,OCEAN VIEW,-27.137,152.808,QLD,,9648,1884,19.5,2000-01-01,2026-05-31
40537,DUNWICH,-27.503,153.414,QLD,,9648,6035,62.6,2000-01-01,2026-05-31
40538,TABRAGALBA,-27.983,153.077,QLD,,9648,0,0.0,2000-01-01,2026-05-31
40547,MORETON SUGAR MILL,-26.627,152.957,QLD,,9648,587,6.1,2000-01-01,2026-05-31
40550,NUMINBAH,-28.245,153.237,QLD,,9648,9597,99.5,2000-01-01,2026-05-31
40555,TOOLARA (KELLY),-25.971,152.861,QLD,,9648,5438,56.4,2000-01-01,2026-05-31
40556,WEENS BRIDGE,-26.517,151.767,QLD,,9648,0,0.0,2000-01-01,2026-05-31
40557,ILLAVALE,-26.117,152.433,QLD,,9648,0,0.0,2000-01-01,2026-05-31
40577,BOLLIER,-26.433,152.717,QLD,,9648,0,0.0,2000-01-01,2026-05-31
40583,WIDGEE,-28.271,153.074,QLD,,9648,6141,63.7,2000-01-01,2026-05-31
40584,HINZE DAM,-28.048,153.287,QLD,,9648,7897,81.9,2000-01-01,2026-05-31
40590,MANUMBAR MILL,-26.4,152.367,QLD,,9648,0,0.0,2000-01-01,2026-05-31
40597,BOONAH FOREST HOME,-28.2,152.733,QLD,,9648,0,0.0,2000-01-01,2026-05-31
40599,CAMBERRA,-28.2,153.383,QLD,,9648,0,0.0,2000-01-01,2026-05-31
40601,BELLEVUE,-27.333,152.55,QLD,,9648,0,0.0,2000-01-01,2026-05-31
40602,GILSTON STATE SCHOOL,-28.033,153.3,QLD,,9648,0,0.0,2000-01-01,2026-05-31
40609,ELANORA WATER TREATMENT PLANT,-28.118,153.446,QLD,,9648,9392,97.3,2000-01-01,2026-05-31
40611,YABBA CREEK,-26.67,152.514,QLD,,9648,31,0.3,2000-01-01,2026-05-31
40612,GLEN ELGIN,-26.6,151.983,QLD,,9648,0,0.0,2000-01-01,2026-05-31
40614,MOUNT LINDSAY,-28.35,152.733,QLD,,9648,0,0.0,2000-01-01,2026-05-31
40616,COOLABUNIA,-26.633,151.933,QLD,,9648,0,0.0,2000-01-01,2026-05-31
40619,RATHDOWNEY,-28.318,152.727,QLD,,9648,0,0.0,2000-01-01,2026-05-31
40628,WOODFORD BCC,-26.942,152.761,QLD,,9648,0,0.0,2000-01-01,2026-05-31
40635,DANEWOOD VALE,-26.837,152.491,QLD,,9648,9421,97.6,2000-01-01,2026-05-31
40651,JIMNA FORESTRY,-26.664,152.461,QLD,,9648,6055,62.8,2000-01-01,2026-05-31
40670,GREYSTONLEA,-26.564,151.438,QLD,,9648,1283,13.3,2000-01-01,2026-05-31
40671,KILLARA,-26.284,151.19,QLD,,9648,9571,99.2,2000-01-01,2026-05-31
40677,MAROON DAM,-28.175,152.656,QLD,,9648,9595,99.5,2000-01-01,2026-05-31
40693,HIGHVALE,-27.379,152.816,QLD,,9648,9480,98.3,2000-01-01,2026-05-31
40695,PALMWOODS,-26.71,152.928,QLD,,9648,8321,86.2,2000-01-01,2026-05-31
40697,REDCLIFFE COUNCIL,-27.245,153.101,QLD,,9648,1759,18.2,2000-01-01,2026-05-31
40717,COOLANGATTA,-28.168,153.505,QLD,,9648,9564,99.1,2000-01-01,2026-05-31
40721,BOONARA ROMLEY,-26.093,152.052,QLD,,9648,1687,17.5,2000-01-01,2026-05-31
40764,GOLD COAST SEAWAY,-27.939,153.428,QLD,,9648,9298,96.4,2000-01-01,2026-05-31
40765,HERVEY BAY WILDLIFE PARK,-25.29,152.815,QLD,,9648,0,0.0,2000-01-01,2026-05-31
40808,CRESSBROOK DAM,-27.264,152.196,QLD,,9648,9438,97.8,2000-01-01,2026-05-31
40842,BRISBANE AERO,-27.392,153.129,QLD,,9648,9629,99.8,2000-01-01,2026-05-31
40849,COOMBABAH WATER TREATMENT PLANT,-27.914,153.366,QLD,,9648,9603,99.5,2000-01-01,2026-05-31
40850,BAROON POCKET DAM,-26.715,152.872,QLD,,9648,7444,77.2,2000-01-01,2026-05-31
40852,CANUNGRA LAND WARFARE CENTRE,-28.027,153.179,QLD,,9648,0,0.0,2000-01-01,2026-05-31
40854,LOGAN CITY WATER TREATMENT PLANT,-27.684,153.198,QLD,,9648,9280,96.2,2000-01-01,2026-05-31
40856,RAINBOW BEACH,-25.901,153.089,QLD,,9648,9514,98.6,2000-01-01,2026-05-31
40861,SUNSHINE COAST AIRPORT,-26.599,153.091,QLD,,9648,9491,98.4,2000-01-01,2026-05-31
40870,OAKWOOD,-26.446,152.489,QLD,,9648,3313,34.3,2000-01-01,2026-05-31
40886,MT BINGA,-27.009,151.985,QLD,,9648,4612,47.8,2000-01-01,2026-05-31
40908,TEWANTIN RSL PARK,-26.391,153.04,QLD,,9648,9516,98.6,2000-01-01,2026-05-31
40913,BRISBANE,-27.481,153.039,QLD,,9648,9569,99.2,2000-01-01,2026-05-31
40922,KINGAROY AIRPORT,-26.574,151.84,QLD,,9648,9022,93.5,2000-01-01,2026-05-31
41000,ACLAND POST OFFICE,-27.303,151.69,QLD,,9648,0,0.0,2000-01-01,2026-05-31
41001,ALLORA POST OFFICE,-28.036,151.998,QLD,,9648,117,1.2,2000-01-01,2026-05-31
41002,BACK PLAINS,-27.9,151.798,QLD,,9648,422,4.4,2000-01-01,2026-05-31
41003,BALGOWNIE WEST,-27.83,151.677,QLD,,9648,318,3.3,2000-01-01,2026-05-31
41005,BELL POLICE,-26.934,151.452,QLD,,9648,7442,77.1,2000-01-01,2026-05-31
41007,BRIGALOW POST OFFICE,-26.844,150.789,QLD,,9648,3394,35.2,2000-01-01,2026-05-31
41008,BOWENVILLE,-27.303,151.493,QLD,,9648,6550,67.9,2000-01-01,2026-05-31
41009,BYBERA,-28.267,150.811,QLD,,9648,3873,40.1,2000-01-01,2026-05-31
41011,CAMBOOYA POST OFFICE,-27.707,151.865,QLD,,9648,4729,49.0,2000-01-01,2026-05-31
41012,FERNFLAT,-26.676,150.899,QLD,,9648,9085,94.2,2000-01-01,2026-05-31
41013,CANNING DOWNS,-28.226,152.065,QLD,,9648,9526,98.7,2000-01-01,2026-05-31
41014,CARBEAN,-28.354,151.628,QLD,,9648,9500,98.5,2000-01-01,2026-05-31
41016,CECIL PLAINS HOMESTEAD,-27.533,151.202,QLD,,9648,9425,97.7,2000-01-01,2026-05-31
41017,CHINCHILLA WATER TREATMENT PLANT,-26.744,150.602,QLD,,9648,6945,72.0,2000-01-01,2026-05-31
41018,CLIFTON POST OFFICE,-27.932,151.906,QLD,,9648,8452,87.6,2000-01-01,2026-05-31
41019,CONDAMINE PLAINS,-27.723,151.287,QLD,,9648,8087,83.8,2000-01-01,2026-05-31
41022,DALVEEN,-28.496,151.973,QLD,,9648,9605,99.6,2000-01-01,2026-05-31
41023,DALBY POST OFFICE,-27.184,151.264,QLD,,9648,0,0.0,2000-01-01,2026-05-31
41024,DOCTORS CREEK,-27.207,151.847,QLD,,9648,9579,99.3,2000-01-01,2026-05-31
41025,DUNMORE STATE FOREST,-27.576,151.08,QLD,,9648,7915,82.0,2000-01-01,2026-05-31
41026,EAGLES NEST,-28.017,151.8,QLD,,9648,0,0.0,2000-01-01,2026-05-31
41027,ELBOW VALLEY,-28.4,152.1,QLD,,9648,0,0.0,2000-01-01,2026-05-31
41028,EMU CREEK,-28.227,152.25,QLD,,9648,0,0.0,2000-01-01,2026-05-31
41029,AVINGTON,-26.599,150.9,QLD,,9648,0,0.0,2000-01-01,2026-05-31
41030,RUMBULARA VINEYARDS,-28.763,151.848,QLD,,9648,3177,32.9,2000-01-01,2026-05-31
41031,GEHAM STATE SCHOOL,-27.406,152.015,QLD,,9648,0,0.0,2000-01-01,2026-05-31
41032,MYRA,-28.062,152.172,QLD,,9648,0,0.0,2000-01-01,2026-05-31
41033,CARAWATHA,-28.762,151.987,QLD,,9648,6065,62.9,2000-01-01,2026-05-31
41034,GLENELG,-28.404,151.47,QLD,,9648,7301,75.7,2000-01-01,2026-05-31
41035,GLENGALLAN,-28.1,152.1,QLD,,9648,0,0.0,2000-01-01,2026-05-31
41037,GOOMBUNGEE POST OFFICE,-27.307,151.851,QLD,,9648,8894,92.2,2000-01-01,2026-05-31
41038,GOONDIWINDI POST OFFICE,-28.548,150.308,QLD,,9648,0,0.0,2000-01-01,2026-05-31
41039,GOWRIE JUNCTION,-27.5,151.9,QLD,,9648,0,0.0,2000-01-01,2026-05-31
41040,GREENMOUNT POST OFFICE,-27.787,151.905,QLD,,9648,4130,42.8,2000-01-01,2026-05-31
41041,COOLESHA,-28.241,151.726,QLD,,9648,8966,92.9,2000-01-01,2026-05-31
41042,HADEN POST OFFICE,-27.224,151.883,QLD,,9648,6802,70.5,2000-01-01,2026-05-31
41044,HERMITAGE,-28.206,152.1,QLD,,9648,365,3.8,2000-01-01,2026-05-31
41045,THE HIGHLANDS IRRIGATION,-28.4,152.3,QLD,,9648,0,0.0,2000-01-01,2026-05-31
41046,THE HEAD,-28.282,152.417,QLD,,9648,5344,55.4,2000-01-01,2026-05-31
41047,INGLEWOOD POST OFFICE,-28.415,151.083,QLD,,9648,9271,96.1,2000-01-01,2026-05-31
41049,IRVINGDALE POST OFFICE,-27.2,151.517,QLD,,9648,0,0.0,2000-01-01,2026-05-31
41050,JANDOWAE POST OFFICE,-26.78,151.111,QLD,,9648,9517,98.6,2000-01-01,2026-05-31
41051,JIMBOUR STATE SCHOOL,-26.964,151.216,QLD,,9648,887,9.2,2000-01-01,2026-05-31
41052,JINGI JINGI,-26.693,151.096,QLD,,9648,9601,99.5,2000-01-01,2026-05-31
41053,JONDARYAN POST OFFICE,-27.367,151.59,QLD,,9648,9039,93.7,2000-01-01,2026-05-31
41056,KILLARNEY POST OFFICE,-28.334,152.295,QLD,,9648,9445,97.9,2000-01-01,2026-05-31
41058,KINDON,-28.087,150.744,QLD,,9648,4556,47.2,2000-01-01,2026-05-31
41059,KOGAN POST OFFICE,-27.05,150.767,QLD,,9648,0,0.0,2000-01-01,2026-05-31
41061,KURROWAH,-27.658,151.199,QLD,,9648,6070,62.9,2000-01-01,2026-05-31
41062,LAGUNA,-27.808,151.327,QLD,,9648,8334,86.4,2000-01-01,2026-05-31
41063,LEYBURN POST OFFICE,-28.011,151.586,QLD,,9648,7183,74.5,2000-01-01,2026-05-31
41064,WILLOWVALE,-28.721,151.186,QLD,,9648,601,6.2,2000-01-01,2026-05-31
41065,MACALISTER POST OFFICE,-27.05,151.083,QLD,,9648,0,0.0,2000-01-01,2026-05-31
41067,BLAKEFIELD,-28.05,152.267,QLD,,9648,0,0.0,2000-01-01,2026-05-31
41069,MILLMERRAN POST OFFICE,-27.874,151.272,QLD,,9648,5137,53.2,2000-01-01,2026-05-31
41071,MONTROSE,-28.75,151.667,QLD,,9648,0,0.0,2000-01-01,2026-05-31
41072,MOUNT IRVING,-27.483,151.6,QLD,,9648,9450,97.9,2000-01-01,2026-05-31
41074,NETHERBY,-27.35,151.8,QLD,,9648,0,0.0,2000-01-01,2026-05-31
41075,NOBBY TOOTH ST,-27.853,151.902,QLD,,9648,3676,38.1,2000-01-01,2026-05-31
41077,OAKEY POST OFFICE,-27.45,151.717,QLD,,9648,0,0.0,2000-01-01,2026-05-31
41079,PASSCHENDAELE,-28.541,151.843,QLD,,9648,2828,29.3,2000-01-01,2026-05-31
41080,PERANGA POST OFFICE,-27.146,151.695,QLD,,9648,1659,17.2,2000-01-01,2026-05-31
41081,PIKEDALE,-28.65,151.6,QLD,,9648,0,0.0,2000-01-01,2026-05-31
41082,PITTSWORTH,-27.723,151.636,QLD,,9648,9440,97.8,2000-01-01,2026-05-31
41083,PRATTEN,-28.069,151.78,QLD,,9648,9168,95.0,2000-01-01,2026-05-31
41084,QUEEN MARY FALLS,-28.15,151.583,QLD,,9648,0,0.0,2000-01-01,2026-05-31
41085,QUEEN MARY FALLS,-28.325,152.394,QLD,,9648,9539,98.9,2000-01-01,2026-05-31
41086,QUENDON,-26.665,151.397,QLD,,9648,9320,96.6,2000-01-01,2026-05-31
41087,RIVERTON,-29.031,151.49,QLD,,9648,2455,25.4,2000-01-01,2026-05-31
41089,STRUTH,-27.4,151.3,QLD,,9648,0,0.0,2000-01-01,2026-05-31
41095,STANTHORPE LESLIE PARADE,-28.662,151.934,QLD,,9648,7598,78.8,2000-01-01,2026-05-31
41097,INGLEWOOD FOREST,-28.343,150.936,QLD,,9648,5194,53.8,2000-01-01,2026-05-31
41098,TANNYMOREL,-28.291,152.246,QLD,,9648,8680,90.0,2000-01-01,2026-05-31
41099,TARA TOWNSHIP,-27.276,150.462,QLD,,9648,5001,51.8,2000-01-01,2026-05-31
41100,TEXAS POST OFFICE,-28.854,151.168,QLD,,9648,9644,100.0,2000-01-01,2026-05-31
41101,TEXAS STATION,-28.85,151.15,QLD,,9648,0,0.0,2000-01-01,2026-05-31
41102,THULIMBAH,-28.55,151.95,QLD,,9648,0,0.0,2000-01-01,2026-05-31
41103,TOOWOOMBA,-27.584,151.932,QLD,,9648,2608,27.0,2000-01-01,2026-05-31
41105,UMBERCOLLIE,-28.467,150.25,QLD,,9648,0,0.0,2000-01-01,2026-05-31
41106,UPPER FOREST SPRINGS,-27.965,152.075,QLD,,9648,9574,99.2,2000-01-01,2026-05-31
41107,UPPER PILTON,-27.918,152.12,QLD,,9648,578,6.0,2000-01-01,2026-05-31
41108,BEAU MAISON,-27.38,150.516,QLD,,9648,4768,49.4,2000-01-01,2026-05-31
41109,VICTORIA HILL,-28.024,151.811,QLD,,9648,4867,50.4,2000-01-01,2026-05-31
41110,TURALLIN,-27.831,151.196,QLD,,9648,5235,54.3,2000-01-01,2026-05-31
41111,WARWICK POST OFFICE,-28.217,152.033,QLD,,9648,0,0.0,2000-01-01,2026-05-31
41115,MARAVALE,-27.21,151.617,QLD,,9648,6208,64.3,2000-01-01,2026-05-31
41116,WALLANGARRA POST OFFICE,-28.924,151.931,QLD,,9648,7824,81.1,2000-01-01,2026-05-31
41117,WARRA POST OFFICE,-26.931,150.925,QLD,,9648,0,0.0,2000-01-01,2026-05-31
41118,WARRABAH,-28.19,151.576,QLD,,9648,4233,43.9,2000-01-01,2026-05-31
41120,YANGAN POST OFFICE,-28.196,152.209,QLD,,9648,9607,99.6,2000-01-01,2026-05-31
41122,YELARBON,-28.573,150.754,QLD,,9648,4026,41.7,2000-01-01,2026-05-31
41125,WHETSTONE POST OFFICE,-28.5,150.933,QLD,,9648,0,0.0,2000-01-01,2026-05-31
41126,WESTBROOK,-27.62,151.829,QLD,,9648,3945,40.9,2000-01-01,2026-05-31
41127,WESTERN CREEK,-27.831,151.089,QLD,,9648,303,3.1,2000-01-01,2026-05-31
41128,WONDALLI,-28.5,150.587,QLD,,9648,9519,98.7,2000-01-01,2026-05-31
41129,WOOMERA,-28.489,150.48,QLD,,9648,1449,15.0,2000-01-01,2026-05-31
41130,BRAEMAR STATE FOREST,-27.217,150.833,QLD,,9648,0,0.0,2000-01-01,2026-05-31
41131,COORANGA NORTH,-26.773,151.382,QLD,,9648,7864,81.5,2000-01-01,2026-05-31
41134,TOP PLAINS,-28.313,152.403,QLD,,9648,9312,96.5,2000-01-01,2026-05-31
41135,BROADACRES,-27.301,150.739,QLD,,9648,929,9.6,2000-01-01,2026-05-31
41139,WYAGA STATION,-28.167,150.648,QLD,,9648,3182,33.0,2000-01-01,2026-05-31
41140,DALBY REGIONAL COUNCIL,-27.186,151.255,QLD,,9648,3152,32.7,2000-01-01,2026-05-31
41145,MARNHULL,-26.84,151.165,QLD,,9648,9554,99.0,2000-01-01,2026-05-31
41147,JONDARAYAN STATION,-27.4,151.567,QLD,,9648,0,0.0,2000-01-01,2026-05-31
41153,BON ACCORD,-27.6,151.2,QLD,,9648,0,0.0,2000-01-01,2026-05-31
41154,BLINKBONNIE,-28.15,152.1,QLD,,9648,0,0.0,2000-01-01,2026-05-31
41156,BRAESIDE,-28.4,151.9,QLD,,9648,0,0.0,2000-01-01,2026-05-31
41158,YANDILLA,-27.85,151.367,QLD,,9648,0,0.0,2000-01-01,2026-05-31
41165,BONNIE BRAE,-28.295,152.42,QLD,,9648,0,0.0,2000-01-01,2026-05-31
41166,SPRINGSIDE,-27.676,151.602,QLD,,9648,9495,98.4,2000-01-01,2026-05-31
41167,HELENVALE,-28.171,152.276,QLD,,9648,9338,96.8,2000-01-01,2026-05-31
41168,ROSEVALE,-26.706,151.303,QLD,,9648,7641,79.2,2000-01-01,2026-05-31
41173,MYUNA,-28.167,151.6,QLD,,9648,0,0.0,2000-01-01,2026-05-31
41174,NUNKERI,-27.386,151.378,QLD,,9648,0,0.0,2000-01-01,2026-05-31
41175,APPLETHORPE,-28.622,151.953,QLD,,9648,9541,98.9,2000-01-01,2026-05-31
41176,WARWICK DRAGON ST,-28.225,152.026,QLD,,9648,0,0.0,2000-01-01,2026-05-31
41179,WYOBIE,-26.896,151.086,QLD,,9648,3236,33.5,2000-01-01,2026-05-31
41182,WHITTAKER,-27.184,151.57,QLD,,9648,9500,98.5,2000-01-01,2026-05-31
41187,WAVERLEY,-27.002,150.977,QLD,,9648,899,9.3,2000-01-01,2026-05-31
41189,WARAHGAI,-28.237,151.535,QLD,,9648,999,10.4,2000-01-01,2026-05-31
41191,VICTORY DOWNS,-27.263,151.375,QLD,,9648,5656,58.6,2000-01-01,2026-05-31
41192,VALHALLA,-28.369,151.796,QLD,,9648,8146,84.4,2000-01-01,2026-05-31
41197,KUMBARILLA LANE,-27.321,150.873,QLD,,9648,3367,34.9,2000-01-01,2026-05-31
41198,TINGHA,-27.146,151.303,QLD,,9648,9436,97.8,2000-01-01,2026-05-31
41199,THE PARK,-27.262,151.63,QLD,,9648,1079,11.2,2000-01-01,2026-05-31
41200,TALMOI,-27.028,151.314,QLD,,9648,1144,11.9,2000-01-01,2026-05-31
41202,TALGAI,-27.02,151.711,QLD,,9648,5322,55.2,2000-01-01,2026-05-31
41205,STRATHYRE,-28.12,151.472,QLD,,9648,1531,15.9,2000-01-01,2026-05-31
41208,SPRING CREEK,-28.349,152.34,QLD,,9648,9400,97.4,2000-01-01,2026-05-31
41209,SORRENTO,-28.481,151.886,QLD,,9648,7021,72.8,2000-01-01,2026-05-31
41212,ROSALIE PLAINS,-27.207,151.676,QLD,,9648,6792,70.4,2000-01-01,2026-05-31
41215,RIVERVIEW HOPELAND,-26.815,150.688,QLD,,9648,4900,50.8,2000-01-01,2026-05-31
41216,RIVERSIDE,-28.033,152.052,QLD,,9648,2018,20.9,2000-01-01,2026-05-31
41217,RINGUINEA,-26.932,151.527,QLD,,9648,1033,10.7,2000-01-01,2026-05-31
41219,REDBANK,-27.994,151.554,QLD,,9648,9279,96.2,2000-01-01,2026-05-31
41223,THE GLEN,-28.293,151.945,QLD,,9648,2219,23.0,2000-01-01,2026-05-31
41225,MIRRABOOKA,-27.839,152.061,QLD,,9648,5119,53.1,2000-01-01,2026-05-31
41236,WESTFIELDS,-27.245,151.168,QLD,,9648,1210,12.5,2000-01-01,2026-05-31
41240,HEREWARD,-27.186,151.142,QLD,,9648,9531,98.8,2000-01-01,2026-05-31
41242,LITTLE RIDGE,-27.018,151.635,QLD,,9648,9412,97.6,2000-01-01,2026-05-31
41244,MOUNT LEINSTER,-27.136,151.397,QLD,,9648,5005,51.9,2000-01-01,2026-05-31
41248,MAR-LEE,-27.047,151.141,QLD,,9648,4876,50.5,2000-01-01,2026-05-31
41249,EKSUN DOWNS,-28.014,151.395,QLD,,9648,5986,62.0,2000-01-01,2026-05-31
41250,PAMPAS,-27.789,151.413,QLD,,9648,9568,99.2,2000-01-01,2026-05-31
41251,PALGROVE,-28.431,151.823,QLD,,9648,5603,58.1,2000-01-01,2026-05-31
41256,NAVILLOWEEN,-27.815,151.986,QLD,,9648,5031,52.1,2000-01-01,2026-05-31
41257,KUPUNN,-27.231,151.102,QLD,,9648,3736,38.7,2000-01-01,2026-05-31
41259,CLINTONVALE,-28.072,152.13,QLD,,9648,9498,98.4,2000-01-01,2026-05-31
41261,KIA ORA,-27.116,150.765,QLD,,9648,4988,51.7,2000-01-01,2026-05-31
41264,KENNERLY,-26.819,151.05,QLD,,9648,878,9.1,2000-01-01,2026-05-31
41266,LILLINGSTONE,-27.071,151.373,QLD,,9648,6520,67.6,2000-01-01,2026-05-31
41270,GUNBOWER,-27.824,151.58,QLD,,9648,2750,28.5,2000-01-01,2026-05-31
41271,GRAHAMVILLE,-27.079,151.653,QLD,,9648,4745,49.2,2000-01-01,2026-05-31
41274,GLENRAE,-28.314,152.114,QLD,,9648,1055,10.9,2000-01-01,2026-05-31
41275,GLENROY MASSIE,-28.147,151.925,QLD,,9648,9240,95.8,2000-01-01,2026-05-31
41276,GLENRIVE,-27.929,152.161,QLD,,9648,9464,98.1,2000-01-01,2026-05-31
41277,GLENROY,-26.767,151.208,QLD,,9648,9501,98.5,2000-01-01,2026-05-31
41285,FAIRLEIGH,-28.327,151.845,QLD,,9648,9212,95.5,2000-01-01,2026-05-31
41291,EHLMA PARK,-26.874,150.869,QLD,,9648,8684,90.0,2000-01-01,2026-05-31
41297,DAANDINE,-27.098,150.979,QLD,,9648,8897,92.2,2000-01-01,2026-05-31
41306,TOSARI,-27.863,151.454,QLD,,9648,6779,70.3,2000-01-01,2026-05-31
41310,KUYURA,-26.889,151.201,QLD,,9648,9370,97.1,2000-01-01,2026-05-31
41314,BROOKSTEAD POST OFFICE,-27.758,151.448,QLD,,9648,9475,98.2,2000-01-01,2026-05-31
41315,BRIGALOW PARK,-28.106,151.569,QLD,,9648,6416,66.5,2000-01-01,2026-05-31
41317,BUNDALEER,-27.073,151.419,QLD,,9648,4812,49.9,2000-01-01,2026-05-31
41318,CARRAMAR,-27.96,151.325,QLD,,9648,8593,89.1,2000-01-01,2026-05-31
41319,DORA PARK,-27.064,151.506,QLD,,9648,440,4.6,2000-01-01,2026-05-31
41323,MANDALA,-28.019,152.286,QLD,,9648,9532,98.8,2000-01-01,2026-05-31
41327,BAIRNSDALE,-27.769,151.773,QLD,,9648,4808,49.8,2000-01-01,2026-05-31
41328,ALFALFA,-27.978,151.559,QLD,,9648,207,2.1,2000-01-01,2026-05-31
41332,AKUNA,-28.067,152.35,QLD,,9648,0,0.0,2000-01-01,2026-05-31
41338,BALLANDEAN POST OFFICE,-28.801,151.842,QLD,,9648,6713,69.6,2000-01-01,2026-05-31
41341,INGLEWOOD TOBACCO RES,-28.5,150.933,QLD,,9648,0,0.0,2000-01-01,2026-05-31
41344,KARARA,-28.207,151.561,QLD,,9648,9185,95.2,2000-01-01,2026-05-31
41349,MUNDAGAI,-27.734,150.579,QLD,,9648,6370,66.0,2000-01-01,2026-05-31
41358,TIPTON BRIDGE,-27.442,151.257,QLD,,9648,3273,33.9,2000-01-01,2026-05-31
41359,OAKEY AERO,-27.403,151.741,QLD,,9648,9448,97.9,2000-01-01,2026-05-31
41360,BENGALLA,-28.655,150.667,QLD,,9648,0,0.0,2000-01-01,2026-05-31
41368,TARTHA,-27.716,150.224,QLD,,9648,1720,17.8,2000-01-01,2026-05-31
41369,MOYOLA,-27.523,151.882,QLD,,9648,8003,82.9,2000-01-01,2026-05-31
41370,YAGABURNE,-28.124,150.543,QLD,,9648,9395,97.4,2000-01-01,2026-05-31
41371,MELVA,-28.458,151.682,QLD,,9648,9515,98.6,2000-01-01,2026-05-31
41372,LINSALEA,-28.007,151.277,QLD,,9648,709,7.3,2000-01-01,2026-05-31
41373,CALM DOWNS,-28.882,151.513,QLD,,9648,30,0.3,2000-01-01,2026-05-31
41374,DUNMORE,-27.65,150.917,QLD,,9648,0,0.0,2000-01-01,2026-05-31
41375,COLUMBA,-28.236,151.423,QLD,,9648,1091,11.3,2000-01-01,2026-05-31
41376,WARROO STATION,-28.539,151.348,QLD,,9648,9449,97.9,2000-01-01,2026-05-31
41377,TUMMURRAMI,-28.341,151.537,QLD,,9648,7200,74.6,2000-01-01,2026-05-31
41380,SWANFELS UPPER,-28.133,152.417,QLD,,9648,0,0.0,2000-01-01,2026-05-31
41383,MINGOOLA,-28.917,151.517,QLD,,9648,0,0.0,2000-01-01,2026-05-31
41384,LESBROOK,-28.483,151.233,QLD,,9648,0,0.0,2000-01-01,2026-05-31
41385,WHETSTONE WEIR,-28.467,150.95,QLD,,9648,0,0.0,2000-01-01,2026-05-31
41388,MURRALAH,-28.055,151.33,QLD,,9648,9511,98.6,2000-01-01,2026-05-31
41389,PIKES CREEK,-28.678,151.579,QLD,,9648,0,0.0,2000-01-01,2026-05-31
41390,DUNBLAINE,-28.34,151.394,QLD,,9648,1396,14.5,2000-01-01,2026-05-31
41391,WOODSPRING,-28.361,151.146,QLD,,9648,8928,92.5,2000-01-01,2026-05-31
41392,MARMADUA FORESTRY,-27.42,150.635,QLD,,9648,0,0.0,2000-01-01,2026-05-31
41395,GLENARADALE,-28.17,150.45,QLD,,9648,1746,18.1,2000-01-01,2026-05-31
41396,GLEN APLIN,-28.733,151.883,QLD,,9648,0,0.0,2000-01-01,2026-05-31
41397,BURILDA,-28.142,150.132,QLD,,9648,9497,98.4,2000-01-01,2026-05-31
41404,ELLANGOWAN,-27.958,151.664,QLD,,9648,9475,98.2,2000-01-01,2026-05-31
41407,TARA,-27.6,150.367,QLD,,9648,0,0.0,2000-01-01,2026-05-31
41408,GLEN ETIVE,-28.499,151.232,QLD,,9648,5234,54.2,2000-01-01,2026-05-31
41412,DUNGORM,-28.297,151.518,QLD,,9648,3336,34.6,2000-01-01,2026-05-31
41413,HUNTERS HILL,-28.358,151.562,QLD,,9648,1182,12.3,2000-01-01,2026-05-31
41416,AUGHAMORE,-27.574,151.727,QLD,,9648,0,0.0,2000-01-01,2026-05-31
41440,BEEBO,-28.733,150.967,QLD,,9648,0,0.0,2000-01-01,2026-05-31
41442,TERRAINE,-28.483,151.283,QLD,,9648,0,0.0,2000-01-01,2026-05-31
41444,LONG CROSSING,-28.333,152.35,QLD,,9648,0,0.0,2000-01-01,2026-05-31
41445,LESLIE DAM,-28.214,151.919,QLD,,9648,9414,97.6,2000-01-01,2026-05-31
41451,THE HIGHLANDS,-28.4,152.25,QLD,,9648,0,0.0,2000-01-01,2026-05-31
41454,GIRRAWEEN NAT PARK,-28.834,151.937,QLD,,9648,9216,95.5,2000-01-01,2026-05-31
41459,SHADWELL PARK,-26.5,151.077,QLD,,9648,364,3.8,2000-01-01,2026-05-31
41469,MACALISTER,-27.029,151.095,QLD,,9648,9600,99.5,2000-01-01,2026-05-31
41497,AAC DALBY CAMPUS,-27.149,151.289,QLD,,9648,4312,44.7,2000-01-01,2026-05-31
41504,GLEN ROYAL,-27.736,151.412,QLD,,9648,9403,97.5,2000-01-01,2026-05-31
41512,COOBY CREEK DAM,-27.383,151.924,QLD,,9648,9472,98.2,2000-01-01,2026-05-31
41521,GOONDIWINDI AIRPORT,-28.521,150.326,QLD,,9648,5684,58.9,2000-01-01,2026-05-31
41522,DALBY AIRPORT,-27.16,151.263,QLD,,9648,9534,98.8,2000-01-01,2026-05-31
41525,WARWICK,-28.206,152.1,QLD,,9648,8151,84.5,2000-01-01,2026-05-31
41529,TOOWOOMBA AIRPORT,-27.543,151.913,QLD,,9648,9543,98.9,2000-01-01,2026-05-31
41554,TALINGA,-27.779,150.458,QLD,,9648,3925,40.7,2000-01-01,2026-05-31
42000,BARAKULA FOREST STN,-26.427,150.504,QLD,,9648,5196,53.9,2000-01-01,2026-05-31
42002,BELAH PARK,-27.207,150.283,QLD,,9648,9452,98.0,2000-01-01,2026-05-31
42003,CHERITON,-28.235,149.123,QLD,,9648,3608,37.4,2000-01-01,2026-05-31
42004,POSSUM PARK,-26.505,150.099,QLD,,9648,7259,75.2,2000-01-01,2026-05-31
42005,COLUMBOOLA,-26.667,150.35,QLD,,9648,0,0.0,2000-01-01,2026-05-31
42006,COOMRITH,-27.55,149.617,QLD,,9648,0,0.0,2000-01-01,2026-05-31
42007,COTSWOLD,-27.1,149.8,QLD,,9648,0,0.0,2000-01-01,2026-05-31
42008,DAYMAR POST OFFICE,-28.617,148.983,QLD,,9648,0,0.0,2000-01-01,2026-05-31
42009,DRILLHAM,-26.64,149.982,QLD,,9648,7382,76.5,2000-01-01,2026-05-31
42010,DULACCA TRUCK STOP,-26.643,149.757,QLD,,9648,5690,59.0,2000-01-01,2026-05-31
42011,GLEN ALVON,-27.859,149.555,QLD,,9648,1253,13.0,2000-01-01,2026-05-31
42012,GLENMORGAN POST OFFICE,-27.248,149.676,QLD,,9648,5474,56.7,2000-01-01,2026-05-31
42015,MADOWLA,-26.402,150.154,QLD,,9648,0,0.0,2000-01-01,2026-05-31
42016,HANNAFORD POST OFFICE,-27.341,150.062,QLD,,9648,9069,94.0,2000-01-01,2026-05-31
42019,KINGTON,-27.6,150.067,QLD,,9648,0,0.0,2000-01-01,2026-05-31
42020,LANCEWOOD,-26.45,150.15,QLD,,9648,0,0.0,2000-01-01,2026-05-31
42021,LORETTA,-26.483,149.95,QLD,,9648,0,0.0,2000-01-01,2026-05-31
42022,MEANDARRA POST OFFICE,-27.324,149.883,QLD,,9648,8982,93.1,2000-01-01,2026-05-31
42023,MILES POST OFFICE,-26.658,150.184,QLD,,9648,9443,97.9,2000-01-01,2026-05-31
42027,TALWOOD STATE SCHOOL,-28.487,149.47,QLD,,9648,6788,70.4,2000-01-01,2026-05-31
42028,THALLON POST OFFICE,-28.634,148.868,QLD,,9648,2979,30.9,2000-01-01,2026-05-31
42029,TOTARA,-28.417,149.217,QLD,,9648,0,0.0,2000-01-01,2026-05-31
42030,BUNGUNYA SCHOOL,-28.428,149.653,QLD,,9648,340,3.5,2000-01-01,2026-05-31
42033,SHELBOURNE,-26.3,150.183,QLD,,9648,3975,41.2,2000-01-01,2026-05-31
42034,OURIGILLA,-27.169,150.002,QLD,,9648,9034,93.6,2000-01-01,2026-05-31
42035,JACKSON COMMUNITY POSTAL  AGENCY,-26.644,149.628,QLD,,9648,8473,87.8,2000-01-01,2026-05-31
42042,KILBEGGAN,-25.992,150.43,QLD,,9648,7028,72.8,2000-01-01,2026-05-31
42044,TOOBEAH POST OFFICE,-28.417,149.87,QLD,,9648,0,0.0,2000-01-01,2026-05-31
42048,CONDAMINE,-26.927,150.142,QLD,,9648,6961,72.1,2000-01-01,2026-05-31
42050,REMILTON,-28.064,149.655,QLD,,9648,6638,68.8,2000-01-01,2026-05-31
42051,WYCANNA,-28.225,149.409,QLD,,9648,0,0.0,2000-01-01,2026-05-31
42052,RIVERSDALE,-27.983,149.167,QLD,,9648,0,0.0,2000-01-01,2026-05-31
42059,AUBURN,-25.953,150.614,QLD,,9648,3856,40.0,2000-01-01,2026-05-31
42068,EUMERELLA SOUTH,-28.726,148.834,QLD,,9648,6353,65.8,2000-01-01,2026-05-31
42069,BIRRA BIRRA,-28.609,148.661,QLD,,9648,7483,77.6,2000-01-01,2026-05-31
42070,MYALL PLAINS,-28.35,148.75,QLD,,9648,0,0.0,2000-01-01,2026-05-31
42071,TANDAWANNA,-28.367,149.7,QLD,,9648,0,0.0,2000-01-01,2026-05-31
42075,BAWNDUGGIE,-26.16,150.839,QLD,,9648,9502,98.5,2000-01-01,2026-05-31
42076,THALLON,-28.65,148.857,QLD,,9648,2293,23.8,2000-01-01,2026-05-31
42078,HAREWOOD,-26.919,150.472,QLD,,9648,9015,93.4,2000-01-01,2026-05-31
42082,WOMBALANO,-26.021,150.688,QLD,,9648,4545,47.1,2000-01-01,2026-05-31
42083,CHESHUNT,-27.317,150.317,QLD,,9648,0,0.0,2000-01-01,2026-05-31
42084,MOGUL DOWNS,-26.933,150.417,QLD,,9648,0,0.0,2000-01-01,2026-05-31
42085,ULUPNA,-27.917,150.183,QLD,,9648,0,0.0,2000-01-01,2026-05-31
42086,WOODLEA,-27.135,150.409,QLD,,9648,9419,97.6,2000-01-01,2026-05-31
42089,SOMERSET,-26.727,150.508,QLD,,9648,0,0.0,2000-01-01,2026-05-31
42091,BALLON,-26.449,150.893,QLD,,9648,2670,27.7,2000-01-01,2026-05-31
42112,MILES CONSTANCE STREET,-26.657,150.182,QLD,,9648,9396,97.4,2000-01-01,2026-05-31
43000,AMBY,-26.548,148.185,QLD,,9648,3104,32.2,2000-01-01,2026-05-31
43004,BINDANGO,-26.483,148.483,QLD,,9648,0,0.0,2000-01-01,2026-05-31
43007,COOGOON,-27.083,148.6,QLD,,9648,0,0.0,2000-01-01,2026-05-31
43009,FOREST VALE,-25.928,147.872,QLD,,9648,1204,12.5,2000-01-01,2026-05-31
43010,FROGMOOR,-27.078,149.115,QLD,,9648,2525,26.2,2000-01-01,2026-05-31
43011,STRANRAER,-26.017,148.583,QLD,,9648,0,0.0,2000-01-01,2026-05-31
43012,ROCKDALE,-27.069,149.25,QLD,,9648,1936,20.1,2000-01-01,2026-05-31
43014,HORSESHOE LAGOON,-26.311,148.58,QLD,,9648,4803,49.8,2000-01-01,2026-05-31
43015,INJUNE POST OFFICE,-25.843,148.567,QLD,,9648,9594,99.4,2000-01-01,2026-05-31
43016,KILMOREY,-26.1,148.183,QLD,,9648,0,0.0,2000-01-01,2026-05-31
43018,LAURISTON,-26.7,148.9,QLD,,9648,0,0.0,2000-01-01,2026-05-31
43020,MITCHELL POST OFFICE,-26.489,147.978,QLD,,9648,9619,99.7,2000-01-01,2026-05-31
43021,MOOGA HILLS,-26.283,148.9,QLD,,9648,0,0.0,2000-01-01,2026-05-31
43022,MOUNT ABUNDANCE,-26.6,148.717,QLD,,9648,0,0.0,2000-01-01,2026-05-31
43023,AIRLIE,-26.802,148.41,QLD,,9648,7119,73.8,2000-01-01,2026-05-31
43025,MUCKADILLA POST OFFICE,-26.583,148.383,QLD,,9648,0,0.0,2000-01-01,2026-05-31
43026,NORMANDY,-26.769,148.356,QLD,,9648,8257,85.6,2000-01-01,2026-05-31
43027,COLLINGWOOD,-27.333,149.033,QLD,,9648,0,0.0,2000-01-01,2026-05-31
43028,POSSESSION CREEK,-25.9,147.782,QLD,,9648,0,0.0,2000-01-01,2026-05-31
43029,REDFORD,-25.825,147.411,QLD,,9648,2660,27.6,2000-01-01,2026-05-31
43030,ROMA POST OFFICE,-26.572,148.79,QLD,,9648,0,0.0,2000-01-01,2026-05-31
43031,ROMA DOWNS,-26.616,148.866,QLD,,9648,670,6.9,2000-01-01,2026-05-31
43034,ST GEORGE POST OFFICE,-28.036,148.581,QLD,,9648,0,0.0,2000-01-01,2026-05-31
43035,SURAT,-27.159,149.07,QLD,,9648,9617,99.7,2000-01-01,2026-05-31
43036,SUTTON GRANGE,-26.9,149.0,QLD,,9648,0,0.0,2000-01-01,2026-05-31
43038,WALLUMBILLA POST OFFICE,-26.585,149.186,QLD,,9648,6222,64.5,2000-01-01,2026-05-31
43039,WERIBONE,-27.344,148.878,QLD,,9648,1981,20.5,2000-01-01,2026-05-31
43042,WINSTON,-26.5,148.949,QLD,,9648,511,5.3,2000-01-01,2026-05-31
43043,YULEBA GARDEN ST,-26.613,149.388,QLD,,9648,8142,84.4,2000-01-01,2026-05-31
43044,YULEBA STATE FOREST,-26.638,149.426,QLD,,9648,5315,55.1,2000-01-01,2026-05-31
43050,CRYSTAL BROOK,-25.517,147.983,QLD,,9648,0,0.0,2000-01-01,2026-05-31
43052,WARKON,-27.001,149.497,QLD,,9648,9531,98.8,2000-01-01,2026-05-31
43053,ST GEORGE (HUTT ST),-28.053,148.563,QLD,,9648,1057,11.0,2000-01-01,2026-05-31
43055,GLENEARN,-27.533,148.884,QLD,,9648,3090,32.0,2000-01-01,2026-05-31
43057,PINE HILLS,-26.263,149.239,QLD,,9648,0,0.0,2000-01-01,2026-05-31
43058,BARRACKDALE,-27.532,148.734,QLD,,9648,6434,66.7,2000-01-01,2026-05-31
43060,HAVELOCK,-26.076,147.904,QLD,,9648,9611,99.6,2000-01-01,2026-05-31
43061,GUNNEWIN,-25.985,148.557,QLD,,9648,9346,96.9,2000-01-01,2026-05-31
43065,KATOOTA,-27.769,148.715,QLD,,9648,6783,70.3,2000-01-01,2026-05-31
43067,BASIN DOWNS,-27.407,148.831,QLD,,9648,6096,63.2,2000-01-01,2026-05-31
43070,TALOONA,-26.043,149.074,QLD,,9648,2705,28.0,2000-01-01,2026-05-31
43077,GARRABARRA,-26.947,149.014,QLD,,9648,439,4.6,2000-01-01,2026-05-31
43080,KAROOLA PARK,-27.227,148.741,QLD,,9648,7843,81.3,2000-01-01,2026-05-31
43089,DALKEITH,-27.8,149.3,QLD,,9648,0,0.0,2000-01-01,2026-05-31
43090,BEARDMORE DAM,-27.907,148.651,QLD,,9648,7904,81.9,2000-01-01,2026-05-31
43091,ROMA AIRPORT,-26.548,148.771,QLD,,9648,9513,98.6,2000-01-01,2026-05-31
43093,WAVERLEY DOWNS,-26.606,148.537,QLD,,9648,8740,90.6,2000-01-01,2026-05-31
43095,NAMARAH,-27.387,149.388,QLD,,9648,9607,99.6,2000-01-01,2026-05-31
43109,ST GEORGE AIRPORT,-28.048,148.596,QLD,,9648,9438,97.8,2000-01-01,2026-05-31
44000,ARABELLA,-26.4,146.483,QLD,,9648,0,0.0,2000-01-01,2026-05-31
44001,ANGELLALA DOWNS HOMESTEAD,-26.018,147.03,QLD,,9648,9319,96.6,2000-01-01,2026-05-31
44002,AUGATHELLA POST OFFICE,-25.796,146.586,QLD,,9648,6132,63.6,2000-01-01,2026-05-31
44003,BALLANDOOL,-28.967,147.667,QLD,,9648,0,0.0,2000-01-01,2026-05-31
44004,BEECHAL,-27.138,144.739,QLD,,9648,7587,78.6,2000-01-01,2026-05-31
44006,BIDDENHAM,-25.803,146.425,QLD,,9648,3042,31.5,2000-01-01,2026-05-31
44007,BIERBANK,-26.776,145.071,QLD,,9648,3388,35.1,2000-01-01,2026-05-31
44009,BOATMAN STATION,-27.261,146.914,QLD,,9648,7283,75.5,2000-01-01,2026-05-31
44010,BOLLON MARY ST,-28.034,147.478,QLD,,9648,9137,94.7,2000-01-01,2026-05-31
44011,EKARI PARK,-26.817,147.667,QLD,,9648,1150,11.9,2000-01-01,2026-05-31
44012,BOORARA,-28.657,144.381,QLD,,9648,3090,32.0,2000-01-01,2026-05-31
44013,BOOTHULLA,-26.383,145.217,QLD,,9648,5595,58.0,2000-01-01,2026-05-31
44014,BUNDALEER,-28.7,146.55,QLD,,9648,0,0.0,2000-01-01,2026-05-31
44016,BURENDA,-25.766,146.733,QLD,,9648,3557,36.9,2000-01-01,2026-05-31
44017,BYZANTIUM,-27.182,147.58,QLD,,9648,3877,40.2,2000-01-01,2026-05-31
44018,CAIWARRO,-28.7,144.783,QLD,,9648,0,0.0,2000-01-01,2026-05-31
44021,CHARLEVILLE AERO,-26.414,146.256,QLD,,9648,9373,97.1,2000-01-01,2026-05-31
44022,CHARLEVILLE POST OFFICE,-26.402,146.238,QLD,,9648,0,0.0,2000-01-01,2026-05-31
44024,COONGOOLA,-27.65,145.9,QLD,,9648,0,0.0,2000-01-01,2026-05-31
44025,COWLEY STATION,-26.904,144.827,QLD,,9648,4566,47.3,2000-01-01,2026-05-31
44026,CUNNAMULLA POST OFFICE,-28.069,145.682,QLD,,9648,9506,98.5,2000-01-01,2026-05-31
44027,CURRAWINYA,-28.833,144.483,QLD,,9648,0,0.0,2000-01-01,2026-05-31
44028,CYTHERA,-26.973,147.643,QLD,,9648,0,0.0,2000-01-01,2026-05-31
44029,DILLALAH,-26.858,146.028,QLD,,9648,8262,85.6,2000-01-01,2026-05-31
44030,DIRRANBANDI HIGH SCHOOL,-28.576,148.23,QLD,,9648,3085,32.0,2000-01-01,2026-05-31
44031,DYNEVOR DOWNS,-28.091,144.359,QLD,,9648,6828,70.8,2000-01-01,2026-05-31
44032,EULO POST OFFICE,-28.16,145.047,QLD,,9648,0,0.0,2000-01-01,2026-05-31
44033,EVERSFIELD,-26.679,147.505,QLD,,9648,2898,30.0,2000-01-01,2026-05-31
44034,FERNLEE,-28.274,147.048,QLD,,9648,2927,30.3,2000-01-01,2026-05-31
44035,FORTLAND,-26.983,146.5,QLD,,9648,0,0.0,2000-01-01,2026-05-31
44038,GLENORIE,-27.02,147.154,QLD,,9648,9421,97.6,2000-01-01,2026-05-31
44039,GOWRIE STATION,-26.232,146.319,QLD,,9648,30,0.3,2000-01-01,2026-05-31
44040,GUMBARDO,-26.111,144.873,QLD,,9648,9566,99.2,2000-01-01,2026-05-31
44041,GUNDARE,-25.972,146.619,QLD,,9648,8178,84.8,2000-01-01,2026-05-31
44042,HEBEL STORE,-28.972,147.796,QLD,,9648,3470,36.0,2000-01-01,2026-05-31
44043,HUNGERFORD POLICE STATION,-29.0,144.4,QLD,,9648,0,0.0,2000-01-01,2026-05-31
44044,IVANHOE DOWNS,-26.345,147.126,QLD,,9648,9526,98.7,2000-01-01,2026-05-31
44045,KENILWORTH,-27.413,147.431,QLD,,9648,9541,98.9,2000-01-01,2026-05-31
44046,LOLWORTH,-27.117,147.167,QLD,,9648,0,0.0,2000-01-01,2026-05-31
44047,LOWAN HILLS,-26.44,147.694,QLD,,9648,9486,98.3,2000-01-01,2026-05-31
44048,MACWOOD,-27.601,148.079,QLD,,9648,0,0.0,2000-01-01,2026-05-31
44050,MORVEN POST OFFICE,-26.416,147.113,QLD,,9648,7988,82.8,2000-01-01,2026-05-31
44051,MOUNT ALFRED,-27.2,145.35,QLD,,9648,0,0.0,2000-01-01,2026-05-31
44052,MOUNT MORRIS,-25.813,145.573,QLD,,9648,69,0.7,2000-01-01,2026-05-31
44053,MOURILYAN,-27.963,147.629,QLD,,9648,0,0.0,2000-01-01,2026-05-31
44054,MULGA DOWNS,-28.806,147.12,QLD,,9648,9486,98.3,2000-01-01,2026-05-31
44055,KYNNERSLEY,-27.067,145.917,QLD,,9648,0,0.0,2000-01-01,2026-05-31
44056,MUNGALLALA,-26.446,147.545,QLD,,9648,9590,99.4,2000-01-01,2026-05-31
44057,NIVE DOWNS,-25.499,146.544,QLD,,9648,9487,98.3,2000-01-01,2026-05-31
44058,NOONDOO,-28.6,148.4,QLD,,9648,0,0.0,2000-01-01,2026-05-31
44059,NOORAMA,-28.701,146.234,QLD,,9648,3183,33.0,2000-01-01,2026-05-31
44060,NORTH YANCHO,-28.257,147.254,QLD,,9648,1442,14.9,2000-01-01,2026-05-31
44061,OAKWOOD,-25.683,146.133,QLD,,9648,0,0.0,2000-01-01,2026-05-31
44062,PEROLA PARK,-25.707,146.322,QLD,,9648,9236,95.7,2000-01-01,2026-05-31
44063,QUILBERRY STATION,-27.087,145.921,QLD,,9648,4377,45.4,2000-01-01,2026-05-31
44064,SPRING CREEK,-27.269,145.38,QLD,,9648,4950,51.3,2000-01-01,2026-05-31
44065,THURULGOONA,-28.711,145.923,QLD,,9648,5738,59.5,2000-01-01,2026-05-31
44067,TINNENBURRA,-28.731,145.552,QLD,,9648,6103,63.3,2000-01-01,2026-05-31
44068,TOMOO,-27.093,147.366,QLD,,9648,6560,68.0,2000-01-01,2026-05-31
44069,TULLOCHARD,-27.163,147.296,QLD,,9648,1816,18.8,2000-01-01,2026-05-31
44070,VICTORIA DOWNS,-26.375,147.039,QLD,,9648,9475,98.2,2000-01-01,2026-05-31
44071,CHEEPIE POST OFFICE,-26.63,145.015,QLD,,9648,7483,77.6,2000-01-01,2026-05-31
44072,WERRINA,-26.884,145.899,QLD,,9648,2505,26.0,2000-01-01,2026-05-31
44074,WODONGA,-26.583,147.417,QLD,,9648,0,0.0,2000-01-01,2026-05-31
44075,WOODLANDS,-27.265,148.081,QLD,,9648,9272,96.1,2000-01-01,2026-05-31
44076,WYANDRA RAILWAY ST,-27.246,145.981,QLD,,9648,0,0.0,2000-01-01,2026-05-31
44077,YARRAWONGA,-26.283,146.4,QLD,,9648,0,0.0,2000-01-01,2026-05-31
44078,YARRONVALE,-26.803,145.346,QLD,,9648,5686,58.9,2000-01-01,2026-05-31
44079,ALBURY,-26.773,147.319,QLD,,9648,9445,97.9,2000-01-01,2026-05-31
44081,CHARLOTTE PLAINS,-28.081,146.18,QLD,,9648,0,0.0,2000-01-01,2026-05-31
44084,BERALGA HOMESTEAD,-27.754,147.985,QLD,,9648,0,0.0,2000-01-01,2026-05-31
44091,AVONDALE,-26.5,147.7,QLD,,9648,0,0.0,2000-01-01,2026-05-31
44093,WOOLERINA,-28.533,147.4,QLD,,9648,0,0.0,2000-01-01,2026-05-31
44097,MOUNT LINDSAY,-25.25,146.964,QLD,,9648,2075,21.5,2000-01-01,2026-05-31
44099,BULLINDGIE,-28.383,147.917,QLD,,9648,0,0.0,2000-01-01,2026-05-31
44100,PERWELL,-27.499,148.25,QLD,,9648,0,0.0,2000-01-01,2026-05-31
44101,EURABA,-26.633,147.867,QLD,,9648,0,0.0,2000-01-01,2026-05-31
44104,WOOLABRA,-26.141,146.395,QLD,,9648,1556,16.1,2000-01-01,2026-05-31
44107,MOAMA,-27.572,144.848,QLD,,9648,4362,45.2,2000-01-01,2026-05-31
44111,WANSEY DOWNS,-25.852,146.189,QLD,,9648,9433,97.8,2000-01-01,2026-05-31
44112,CUNNYANA,-27.442,147.948,QLD,,9648,5562,57.6,2000-01-01,2026-05-31
44114,NOONDOO SHED,-28.74,148.524,QLD,,9648,0,0.0,2000-01-01,2026-05-31
44115,CHESTERTON,-25.335,147.3,QLD,,9648,3332,34.5,2000-01-01,2026-05-31
44120,SHERWOOD PARK STATION,-25.885,144.863,QLD,,9648,6600,68.4,2000-01-01,2026-05-31
44127,ASHLING,-27.388,147.286,QLD,,9648,3212,33.3,2000-01-01,2026-05-31
44128,CLONARD,-28.017,147.75,QLD,,9648,0,0.0,2000-01-01,2026-05-31
44129,PINGINE,-26.421,144.999,QLD,,9648,6800,70.5,2000-01-01,2026-05-31
44130,BENDENA,-27.85,146.879,QLD,,9648,2816,29.2,2000-01-01,2026-05-31
44131,DEELAMON,-27.543,147.304,QLD,,9648,1726,17.9,2000-01-01,2026-05-31
44132,ELMINA,-27.383,146.6,QLD,,9648,0,0.0,2000-01-01,2026-05-31
44133,BOGARELLA,-25.375,147.107,QLD,,9648,3475,36.0,2000-01-01,2026-05-31
44137,ROSEHILL,-27.872,148.034,QLD,,9648,9273,96.1,2000-01-01,2026-05-31
44139,KANDIMULLA,-26.893,147.817,QLD,,9648,6529,67.7,2000-01-01,2026-05-31
44142,RUTHERGLEN,-27.684,147.698,QLD,,9648,9320,96.6,2000-01-01,2026-05-31
44146,GLANWORTH,-25.45,145.75,QLD,,9648,0,0.0,2000-01-01,2026-05-31
44149,LANGLO DOWNS,-25.533,145.783,QLD,,9648,0,0.0,2000-01-01,2026-05-31
44150,KAHMOO,-28.096,145.507,QLD,,9648,8831,91.5,2000-01-01,2026-05-31
44151,GAMARREN,-28.326,146.511,QLD,,9648,5842,60.6,2000-01-01,2026-05-31
44152,DINGWALL,-27.463,146.852,QLD,,9648,5695,59.0,2000-01-01,2026-05-31
44154,WHYENBAH,-28.387,148.311,QLD,,9648,9170,95.0,2000-01-01,2026-05-31
44161,MILLIE STATION,-26.217,146.133,QLD,,9648,0,0.0,2000-01-01,2026-05-31
44166,YAMBURGAN,-28.513,148.402,QLD,,9648,9271,96.1,2000-01-01,2026-05-31
44168,BAYRICK,-25.464,146.027,QLD,,9648,6960,72.1,2000-01-01,2026-05-31
44173,AUTHORINGA,-26.667,146.617,QLD,,9648,0,0.0,2000-01-01,2026-05-31
44174,WALLEN,-27.62,145.828,QLD,,9648,9414,97.6,2000-01-01,2026-05-31
44175,KINCORA,-26.631,147.884,QLD,,9648,7252,75.2,2000-01-01,2026-05-31
44178,DOONDI,-28.25,148.464,QLD,,9648,1747,18.1,2000-01-01,2026-05-31
44180,WINDERMERE,-27.995,148.498,QLD,,9648,28,0.3,2000-01-01,2026-05-31
44181,HUNGERFORD (PAROO RIVER),-28.997,144.409,QLD,,9648,9107,94.4,2000-01-01,2026-05-31
44192,ALDVILLE,-27.305,145.128,QLD,,9648,4399,45.6,2000-01-01,2026-05-31
44194,NINDIGULLY,-28.354,148.822,QLD,,9648,8072,83.7,2000-01-01,2026-05-31
45000,ADAVALE POST OFFICE,-25.917,144.6,QLD,,9648,0,0.0,2000-01-01,2026-05-31
45001,ARDOCH,-27.433,144.117,QLD,,9648,0,0.0,2000-01-01,2026-05-31
45002,BULLOO DOWNS,-28.527,142.961,QLD,,9648,3264,33.8,2000-01-01,2026-05-31
45003,SOUTH COMONGIN,-26.901,144.339,QLD,,9648,7670,79.5,2000-01-01,2026-05-31
45004,COMONGIN NORTH,-26.503,144.329,QLD,,9648,4290,44.5,2000-01-01,2026-05-31
45005,DURHAM DOWNS,-27.08,141.908,QLD,,9648,6752,70.0,2000-01-01,2026-05-31
45006,EROMANGA - WEBBER ST,-26.669,143.27,QLD,,9648,6631,68.7,2000-01-01,2026-05-31
45007,GOOMBIE,-26.113,144.133,QLD,,9648,6970,72.2,2000-01-01,2026-05-31
45008,KYABRA,-26.299,143.16,QLD,,9648,0,0.0,2000-01-01,2026-05-31
45009,BALLERA GAS FIELD,-27.401,141.811,QLD,,9648,8828,91.5,2000-01-01,2026-05-31
45010,MT HOWITT,-26.512,142.273,QLD,,9648,8185,84.8,2000-01-01,2026-05-31
45011,MOUNT MARGARET,-26.899,143.338,QLD,,9648,5082,52.7,2000-01-01,2026-05-31
45012,NAPPA MERRIE,-27.596,141.107,QLD,,9648,3786,39.2,2000-01-01,2026-05-31
45013,NOCCUNDRA POLICE STATION,-27.817,142.583,QLD,,9648,0,0.0,2000-01-01,2026-05-31
45014,NORLEY STATION,-27.772,143.873,QLD,,9648,3562,36.9,2000-01-01,2026-05-31
45015,QUILPIE AIRPORT,-26.613,144.258,QLD,,9648,8589,89.0,2000-01-01,2026-05-31
45016,RAY STATION,-26.083,143.726,QLD,,9648,966,10.0,2000-01-01,2026-05-31
45017,THARGOMINDAH POST OFFICE,-27.998,143.82,QLD,,9648,1917,19.9,2000-01-01,2026-05-31
45018,THYLUNGRA STATION,-26.085,143.448,QLD,,9648,3042,31.5,2000-01-01,2026-05-31
45019,TOBERMOREY STATION,-27.3,143.683,QLD,,9648,0,0.0,2000-01-01,2026-05-31
45022,WHYNOT STATION,-26.691,143.905,QLD,,9648,8759,90.8,2000-01-01,2026-05-31
45024,NOCKATUNGA STATION,-27.722,142.713,QLD,,9648,6250,64.8,2000-01-01,2026-05-31
45025,THARGOMINDAH AIRPORT,-27.987,143.815,QLD,,9648,9546,98.9,2000-01-01,2026-05-31
45027,ORIENT STATION,-28.083,143.1,QLD,,9648,0,0.0,2000-01-01,2026-05-31
45028,ARRABURY STATION,-26.761,141.019,QLD,,9648,1725,17.9,2000-01-01,2026-05-31
45029,ORIENTOS STATION,-28.072,141.532,QLD,,9648,9381,97.2,2000-01-01,2026-05-31
45030,TINDERRY STATION,-27.354,143.901,QLD,,9648,2269,23.5,2000-01-01,2026-05-31
45032,PLEVNA DOWNS,-26.681,142.594,QLD,,9648,8565,88.8,2000-01-01,2026-05-31
45034,TALLYABRA,-26.63,143.531,QLD,,9648,6222,64.5,2000-01-01,2026-05-31
45037,MOBLE,-26.873,143.934,QLD,,9648,6912,71.6,2000-01-01,2026-05-31
45043,ADAVALE,-25.909,144.599,QLD,,9648,4860,50.4,2000-01-01,2026-05-31
45046,NICKAVILLA,-26.333,144.217,QLD,,9648,0,0.0,2000-01-01,2026-05-31
45051,BULGROO STATION,-25.791,143.704,QLD,,9648,1733,18.0,2000-01-01,2026-05-31
45052,NOOYEAH DOWNS,-28.04,143.554,QLD,,9648,6587,68.3,2000-01-01,2026-05-31
46001,WHITE CLIFFS (BOOTRA),-30.017,142.95,NSW,,9648,0,0.0,2000-01-01,2026-05-31
46002,WANAARING (BORRONA DOWNS),-29.766,143.114,NSW,,9648,8664,89.8,2000-01-01,2026-05-31
46003,YANCO GLEN (CORONA HOMESTEAD),-31.287,141.444,NSW,,9648,4578,47.5,2000-01-01,2026-05-31
46004,WILCANNIA (CULPAULIN),-31.733,143.217,NSW,,9648,0,0.0,2000-01-01,2026-05-31
46006,TIBOOBURRA (FORT GREY),-29.088,141.203,NSW,,9648,7554,78.3,2000-01-01,2026-05-31
46007,GNALTA,-31.05,142.333,NSW,,9648,0,0.0,2000-01-01,2026-05-31
46008,GRASSMERE 1,-31.417,142.633,NSW,,9648,0,0.0,2000-01-01,2026-05-31
46012,WILCANNIA AERODROME AWS,-31.519,143.385,NSW,,9648,9546,98.9,2000-01-01,2026-05-31
46013,BROKEN HILL (KOONAWARRA),-30.972,142.323,NSW,,9648,8893,92.2,2000-01-01,2026-05-31
46015,BROKEN HILL  (LANGAWIRRA),-31.446,142.135,NSW,,9648,9611,99.6,2000-01-01,2026-05-31
46017,WILCANNIA (MENA MURTEE),-31.417,143.167,NSW,,9648,0,0.0,2000-01-01,2026-05-31
46018,MILPARINKA HOTEL,-29.738,141.884,NSW,,9648,2150,22.3,2000-01-01,2026-05-31
46019,WHITE CLIFFS (MONOLON),-30.199,143.226,NSW,,9648,3922,40.7,2000-01-01,2026-05-31
46020,MILPARINKA (MOUNT ARROWSMITH),-30.136,141.729,NSW,,9648,3732,38.7,2000-01-01,2026-05-31
46021,MOUNT BROWNE,-29.8,141.783,NSW,,9648,0,0.0,2000-01-01,2026-05-31
46022,WILCANNIA (MOUNT MURCHISON),-31.447,143.655,NSW,,9648,9600,99.5,2000-01-01,2026-05-31
46023,SILVERTON (MUNDI MUNDI),-31.883,141.033,NSW,,9648,0,0.0,2000-01-01,2026-05-31
46024,WILCANNIA (MURTEE),-31.582,143.489,NSW,,9648,3915,40.6,2000-01-01,2026-05-31
46025,NELYAMBO,-31.167,144.117,NSW,,9648,0,0.0,2000-01-01,2026-05-31
46027,BROKEN HILL (NUNTHERUNGIE),-30.8,142.483,NSW,,9648,0,0.0,2000-01-01,2026-05-31
46028,TIBOOBURRA (OLIVE DOWNS),-29.05,141.86,NSW,,9648,0,0.0,2000-01-01,2026-05-31
46029,TIBOOBURRA (ONEPAH),-29.016,142.156,NSW,,9648,1670,17.3,2000-01-01,2026-05-31
46031,WHITE CLIFFS (PURNANGA),-30.45,143.317,NSW,,9648,0,0.0,2000-01-01,2026-05-31
46033,BROKEN HILL (STURTS MEADOWS),-31.297,141.71,NSW,,9648,4086,42.4,2000-01-01,2026-05-31
46034,WHITE CLIFFS (TARELLA),-31.023,143.038,NSW,,9648,5005,51.9,2000-01-01,2026-05-31
46037,TIBOOBURRA POST OFFICE,-29.434,142.01,NSW,,9648,5930,61.5,2000-01-01,2026-05-31
46038,WHITE CLIFFS (TONGO),-30.492,143.746,NSW,,9648,1786,18.5,2000-01-01,2026-05-31
46039,WANAARING (URISINO),-29.726,143.761,NSW,,9648,30,0.3,2000-01-01,2026-05-31
46041,TILPA (WARLOO),-31.183,144.1,NSW,,9648,0,0.0,2000-01-01,2026-05-31
46042,WHITE CLIFFS POST OFFICE,-30.851,143.089,NSW,,9648,4379,45.4,2000-01-01,2026-05-31
46043,WILCANNIA (REID ST),-31.563,143.375,NSW,,9648,9458,98.0,2000-01-01,2026-05-31
46046,YALCOWINNA,-31.717,141.783,NSW,,9648,0,0.0,2000-01-01,2026-05-31
46047,WANAARING (YAMBA),-29.733,143.333,NSW,,9648,0,0.0,2000-01-01,2026-05-31
46048,WHITE CLIFFS (YANCANNIA),-30.267,142.783,NSW,,9648,0,0.0,2000-01-01,2026-05-31
46049,MILPARINKA (YANDAMA DOWNS),-29.683,141.417,NSW,,9648,0,0.0,2000-01-01,2026-05-31
46051,WANAARING (KENDABOOKA),-29.485,143.523,NSW,,9648,1135,11.8,2000-01-01,2026-05-31
46052,WANAARING (OWEN DOWNS),-29.409,143.381,NSW,,9648,9349,96.9,2000-01-01,2026-05-31
46056,CULTOWA,-31.4,144.0,NSW,,9648,0,0.0,2000-01-01,2026-05-31
46064,GOORIMPA,-30.3,144.0,NSW,,9648,0,0.0,2000-01-01,2026-05-31
46077,SALISBURY DOWNS,-30.0,142.783,NSW,,9648,0,0.0,2000-01-01,2026-05-31
46078,WICANNIA (THE PEAK TANK),-30.8,142.7,NSW,,9648,0,0.0,2000-01-01,2026-05-31
46079,WANAARING (THURLOO DOWNS),-29.291,143.481,NSW,,9648,4407,45.7,2000-01-01,2026-05-31
46085,YALPUNGA,-29.0,142.0,NSW,,9648,0,0.0,2000-01-01,2026-05-31
46090,MILPARINKA (MILPA),-30.444,142.064,NSW,,9648,6126,63.5,2000-01-01,2026-05-31
46091,FOWLERS GAP  RESEARCH  STATION,-31.087,141.702,NSW,,9648,3512,36.4,2000-01-01,2026-05-31
46093,WHITE CLIFFS (KAYRUNNERA),-30.668,142.544,NSW,,9648,7693,79.7,2000-01-01,2026-05-31
46094,WHITE CLIFFS (WONNAMINTA),-30.632,142.322,NSW,,9648,4170,43.2,2000-01-01,2026-05-31
46115,TILPA (TREVALLYN),-31.389,144.042,NSW,,9648,9325,96.7,2000-01-01,2026-05-31
46117,BROKEN HILL (WATERBAG),-31.484,142.332,NSW,,9648,7615,78.9,2000-01-01,2026-05-31
46118,ANNALARA,-31.267,144.033,NSW,,9648,0,0.0,2000-01-01,2026-05-31
46126,TIBOOBURRA AIRPORT,-29.445,142.057,NSW,,9648,9507,98.5,2000-01-01,2026-05-31
47000,GUM LAKE (ALBEMARLE),-32.527,143.371,NSW,,9648,9120,94.5,2000-01-01,2026-05-31
47002,ARUMPO,-33.75,142.9,NSW,,9648,0,0.0,2000-01-01,2026-05-31
47003,WENTWORTH (AVOCA),-33.933,141.967,NSW,,9648,0,0.0,2000-01-01,2026-05-31
47004,BAKARA,-31.883,143.05,NSW,,9648,0,0.0,2000-01-01,2026-05-31
47005,WILCANNIA (BILLILLA),-31.832,143.151,NSW,,9648,4711,48.8,2000-01-01,2026-05-31
47006,BINDARA (NETLEY),-32.75,142.3,NSW,,9648,0,0.0,2000-01-01,2026-05-31
47007,BROKEN HILL (PATTON STREET),-31.976,141.468,NSW,,9648,5807,60.2,2000-01-01,2026-05-31
47008,COCKBURN  (BURTA),-32.456,141.078,NSW,,9648,4717,48.9,2000-01-01,2026-05-31
47009,WENTWORTH (CUTHERO),-33.033,142.367,NSW,,9648,0,0.0,2000-01-01,2026-05-31
47010,BROKEN HILL (GLEN LYON),-31.883,142.5,NSW,,9648,0,0.0,2000-01-01,2026-05-31
47011,HUONVILLE,-32.1,141.6,NSW,,9648,0,0.0,2000-01-01,2026-05-31
47013,POONCARIE (KARPA KORA STATION),-32.967,143.107,NSW,,9648,9480,98.3,2000-01-01,2026-05-31
47014,BROKEN HILL (KARS),-32.221,142.03,NSW,,9648,4282,44.4,2000-01-01,2026-05-31
47015,KINCHEGA,-32.45,142.4,NSW,,9648,0,0.0,2000-01-01,2026-05-31
47016,LAKE VICTORIA STORAGE,-34.044,141.268,NSW,,9648,9635,99.9,2000-01-01,2026-05-31
47017,LAKE VICTORIA (CAL-LAL),-34.083,141.183,NSW,,9648,0,0.0,2000-01-01,2026-05-31
47018,POONCARIE (TOP HUT),-33.669,142.937,NSW,,9648,1935,20.1,2000-01-01,2026-05-31
47019,MENINDEE POST OFFICE,-32.394,142.417,NSW,,9648,9621,99.7,2000-01-01,2026-05-31
47020,POONCARIE (MOORARA),-33.216,142.387,NSW,,9648,3648,37.8,2000-01-01,2026-05-31
47021,MOORNA,-34.133,141.6,NSW,,9648,0,0.0,2000-01-01,2026-05-31
47022,IVANHOE (MT MANARA),-32.476,143.94,NSW,,9648,9554,99.0,2000-01-01,2026-05-31
47023,MULCULCA,-32.133,141.667,NSW,,9648,0,0.0,2000-01-01,2026-05-31
47024,POONCARIE (MULURULU STATION),-33.339,143.399,NSW,,9648,5586,57.9,2000-01-01,2026-05-31
47025,KINALUNG (MUNKA),-32.064,141.893,NSW,,9648,0,0.0,2000-01-01,2026-05-31
47027,NETLEY,-32.583,141.45,NSW,,9648,0,0.0,2000-01-01,2026-05-31
47028,LAKE VICTORIA (NULLA),-33.822,141.357,NSW,,9648,1833,19.0,2000-01-01,2026-05-31
47029,POONCARIE MAIL AGENCY,-33.386,142.57,NSW,,9648,9363,97.0,2000-01-01,2026-05-31
47030,SILVERTON POST OFFICE,-31.883,141.217,NSW,,9648,0,0.0,2000-01-01,2026-05-31
47031,BROKEN HILL (STEPHENS CREEK RESERVOIR),-31.88,141.593,NSW,,9648,7505,77.8,2000-01-01,2026-05-31
47032,POONCARIE (STUDLEY),-33.7,142.35,NSW,,9648,0,0.0,2000-01-01,2026-05-31
47033,POONCARIE (TARCOOLA),-33.427,142.572,NSW,,9648,9383,97.3,2000-01-01,2026-05-31
47034,TERYAWYNIA,-32.2,143.6,NSW,,9648,0,0.0,2000-01-01,2026-05-31
47035,THACKARINGA,-32.0,141.1,NSW,,9648,0,0.0,2000-01-01,2026-05-31
47036,WILCANNIA (BURNDOO ESTATE),-32.067,143.65,NSW,,9648,0,0.0,2000-01-01,2026-05-31
47037,BROKEN HILL (TOPAR),-31.89,141.99,NSW,,9648,2888,29.9,2000-01-01,2026-05-31
47038,TOR DOWNS,-32.967,142.067,NSW,,9648,0,0.0,2000-01-01,2026-05-31
47039,UMBERUMBERKA RESERVOIR,-31.815,141.209,NSW,,9648,6034,62.5,2000-01-01,2026-05-31
47043,MENINDEE (WEINTERIGA),-32.104,142.924,NSW,,9648,0,0.0,2000-01-01,2026-05-31
47044,POONCARIE (WILKURRA),-33.083,143.083,NSW,,9648,0,0.0,2000-01-01,2026-05-31
47045,WENTWORTH (WILLOW POINT),-33.333,141.772,NSW,,9648,7700,79.8,2000-01-01,2026-05-31
47046,WENTWORTH (WOODLANDS),-33.255,141.798,NSW,,9648,9306,96.5,2000-01-01,2026-05-31
47047,TOLARNO,-32.783,142.383,NSW,,9648,0,0.0,2000-01-01,2026-05-31
47048,BROKEN HILL AIRPORT AWS,-32.001,141.469,NSW,,9648,9512,98.6,2000-01-01,2026-05-31
47053,WENTWORTH POST OFFICE,-34.106,141.919,NSW,,9648,7468,77.4,2000-01-01,2026-05-31
47058,MENINDEE DWR DEPOT,-32.39,142.416,NSW,,9648,9431,97.8,2000-01-01,2026-05-31
47060,SILISTRIA,-32.0,142.217,NSW,,9648,0,0.0,2000-01-01,2026-05-31
47062,BROKEN HILL (BUCKALOW),-32.657,141.238,NSW,,9648,4654,48.2,2000-01-01,2026-05-31
47064,HENLEY WOOLSHED,-32.2,142.75,NSW,,9648,0,0.0,2000-01-01,2026-05-31
47069,ROCHDALE,-32.25,142.7,NSW,,9648,0,0.0,2000-01-01,2026-05-31
47089,WENTWORTH (TARAWI),-33.44,141.157,NSW,,9648,4639,48.1,2000-01-01,2026-05-31
47093,WENTWORTH (BURTUNDY),-33.749,142.22,NSW,,9648,8794,91.1,2000-01-01,2026-05-31
47099,WENTWORTH (TOORA),-33.715,141.718,NSW,,9648,5932,61.5,2000-01-01,2026-05-31
47102,BROKEN HILL RFDS,-31.933,141.533,NSW,,9648,0,0.0,2000-01-01,2026-05-31
48000,BREWARRINA ABORIGINAL STATION,-30.0,147.0,NSW,,9648,0,0.0,2000-01-01,2026-05-31
48001,NEW ANGLEDOOL TELEPHONE OFFICE,-29.1,147.9,NSW,,9648,0,0.0,2000-01-01,2026-05-31
48003,BANGATE,-29.267,147.767,NSW,,9648,0,0.0,2000-01-01,2026-05-31
48004,BARRINGUN,-29.013,145.713,NSW,,9648,4546,47.1,2000-01-01,2026-05-31
48005,LOUTH (BELAH),-30.558,145.595,NSW,,9648,0,0.0,2000-01-01,2026-05-31
48006,ENNGONIA (BELALIE),-29.158,145.807,NSW,,9648,8895,92.2,2000-01-01,2026-05-31
48008,BOMALLI,-29.433,147.55,NSW,,9648,0,0.0,2000-01-01,2026-05-31
48009,CARINDA (BOOROOMA),-30.105,147.465,NSW,,9648,0,0.0,2000-01-01,2026-05-31
48011,GIRILAMBONE (BOOROOMUGGA),-31.308,146.439,NSW,,9648,5800,60.1,2000-01-01,2026-05-31
48013,BOURKE POST OFFICE,-30.092,145.936,NSW,,9648,0,0.0,2000-01-01,2026-05-31
48014,GOODOOGA (BRENDA),-29.03,147.313,NSW,,9648,7199,74.6,2000-01-01,2026-05-31
48015,BREWARRINA HOSPITAL,-29.961,146.865,NSW,,9648,9390,97.3,2000-01-01,2026-05-31
48016,YANTABULLA (BRINDINGABBA),-29.083,144.9,NSW,,9648,0,0.0,2000-01-01,2026-05-31
48017,BULGOO,-31.8,145.6,NSW,,9648,0,0.0,2000-01-01,2026-05-31
48019,BUNGHILL TANK,-29.767,147.783,NSW,,9648,0,0.0,2000-01-01,2026-05-31
48021,BYROCK POST OFFICE,-30.66,146.406,NSW,,9648,2545,26.4,2000-01-01,2026-05-31
48022,MUNGINDI (CAMBO CAMBO),-29.081,148.6,NSW,,9648,2649,27.5,2000-01-01,2026-05-31
48023,CANBELEGO THE HERMITAGE,-31.6,146.367,NSW,,9648,0,0.0,2000-01-01,2026-05-31
48024,CANBELEGO POST OFFICE,-31.557,146.322,NSW,,9648,0,0.0,2000-01-01,2026-05-31
48025,WEILMORINGLE (CARINGLE),-29.351,146.813,NSW,,9648,9599,99.5,2000-01-01,2026-05-31
48027,COBAR MO,-31.484,145.829,NSW,,9648,9614,99.6,2000-01-01,2026-05-31
48028,CHARLTON,-30.25,146.7,NSW,,9648,0,0.0,2000-01-01,2026-05-31
48029,CLOVER CREEK,-30.45,145.3,NSW,,9648,0,0.0,2000-01-01,2026-05-31
48030,COBAR POST OFFICE,-31.5,145.8,NSW,,9648,0,0.0,2000-01-01,2026-05-31
48031,COLLARENEBRI (ALBERT ST),-29.541,148.582,NSW,,9648,8707,90.2,2000-01-01,2026-05-31
48032,COLLERINA (CORRELLA),-29.633,146.417,NSW,,9648,0,0.0,2000-01-01,2026-05-31
48033,CURRAWEENA,-30.8,145.9,NSW,,9648,0,0.0,2000-01-01,2026-05-31
48035,DUMBLE,-29.2,147.4,NSW,,9648,0,0.0,2000-01-01,2026-05-31
48036,WALGETT (DUNGALEAR),-29.664,148.115,NSW,,9648,4180,43.3,2000-01-01,2026-05-31
48037,DUNLOP,-30.633,145.017,NSW,,9648,0,0.0,2000-01-01,2026-05-31
48038,COLLARENEBRI (DUNUMBRAL),-29.448,148.25,NSW,,9648,8355,86.6,2000-01-01,2026-05-31
48039,ENNGONIA (SHEARER STREET),-29.317,145.847,NSW,,9648,5646,58.5,2000-01-01,2026-05-31
48040,EULALIE,-29.1,148.7,NSW,,9648,0,0.0,2000-01-01,2026-05-31
48042,FORDS BRIDGE,-29.753,145.427,NSW,,9648,3189,33.1,2000-01-01,2026-05-31
48043,GAMALALLY,-29.4,148.4,NSW,,9648,0,0.0,2000-01-01,2026-05-31
48044,GNOMERY,-29.167,147.267,NSW,,9648,0,0.0,2000-01-01,2026-05-31
48045,GONGOLGON POST OFFICE,-30.35,146.9,NSW,,9648,0,0.0,2000-01-01,2026-05-31
48046,GOODOOGA POST OFFICE,-29.114,147.454,NSW,,9648,5339,55.3,2000-01-01,2026-05-31
48047,COLLARENEBRI (GOONDOOBLUIE),-29.151,148.625,NSW,,9648,9238,95.8,2000-01-01,2026-05-31
48048,LIGHTNING RIDGE (GUISELEY),-29.75,147.917,NSW,,9648,0,0.0,2000-01-01,2026-05-31
48049,BOURKE (YANDA),-30.345,145.576,NSW,,9648,1967,20.4,2000-01-01,2026-05-31
48051,KALLARA,-30.9,144.5,NSW,,9648,0,0.0,2000-01-01,2026-05-31
48052,COLLERINA (KENEBREE),-29.77,146.516,NSW,,9648,6146,63.7,2000-01-01,2026-05-31
48053,COBAR (LERIDA),-31.698,145.704,NSW,,9648,2456,25.5,2000-01-01,2026-05-31
48054,LIGHTNING RIDGE POST OFFICE,-29.428,147.981,NSW,,9648,4590,47.6,2000-01-01,2026-05-31
48055,LILA LOWER,-29.7,145.6,NSW,,9648,0,0.0,2000-01-01,2026-05-31
48057,LOUTH (BLOXHAM STREET),-30.536,145.116,NSW,,9648,4078,42.3,2000-01-01,2026-05-31
48058,MASCOT,-29.367,145.217,NSW,,9648,0,0.0,2000-01-01,2026-05-31
48059,COBAR (MERYULA),-31.605,146.058,NSW,,9648,0,0.0,2000-01-01,2026-05-31
48060,MILROY,-29.6,146.7,NSW,,9648,0,0.0,2000-01-01,2026-05-31
48061,GOODOOGA (MOGILA),-29.048,147.506,NSW,,9648,2669,27.7,2000-01-01,2026-05-31
48062,TALYEALYE,-29.117,144.383,NSW,,9648,0,0.0,2000-01-01,2026-05-31
48063,M.R.A.,-30.7,147.0,NSW,,9648,0,0.0,2000-01-01,2026-05-31
48064,COOLABAH (BRANGLEBAR),-30.641,147.085,NSW,,9648,5233,54.2,2000-01-01,2026-05-31
48065,MURRAWOMBI,-31.1,147.1,NSW,,9648,0,0.0,2000-01-01,2026-05-31
48068,QUANTAMBONE,-29.9,146.9,NSW,,9648,0,0.0,2000-01-01,2026-05-31
48069,ROSE ISLE,-30.417,145.35,NSW,,9648,0,0.0,2000-01-01,2026-05-31
48070,SPRINGFIELD GOVERNMENT TANK,-31.533,145.433,NSW,,9648,0,0.0,2000-01-01,2026-05-31
48071,SUSSEX,-31.4,146.3,NSW,,9648,0,0.0,2000-01-01,2026-05-31
48072,BREWARRINA (TALAWANTA),-29.521,146.949,NSW,,9648,4678,48.5,2000-01-01,2026-05-31
48073,COBAR (THE MEADOWS),-31.711,145.276,NSW,,9648,4098,42.5,2000-01-01,2026-05-31
48074,TILPA (TONGO ROAD),-30.937,144.416,NSW,,9648,5877,60.9,2000-01-01,2026-05-31
48075,COBAR (TINDAREY),-31.123,145.832,NSW,,9648,6710,69.5,2000-01-01,2026-05-31
48076,EAST TOORALE (TOORALE STATION),-30.283,145.383,NSW,,9648,0,0.0,2000-01-01,2026-05-31
48077,TOORANG,-30.15,146.683,NSW,,9648,0,0.0,2000-01-01,2026-05-31
48078,TOULBY,-29.0,147.0,NSW,,9648,0,0.0,2000-01-01,2026-05-31
48079,WANAARING POST OFFICE,-29.703,144.148,NSW,,9648,9331,96.7,2000-01-01,2026-05-31
48080,WAPWEELAH,-29.2,145.6,NSW,,9648,0,0.0,2000-01-01,2026-05-31
48081,WARRAWEENA,-29.933,146.233,NSW,,9648,0,0.0,2000-01-01,2026-05-31
48082,WEILMORINGLE,-29.252,146.919,NSW,,9648,3688,38.2,2000-01-01,2026-05-31
48083,WILBERTREE 2,-30.3,146.7,NSW,,9648,0,0.0,2000-01-01,2026-05-31
48084,GOODOOGA (WILLAWILLINGBAH),-29.419,147.348,NSW,,9648,2070,21.5,2000-01-01,2026-05-31
48086,WINBAR,-30.65,144.95,NSW,,9648,0,0.0,2000-01-01,2026-05-31
48087,YANTABULLA STATION,-29.342,145.003,NSW,,9648,2904,30.1,2000-01-01,2026-05-31
48091,CORONGA PEAK,-30.73,146.25,NSW,,9648,0,0.0,2000-01-01,2026-05-31
48092,GLENARIFF,-30.8,146.6,NSW,,9648,0,0.0,2000-01-01,2026-05-31
48095,COOLABAH (TARA),-30.946,146.159,NSW,,9648,6504,67.4,2000-01-01,2026-05-31
48100,LEDKNAPPER TANK,-29.5,146.3,NSW,,9648,0,0.0,2000-01-01,2026-05-31
48104,MUCKERAWA,-29.3,147.4,NSW,,9648,0,0.0,2000-01-01,2026-05-31
48112,PARRAGUNDY,-29.0,144.8,NSW,,9648,0,0.0,2000-01-01,2026-05-31
48115,COBAR (TAMBUA),-31.424,145.254,NSW,,9648,8927,92.5,2000-01-01,2026-05-31
48124,WILKIE,-29.883,147.667,NSW,,9648,0,0.0,2000-01-01,2026-05-31
48125,WILLAMURRA,-30.7,147.033,NSW,,9648,0,0.0,2000-01-01,2026-05-31
48133,BOURKE (BEEMERY),-29.95,146.433,NSW,,9648,0,0.0,2000-01-01,2026-05-31
48137,BOURKE NORTH,-30.1,146.0,NSW,,9648,0,0.0,2000-01-01,2026-05-31
48143,COOLABAH POST OFFICE,-31.028,146.712,NSW,,9648,2020,20.9,2000-01-01,2026-05-31
48155,FORT BOURKE,-30.083,145.867,NSW,,9648,0,0.0,2000-01-01,2026-05-31
48161,KENILWORTH,-30.6,146.2,NSW,,9648,0,0.0,2000-01-01,2026-05-31
48162,COBAR (KERGUNYAH),-31.167,146.133,NSW,,9648,0,0.0,2000-01-01,2026-05-31
48168,ANGLEDOOL (ANGLEDOOL STATION),-29.117,147.899,NSW,,9648,9631,99.8,2000-01-01,2026-05-31
48176,BREWARRINA (YAPPALEE),-29.974,147.049,NSW,,9648,7696,79.8,2000-01-01,2026-05-31
48194,FORDS BRIDGE (DELTA),-30.084,145.288,NSW,,9648,6352,65.8,2000-01-01,2026-05-31
48198,COBAR WATER STORAGE,-31.462,145.791,NSW,,9648,5457,56.6,2000-01-01,2026-05-31
48200,WANAARING (MOORLAND DOWNS),-29.44,144.392,NSW,,9648,6007,62.3,2000-01-01,2026-05-31
48237,COBAR AIRPORT AWS,-31.539,145.796,NSW,,9648,9514,98.6,2000-01-01,2026-05-31
48243,LIGHTNING RIDGE VISITOR INFORMATION CENT,-29.431,147.972,NSW,,9648,9577,99.3,2000-01-01,2026-05-31
48245,BOURKE AIRPORT AWS,-30.036,145.952,NSW,,9648,9279,96.2,2000-01-01,2026-05-31
49000,IVANHOE AERODROME AWS,-32.883,144.309,NSW,,9648,9380,97.2,2000-01-01,2026-05-31
49002,BALRANALD (RSL),-34.64,143.561,NSW,,9648,9329,96.7,2000-01-01,2026-05-31
49003,IVANHOE (BONUNA),-32.667,144.25,NSW,,9648,0,0.0,2000-01-01,2026-05-31
49004,EUABALONG (BOOBEROI),-33.08,146.573,NSW,,9648,5568,57.7,2000-01-01,2026-05-31
49005,MOSSGIEL (BOONDARA),-33.283,144.717,NSW,,9648,0,0.0,2000-01-01,2026-05-31
49006,BOX CREEK TANK,-34.2,143.5,NSW,,9648,0,0.0,2000-01-01,2026-05-31
49007,EUABOLONG (BROTHERONY),-33.1,146.667,NSW,,9648,0,0.0,2000-01-01,2026-05-31
49008,HATFIELD (CLARE),-33.402,143.938,NSW,,9648,7645,79.2,2000-01-01,2026-05-31
49009,COAN DOWNS,-32.717,145.783,NSW,,9648,0,0.0,2000-01-01,2026-05-31
49010,ROTO (COOMBIE),-32.827,145.358,NSW,,9648,2428,25.2,2000-01-01,2026-05-31
49011,CULPOTARO,-33.6,144.35,NSW,,9648,0,0.0,2000-01-01,2026-05-31
49012,EUABALONG (LACHLAN ST),-33.109,146.474,NSW,,9648,2747,28.5,2000-01-01,2026-05-31
49013,EUSTON POST OFFICE,-34.583,142.733,NSW,,9648,0,0.0,2000-01-01,2026-05-31
49014,EUSTON STATION,-34.6,142.7,NSW,,9648,0,0.0,2000-01-01,2026-05-31
49015,FRESHWATER,-33.5,144.2,NSW,,9648,0,0.0,2000-01-01,2026-05-31
49016,FULHAM PARK,-31.983,144.417,NSW,,9648,0,0.0,2000-01-01,2026-05-31
49017,GLEN DEE,-34.3,143.9,NSW,,9648,0,0.0,2000-01-01,2026-05-31
49018,IRISH LORDS,-32.95,144.85,NSW,,9648,0,0.0,2000-01-01,2026-05-31
49019,IVANHOE POST OFFICE,-32.9,144.299,NSW,,9648,5104,52.9,2000-01-01,2026-05-31
49020,JUANBUNG,-34.2,143.917,NSW,,9648,0,0.0,2000-01-01,2026-05-31
49021,IVANHOE (WOKABITY),-33.044,144.235,NSW,,9648,2705,28.0,2000-01-01,2026-05-31
49023,EUSTON ( BENINGTON),-34.452,142.911,NSW,,9648,8513,88.2,2000-01-01,2026-05-31
49024,MAGENTA,-33.9,143.55,NSW,,9648,0,0.0,2000-01-01,2026-05-31
49025,MANFRED,-33.317,143.767,NSW,,9648,0,0.0,2000-01-01,2026-05-31
49026,MEILMAN,-34.6,142.9,NSW,,9648,0,0.0,2000-01-01,2026-05-31
49027,ROTO (MERIMERRIWA TANK),-32.783,145.55,NSW,,9648,0,0.0,2000-01-01,2026-05-31
49028,MERROWIE NORTH,-33.383,145.533,NSW,,9648,0,0.0,2000-01-01,2026-05-31
49029,MOSSGIEL (MOOLBONG),-33.35,144.933,NSW,,9648,0,0.0,2000-01-01,2026-05-31
49030,NYMAGEE (PYRAMID),-32.209,146.395,NSW,,9648,1366,14.2,2000-01-01,2026-05-31
49031,MOSSGIEL POST OFFICE,-33.25,144.567,NSW,,9648,0,0.0,2000-01-01,2026-05-31
49032,MOUNT HOPE (CYPRESS GROVE),-32.834,145.877,NSW,,9648,2829,29.3,2000-01-01,2026-05-31
49033,TRIDA (MURRUMBONG),-32.933,144.933,NSW,,9648,0,0.0,2000-01-01,2026-05-31
49035,NATUE,-33.8,144.7,NSW,,9648,0,0.0,2000-01-01,2026-05-31
49036,NYMAGEE (KENMURE STATION),-32.064,146.319,NSW,,9648,2190,22.7,2000-01-01,2026-05-31
49037,COBAR (PADDINGTON),-32.137,145.042,NSW,,9648,0,0.0,2000-01-01,2026-05-31
49038,PAIKA,-34.5,143.6,NSW,,9648,0,0.0,2000-01-01,2026-05-31
49039,RAVENSFIELD,-33.6,144.5,NSW,,9648,0,0.0,2000-01-01,2026-05-31
49041,ROTO STATION,-33.2,145.5,NSW,,9648,0,0.0,2000-01-01,2026-05-31
49042,ST ANDREWS,-33.6,144.5,NSW,,9648,0,0.0,2000-01-01,2026-05-31
49043,SANDY CREEK TANK,-32.2,146.0,NSW,,9648,0,0.0,2000-01-01,2026-05-31
49044,SHEARLEYS TANK,-31.9,146.0,NSW,,9648,0,0.0,2000-01-01,2026-05-31
49045,EUSTON (SUNNYSIDE),-34.559,143.075,NSW,,9648,9075,94.1,2000-01-01,2026-05-31
49047,HATFIELD (THE VALE),-33.692,143.803,NSW,,9648,4948,51.3,2000-01-01,2026-05-31
49048,BALRANALD (TILLARA),-34.652,143.049,NSW,,9648,3976,41.2,2000-01-01,2026-05-31
49049,HATFIELD (BENILKIE),-33.727,144.018,NSW,,9648,8078,83.7,2000-01-01,2026-05-31
49050,TIN TIN,-34.5,143.6,NSW,,9648,0,0.0,2000-01-01,2026-05-31
49052,TRIDA (COGIE),-33.0,145.05,NSW,,9648,0,0.0,2000-01-01,2026-05-31
49053,OXLEY (TUPRA),-34.217,144.167,NSW,,9648,0,0.0,2000-01-01,2026-05-31
49054,VIETA,-33.4,145.1,NSW,,9648,0,0.0,2000-01-01,2026-05-31
49055,OXLEY (WALMER DOWNS),-34.195,143.792,NSW,,9648,9464,98.1,2000-01-01,2026-05-31
49056,TRIDA (WILLANDRA NATIONAL PARK),-33.198,145.122,NSW,,9648,3884,40.3,2000-01-01,2026-05-31
49057,COBAR (TARINGO DOWNS),-32.241,145.553,NSW,,9648,7903,81.9,2000-01-01,2026-05-31
49058,YATHONG,-32.65,145.6,NSW,,9648,0,0.0,2000-01-01,2026-05-31
49059,YOUHL PLAIN TANK,-33.95,143.7,NSW,,9648,0,0.0,2000-01-01,2026-05-31
49060,EREMERAN,-32.5,146.4,NSW,,9648,0,0.0,2000-01-01,2026-05-31
49063,IVANHOE (KILFERA),-33.052,144.144,NSW,,9648,6478,67.1,2000-01-01,2026-05-31
49072,JUMPING SAND HILL WELL,-33.5,144.7,NSW,,9648,0,0.0,2000-01-01,2026-05-31
49074,MARFIELD,-32.5,144.2,NSW,,9648,0,0.0,2000-01-01,2026-05-31
49075,MERUNGLE,-33.7,145.0,NSW,,9648,0,0.0,2000-01-01,2026-05-31
49076,NIMAGEE,-32.0,146.2,NSW,,9648,0,0.0,2000-01-01,2026-05-31
49080,NYMAGEE (WIRCHILLEBA),-32.5,146.1,NSW,,9648,0,0.0,2000-01-01,2026-05-31
49081,MOORAL,-33.583,145.317,NSW,,9648,0,0.0,2000-01-01,2026-05-31
49086,GILGUNNIA,-32.383,146.033,NSW,,9648,0,0.0,2000-01-01,2026-05-31
49103,IVANHOE (BADEN PARK),-32.17,144.201,NSW,,9648,9482,98.3,2000-01-01,2026-05-31
49105,NYMAGEE (BURTHONG),-32.519,146.282,NSW,,9648,9455,98.0,2000-01-01,2026-05-31
49110,EUSTON (PRUNGLE),-34.243,142.995,NSW,,9648,8035,83.3,2000-01-01,2026-05-31
49111,EUSTON (TURLEE),-33.945,143.053,NSW,,9648,4338,45.0,2000-01-01,2026-05-31
49117,NYMAGEE (BALOWRA),-32.248,146.486,NSW,,9648,9344,96.8,2000-01-01,2026-05-31
49118,BOOLIGAL (TOMS LAKE),-33.707,144.767,NSW,,9648,7380,76.5,2000-01-01,2026-05-31
50000,NARROMINE (ALAGALA OLD),-32.3,147.7,NSW,,9648,0,0.0,2000-01-01,2026-05-31
50002,GOONUMBLA (AVONDALE),-32.917,148.093,NSW,,9648,6043,62.6,2000-01-01,2026-05-31
50004,BOGAN GATE POST OFFICE,-33.107,147.801,NSW,,9648,4091,42.4,2000-01-01,2026-05-31
50005,BOLAGAMY,-33.8,146.967,NSW,,9648,0,0.0,2000-01-01,2026-05-31
50007,CONDOBOLIN (BORAMBIL PARK),-33.162,147.285,NSW,,9648,3202,33.2,2000-01-01,2026-05-31
50008,PEAK HILL (BRUIE PLAINS),-32.775,147.862,NSW,,9648,8707,90.2,2000-01-01,2026-05-31
50009,BULGANDRAMINE,-32.6,148.1,NSW,,9648,0,0.0,2000-01-01,2026-05-31
50010,BURCHER POST OFFICE,-33.516,147.254,NSW,,9648,9092,94.2,2000-01-01,2026-05-31
50011,TOTTENHAM (BURDENDA),-32.127,147.407,NSW,,9648,9375,97.2,2000-01-01,2026-05-31
50012,BURRA BURRA,-32.65,147.4,NSW,,9648,0,0.0,2000-01-01,2026-05-31
50013,CONDOBOLIN (RINGWOOD),-32.9,147.1,NSW,,9648,0,0.0,2000-01-01,2026-05-31
50014,CONDOBOLIN RETIREMENT VILLAGE,-33.082,147.152,NSW,,9648,7641,79.2,2000-01-01,2026-05-31
50015,COOKEYS PLAINS,-33.05,147.7,NSW,,9648,0,0.0,2000-01-01,2026-05-31
50016,GOONUMBLA (CORADGERY),-32.974,148.063,NSW,,9648,8274,85.8,2000-01-01,2026-05-31
50017,WEST WYALONG AIRPORT AWS,-33.938,147.196,NSW,,9648,9578,99.3,2000-01-01,2026-05-31
50018,DANDALOO (KELVIN),-32.288,147.667,NSW,,9648,8626,89.4,2000-01-01,2026-05-31
50020,WARROO (GEERON),-33.288,147.536,NSW,,9648,9275,96.1,2000-01-01,2026-05-31
50022,LAKE COWAL,-33.7,147.4,NSW,,9648,0,0.0,2000-01-01,2026-05-31
50023,MELROSE PLAINS,-32.65,147.0,NSW,,9648,0,0.0,2000-01-01,2026-05-31
50024,TOTTENHAM (MOIRA VALE),-32.25,147.117,NSW,,9648,0,0.0,2000-01-01,2026-05-31
50025,MOUNT DERRIWONG,-33.0,147.4,NSW,,9648,0,0.0,2000-01-01,2026-05-31
50026,CONDOBOLIN (MOWALBA TANK),-32.917,147.067,NSW,,9648,0,0.0,2000-01-01,2026-05-31
50028,TRUNDLE  (MURRUMBOGIE),-32.902,147.522,NSW,,9648,7044,73.0,2000-01-01,2026-05-31
50031,PEAK HILL POST OFFICE,-32.724,148.19,NSW,,9648,9291,96.3,2000-01-01,2026-05-31
50033,ALBERT (THE MEADOWS),-32.333,147.4,NSW,,9648,0,0.0,2000-01-01,2026-05-31
50034,NEVERTIRE (BEVERLEY),-32.015,147.428,NSW,,9648,6530,67.7,2000-01-01,2026-05-31
50035,TOTTENHAM (UMANG ST),-32.243,147.355,NSW,,9648,6336,65.7,2000-01-01,2026-05-31
50036,TRUNDLE (LONG ST),-32.922,147.703,NSW,,9648,8713,90.3,2000-01-01,2026-05-31
50037,TULLAMORE (KITCHENER ST),-32.635,147.567,NSW,,9648,9105,94.4,2000-01-01,2026-05-31
50038,TULLINGA,-32.8,146.8,NSW,,9648,0,0.0,2000-01-01,2026-05-31
50039,DANDALOO (TYRIE HOMESTEAD),-32.237,147.554,NSW,,9648,6768,70.1,2000-01-01,2026-05-31
50040,UNGARIE POST OFFICE,-33.639,146.974,NSW,,9648,6785,70.3,2000-01-01,2026-05-31
50043,TOTTENHAM (WOODLANDS 1),-32.2,147.35,NSW,,9648,0,0.0,2000-01-01,2026-05-31
50044,WEST WYALONG POST OFFICE,-33.924,147.205,NSW,,9648,190,2.0,2000-01-01,2026-05-31
50045,YALGOGRIN NORTH (ROLOMA),-33.847,146.827,NSW,,9648,8578,88.9,2000-01-01,2026-05-31
50046,YELLOW MOUNTAIN,-32.5,146.8,NSW,,9648,0,0.0,2000-01-01,2026-05-31
50047,TALLEBUNG (VERMONT HILL),-32.567,146.75,NSW,,9648,0,0.0,2000-01-01,2026-05-31
50048,ROSEWIN (BOONA TANK),-32.75,147.0,NSW,,9648,0,0.0,2000-01-01,2026-05-31
50049,BURRAWANG SOUTH STATION,-33.2,147.5,NSW,,9648,0,0.0,2000-01-01,2026-05-31
50052,CONDOBOLIN AG RESEARCH STN,-33.066,147.228,NSW,,9648,9362,97.0,2000-01-01,2026-05-31
50053,BOBADAH (AVOCA),-32.283,146.7,NSW,,9648,0,0.0,2000-01-01,2026-05-31
50054,CONDOBOLIN (WORRONGORRAH),-33.103,146.847,NSW,,9648,6339,65.7,2000-01-01,2026-05-31
50059,CONDOBOLIN STATION,-32.9,147.1,NSW,,9648,0,0.0,2000-01-01,2026-05-31
50072,BOBADAH (THE GLEN),-32.367,146.783,NSW,,9648,0,0.0,2000-01-01,2026-05-31
50081,WOLLONGOUGH,-33.6,147.0,NSW,,9648,0,0.0,2000-01-01,2026-05-31
50087,ADAVALE,-32.9,148.0,NSW,,9648,0,0.0,2000-01-01,2026-05-31
50102,CONDOBOLIN SOIL CONSERVATION,-33.083,147.15,NSW,,9648,0,0.0,2000-01-01,2026-05-31
50103,WEST WYALONG AIRPORT,-33.938,147.19,NSW,,9648,5917,61.3,2000-01-01,2026-05-31
50105,TRUNDLE (HUNTINGDALE),-32.898,147.782,NSW,,9648,5925,61.4,2000-01-01,2026-05-31
50108,WILMATHA (WANGANUI),-32.572,147.216,NSW,,9648,9593,99.4,2000-01-01,2026-05-31
50110,PEAK HILL (WARATAH),-32.636,148.058,NSW,,9648,9564,99.1,2000-01-01,2026-05-31
50113,DANDALOO (SKYE),-32.275,147.619,NSW,,9648,2433,25.2,2000-01-01,2026-05-31
50115,ALECTOWN (GOONAHRA),-32.857,148.258,NSW,,9648,4678,48.5,2000-01-01,2026-05-31
50117,ALECTOWN (BRIDGEWATER),-32.895,148.281,NSW,,9648,9280,96.2,2000-01-01,2026-05-31
50119,ALECTOWN (VANVILLA),-32.937,148.245,NSW,,9648,7860,81.5,2000-01-01,2026-05-31
50137,CONDOBOLIN AIRPORT AWS,-33.068,147.213,NSW,,9648,9570,99.2,2000-01-01,2026-05-31
51001,COONAMBLE (NARDOO),-30.809,148.228,NSW,,9648,2247,23.3,2000-01-01,2026-05-31
51002,BELARINGAR STATION,-31.783,147.6,NSW,,9648,0,0.0,2000-01-01,2026-05-31
51003,BOX COWELL,-31.6,147.4,NSW,,9648,0,0.0,2000-01-01,2026-05-31
51004,TRANGIE (OLD BUNDEMAR),-31.809,148.158,NSW,,9648,5639,58.4,2000-01-01,2026-05-31
51005,NARROMINE (MUMBLE PEG),-32.065,148.235,NSW,,9648,5602,58.1,2000-01-01,2026-05-31
51006,WARREN (BUTTABONE),-31.358,147.587,NSW,,9648,6016,62.4,2000-01-01,2026-05-31
51007,CARINDA POST OFFICE,-30.463,147.691,NSW,,9648,3641,37.7,2000-01-01,2026-05-31
51008,WYANGA (QUAMBI),-32.458,148.149,NSW,,9648,9377,97.2,2000-01-01,2026-05-31
51009,COMBOGOLONG,-30.4,148.15,NSW,,9648,0,0.0,2000-01-01,2026-05-31
51010,COONAMBLE COMPARISON,-30.975,148.381,NSW,,9648,3918,40.6,2000-01-01,2026-05-31
51012,EDITHVILLE,-31.9,148.1,NSW,,9648,0,0.0,2000-01-01,2026-05-31
51013,WARREN (EENAWEENA),-31.515,147.55,NSW,,9648,0,0.0,2000-01-01,2026-05-31
51014,GULARGAMBONE (EMBY),-31.125,148.038,NSW,,9648,3106,32.2,2000-01-01,2026-05-31
51015,WALGETT (EUROKA),-30.2,148.15,NSW,,9648,0,0.0,2000-01-01,2026-05-31
51016,NYNGAN (FAIRVIEW),-31.438,147.278,NSW,,9648,4883,50.6,2000-01-01,2026-05-31
51017,HERMIDALE (GILGAI),-31.781,146.64,NSW,,9648,631,6.5,2000-01-01,2026-05-31
51018,GILGANDRA (CHELMSFORD AVE),-31.705,148.663,NSW,,9648,8998,93.3,2000-01-01,2026-05-31
51019,GILGOIN,-30.3,147.2,NSW,,9648,0,0.0,2000-01-01,2026-05-31
51020,GIRILAMBONE (AMPOL),-31.251,146.904,NSW,,9648,2147,22.3,2000-01-01,2026-05-31
51022,GULARGAMBONE (YALCOGRIN ST),-31.333,148.471,NSW,,9648,5065,52.5,2000-01-01,2026-05-31
51023,SUMMERVALE (GUNDAUR),-31.433,147.0,NSW,,9648,0,0.0,2000-01-01,2026-05-31
51024,GUNNINGBAR,-31.683,147.65,NSW,,9648,0,0.0,2000-01-01,2026-05-31
51025,WARREN (HADDON RIG),-31.457,147.882,NSW,,9648,5622,58.3,2000-01-01,2026-05-31
51026,HERMIDALE TANK,-31.563,146.718,NSW,,9648,8657,89.7,2000-01-01,2026-05-31
51028,NYNGAN (KALUGA),-31.517,147.383,NSW,,9648,0,0.0,2000-01-01,2026-05-31
51029,NYNGAN (MERRYANBONE),-31.433,147.433,NSW,,9648,0,0.0,2000-01-01,2026-05-31
51030,MIANDETTA (TYRONE),-31.603,146.944,NSW,,9648,2495,25.9,2000-01-01,2026-05-31
51031,NYNGAN (CANONBAR),-31.64,147.316,NSW,,9648,7180,74.4,2000-01-01,2026-05-31
51032,MOUNT TENANDRA,-31.2,148.7,NSW,,9648,0,0.0,2000-01-01,2026-05-31
51033,NYNGAN (MUDALL),-31.858,147.134,NSW,,9648,8848,91.7,2000-01-01,2026-05-31
51034,WARREN (MUMBLEBONE),-31.499,147.686,NSW,,9648,9545,98.9,2000-01-01,2026-05-31
51035,MUNGERIBAR,-32.15,148.1,NSW,,9648,0,0.0,2000-01-01,2026-05-31
51036,MURIEL TANK,-31.6,146.6,NSW,,9648,0,0.0,2000-01-01,2026-05-31
51037,NARROMINE (ALAGALAH ST),-32.244,148.245,NSW,,9648,4985,51.7,2000-01-01,2026-05-31
51038,NEVERTIRE (CLYDE ST),-31.835,147.719,NSW,,9648,9523,98.7,2000-01-01,2026-05-31
51039,NYNGAN AIRPORT,-31.549,147.196,NSW,,9648,8173,84.7,2000-01-01,2026-05-31
51040,COONAMBLE (PIER PIER),-30.65,147.967,NSW,,9648,0,0.0,2000-01-01,2026-05-31
51041,QUABATHOO,-30.6,147.8,NSW,,9648,0,0.0,2000-01-01,2026-05-31
51042,QUAMBONE STATION,-30.925,147.869,NSW,,9648,9513,98.6,2000-01-01,2026-05-31
51043,QUAMBONE (OXLEY),-31.026,147.701,NSW,,9648,3377,35.0,2000-01-01,2026-05-31
51044,QUAMBONE (SANDY CAMP),-30.871,147.746,NSW,,9648,5960,61.8,2000-01-01,2026-05-31
51045,TERIDGERIE POST OFFICE,-30.883,148.85,NSW,,9648,0,0.0,2000-01-01,2026-05-31
51046,THE GINGHET,-30.5,147.3,NSW,,9648,0,0.0,2000-01-01,2026-05-31
51047,TOORA,-30.7,148.0,NSW,,9648,0,0.0,2000-01-01,2026-05-31
51050,URAWILKIE,-30.8,148.7,NSW,,9648,0,0.0,2000-01-01,2026-05-31
51051,GILGANDRA (BERIDA),-31.65,148.45,NSW,,9648,0,0.0,2000-01-01,2026-05-31
51052,WARRUMBUNGLE (WALLA WALLA),-31.165,148.642,NSW,,9648,0,0.0,2000-01-01,2026-05-31
51053,COONAMBLE (WARRANA),-31.0,148.433,NSW,,9648,0,0.0,2000-01-01,2026-05-31
51054,WARREN (FRAWLEY ST),-31.698,147.835,NSW,,9648,5531,57.3,2000-01-01,2026-05-31
51055,CARINA (WILGA PARK),-30.383,147.967,NSW,,9648,0,0.0,2000-01-01,2026-05-31
51056,COONAMBLE (WINGADEE),-30.583,148.317,NSW,,9648,0,0.0,2000-01-01,2026-05-31
51057,MARRA CREEK (WOMBOIN),-30.7,147.223,NSW,,9648,7411,76.8,2000-01-01,2026-05-31
51058,BREWON,-30.2,147.5,NSW,,9648,0,0.0,2000-01-01,2026-05-31
51059,WARRUMBUNGLE POST OFFICE,-31.25,148.8,NSW,,9648,0,0.0,2000-01-01,2026-05-31
51061,COLANE,-31.25,147.2,NSW,,9648,0,0.0,2000-01-01,2026-05-31
51063,MULLENGUDGERY,-31.7,147.4,NSW,,9648,0,0.0,2000-01-01,2026-05-31
51066,EUMUNGERIE POST OFFICE,-31.949,148.618,NSW,,9648,9592,99.4,2000-01-01,2026-05-31
51072,QUAMBONE (CARWELL),-31.023,147.903,NSW,,9648,3372,35.0,2000-01-01,2026-05-31
51085,NEVERTIRE (HEATHERBRAE),-31.857,147.655,NSW,,9648,3301,34.2,2000-01-01,2026-05-31
51088,WARRUMBUNGLE (CHEDDINGTON),-31.263,148.867,NSW,,9648,6209,64.4,2000-01-01,2026-05-31
51101,WILGAR DOWNS,-30.3,147.9,NSW,,9648,0,0.0,2000-01-01,2026-05-31
51102,WARREN (WOODSIDE),-31.4,148.1,NSW,,9648,0,0.0,2000-01-01,2026-05-31
51114,LOHN (WARRIGAL),-31.6,147.417,NSW,,9648,0,0.0,2000-01-01,2026-05-31
51115,NARROMINE AIRPORT,-32.223,148.229,NSW,,9648,735,7.6,2000-01-01,2026-05-31
51121,COONAMBLE (MYALL DOWNS),-30.767,148.742,NSW,,9648,5645,58.5,2000-01-01,2026-05-31
51122,CURBAN (ERCILDOUNE),-31.556,148.598,NSW,,9648,9525,98.7,2000-01-01,2026-05-31
51124,WARREN (AUSCOTT),-31.783,147.767,NSW,,9648,0,0.0,2000-01-01,2026-05-31
51133,WARRUMBUNGLE (MIAGUNYAH),-31.229,148.886,NSW,,9648,9290,96.3,2000-01-01,2026-05-31
51161,COONAMBLE AIRPORT AWS,-30.978,148.38,NSW,,9648,9563,99.1,2000-01-01,2026-05-31
52000,MUNGINDI (WILGABAH),-29.245,148.852,NSW,,9648,3195,33.1,2000-01-01,2026-05-31
52001,BURREN JUNCTION (HASTINGS STREET),-30.102,148.965,NSW,,9648,5822,60.3,2000-01-01,2026-05-31
52002,ROWENA (IFFLEY),-29.651,148.933,NSW,,9648,0,0.0,2000-01-01,2026-05-31
52003,CRYON (KOOTHNEY),-29.958,148.469,NSW,,9648,9349,96.9,2000-01-01,2026-05-31
52004,BOOMI (BARWON ST),-28.724,149.576,NSW,,9648,5616,58.2,2000-01-01,2026-05-31
52005,BRANXTON 2,-29.75,148.8,NSW,,9648,0,0.0,2000-01-01,2026-05-31
52007,COME BY CHANCE (BUNGLE GULLY),-30.333,148.467,NSW,,9648,0,0.0,2000-01-01,2026-05-31
52008,ROWENA (BUNNA BUNNA),-29.797,149.196,NSW,,9648,4201,43.5,2000-01-01,2026-05-31
52010,WEEMELAH (CRINOLYN),-29.253,149.121,NSW,,9648,4681,48.5,2000-01-01,2026-05-31
52011,CUBBAROO,-30.2,149.1,NSW,,9648,0,0.0,2000-01-01,2026-05-31
52013,POKATAROO (DURHAMBONE),-29.583,148.683,NSW,,9648,0,0.0,2000-01-01,2026-05-31
52015,WALGETT (GOANGRA),-30.217,148.333,NSW,,9648,0,0.0,2000-01-01,2026-05-31
52016,GWABEGAR POST OFFICE,-30.609,148.972,NSW,,9648,9495,98.4,2000-01-01,2026-05-31
52017,GARAH (BENGERANG),-29.08,149.506,NSW,,9648,4145,43.0,2000-01-01,2026-05-31
52018,MERCADOOL,-29.8,148.35,NSW,,9648,0,0.0,2000-01-01,2026-05-31
52019,MOGIL MOGIL (BENIMORA),-29.354,148.69,NSW,,9648,6907,71.6,2000-01-01,2026-05-31
52020,MUNGINDI POST OFFICE,-28.979,148.99,NSW,,9648,9605,99.6,2000-01-01,2026-05-31
52021,ROWENA (BUNGARA),-29.845,149.005,NSW,,9648,6114,63.4,2000-01-01,2026-05-31
52022,MERRYWINBONE (OREEL),-29.667,148.817,NSW,,9648,0,0.0,2000-01-01,2026-05-31
52023,PILLIGA POST OFFICE,-30.352,148.884,NSW,,9648,9560,99.1,2000-01-01,2026-05-31
52025,THE WILGAS,-29.7,148.5,NSW,,9648,0,0.0,2000-01-01,2026-05-31
52026,WALGETT COUNCIL DEPOT,-30.024,148.122,NSW,,9648,7843,81.3,2000-01-01,2026-05-31
52027,WALMA,-30.1,148.3,NSW,,9648,0,0.0,2000-01-01,2026-05-31
52028,ROWENA (WAROONGA),-29.75,148.942,NSW,,9648,0,0.0,2000-01-01,2026-05-31
52029,WEEMELAH BALARANG STREET,-29.015,149.255,NSW,,9648,0,0.0,2000-01-01,2026-05-31
52030,OLD BURREN (WINDELLA),-29.883,148.8,NSW,,9648,0,0.0,2000-01-01,2026-05-31
52031,MUNGINDI (WONGWIE),-29.117,149.017,NSW,,9648,0,0.0,2000-01-01,2026-05-31
52032,YARRAL YARRAL,-29.7,149.1,NSW,,9648,0,0.0,2000-01-01,2026-05-31
52033,PILLIGA (NIRVANA),-30.403,148.839,NSW,,9648,7456,77.3,2000-01-01,2026-05-31
52038,COME BY CHANCE STORE,-30.365,148.485,NSW,,9648,5477,56.8,2000-01-01,2026-05-31
52067,ROWENA (SHAW STREET),-29.813,148.911,NSW,,9648,9515,98.6,2000-01-01,2026-05-31
52088,WALGETT AIRPORT AWS,-30.037,148.122,NSW,,9648,9557,99.1,2000-01-01,2026-05-31
53001,BARADINE POST OFFICE,-30.948,149.066,NSW,,9648,6246,64.7,2000-01-01,2026-05-31
53002,BARADINE FORESTRY,-30.947,149.065,NSW,,9648,7881,81.7,2000-01-01,2026-05-31
53003,BELLATA POST OFFICE,-29.918,149.792,NSW,,9648,8115,84.1,2000-01-01,2026-05-31
53004,BOGGABILLA POST OFFICE,-28.602,150.36,NSW,,9648,3559,36.9,2000-01-01,2026-05-31
53005,BOOLCARROL,-30.067,149.433,NSW,,9648,0,0.0,2000-01-01,2026-05-31
53007,BARADINE (CALEDONIA),-30.983,148.867,NSW,,9648,0,0.0,2000-01-01,2026-05-31
53009,DOBIKIN,-29.9,149.7,NSW,,9648,0,0.0,2000-01-01,2026-05-31
53010,EDGEROI,-30.0,150.0,NSW,,9648,0,0.0,2000-01-01,2026-05-31
53011,GARAH POST OFFICE,-29.074,149.635,NSW,,9648,8085,83.8,2000-01-01,2026-05-31
53012,GARRAH (WIRRINGULLA),-29.0,149.7,NSW,,9648,0,0.0,2000-01-01,2026-05-31
53014,GURLEY (GLENROY),-29.8,149.583,NSW,,9648,0,0.0,2000-01-01,2026-05-31
53018,CROPPA CREEK (KRUI PLAINS),-28.992,150.017,NSW,,9648,9423,97.7,2000-01-01,2026-05-31
53019,MASCOTTE STATION,-30.0,149.5,NSW,,9648,0,0.0,2000-01-01,2026-05-31
53022,WEE WAA AG. RES. STN.,-30.208,149.597,NSW,,9648,0,0.0,2000-01-01,2026-05-31
53026,NARRABRI (MOLLEE),-30.255,149.679,NSW,,9648,9427,97.7,2000-01-01,2026-05-31
53027,MOREE POST OFFICE,-29.5,149.9,NSW,,9648,0,0.0,2000-01-01,2026-05-31
53028,MYALL DOWNS,-28.927,150.604,NSW,,9648,0,0.0,2000-01-01,2026-05-31
53029,MILGUY (MYEE),-29.417,150.233,NSW,,9648,0,0.0,2000-01-01,2026-05-31
53030,NARRABRI WEST POST OFFICE,-30.34,149.755,NSW,,9648,6260,64.9,2000-01-01,2026-05-31
53031,OAKHURST 2,-28.7,150.35,NSW,,9648,0,0.0,2000-01-01,2026-05-31
53033,PALLAMALLAWA POST OFFICE,-29.475,150.136,NSW,,9648,9567,99.2,2000-01-01,2026-05-31
53034,WEE WAA (PENDENNIS),-30.119,149.323,NSW,,9648,8552,88.6,2000-01-01,2026-05-31
53035,BELLATA (ABERFELDIE),-29.84,149.321,NSW,,9648,9573,99.2,2000-01-01,2026-05-31
53036,ROCKY GLEN (RAYAK),-31.067,149.583,NSW,,9648,0,0.0,2000-01-01,2026-05-31
53037,BINIGUY (SPRINGFIELD),-29.6,150.1,NSW,,9648,0,0.0,2000-01-01,2026-05-31
53038,MOREE (TALMOI),-29.25,149.533,NSW,,9648,0,0.0,2000-01-01,2026-05-31
53039,TERRY HIE HIE,-29.8,150.2,NSW,,9648,0,0.0,2000-01-01,2026-05-31
53040,ASHLEY (THE PRAIRIES),-29.048,149.938,NSW,,9648,4138,42.9,2000-01-01,2026-05-31
53041,TULLOONA (COOLANGA),-28.869,150.089,NSW,,9648,9457,98.0,2000-01-01,2026-05-31
53042,GARAH (ULINGA),-28.901,149.54,NSW,,9648,8530,88.4,2000-01-01,2026-05-31
53043,BUGALDIE (ULUNDI),-31.067,149.025,NSW,,9648,0,0.0,2000-01-01,2026-05-31
53044,WEE WAA (GEORGE ST),-30.226,149.445,NSW,,9648,9574,99.2,2000-01-01,2026-05-31
53045,WILUNA,-30.3,149.5,NSW,,9648,0,0.0,2000-01-01,2026-05-31
53047,NORTH STAR POST OFFICE,-28.929,150.392,NSW,,9648,1673,17.3,2000-01-01,2026-05-31
53048,MOREE COMPARISON,-29.482,149.838,NSW,,9648,0,0.0,2000-01-01,2026-05-31
53052,DOREEN,-30.0,149.3,NSW,,9648,0,0.0,2000-01-01,2026-05-31
53055,MILLIE,-29.8,149.583,NSW,,9648,0,0.0,2000-01-01,2026-05-31
53060,GARAH (WELBON),-29.133,149.733,NSW,,9648,0,0.0,2000-01-01,2026-05-31
53070,MOREE (MALLOWA (NARBA)),-29.62,149.377,NSW,,9648,8942,92.7,2000-01-01,2026-05-31
53073,KENEBRI (ELLERSLIE),-30.763,149.001,NSW,,9648,9568,99.2,2000-01-01,2026-05-31
53075,BARADINE (WOODVILLE),-30.884,148.81,NSW,,9648,5117,53.0,2000-01-01,2026-05-31
53076,NORTH STAR (BONANZA),-28.948,150.256,NSW,,9648,6273,65.0,2000-01-01,2026-05-31
53078,BOGGABILLA (BOONAL),-28.717,150.567,NSW,,9648,0,0.0,2000-01-01,2026-05-31
53081,KENEBRI (CUMBIL),-30.804,149.125,NSW,,9648,9270,96.1,2000-01-01,2026-05-31
53085,GARAH (DELVIN),-28.966,149.672,NSW,,9648,9365,97.1,2000-01-01,2026-05-31
53091,MOREE (BULLERANA),-29.333,149.6,NSW,,9648,0,0.0,2000-01-01,2026-05-31
53092,GOORIANAWAH,-31.1,149.0,NSW,,9648,0,0.0,2000-01-01,2026-05-31
53093,DINBY,-30.8,148.85,NSW,,9648,0,0.0,2000-01-01,2026-05-31
53094,CUTTABRI (ATHLONE),-30.348,149.133,NSW,,9648,6543,67.8,2000-01-01,2026-05-31
53095,NORTH STAR (WOLONGA),-29.028,150.442,NSW,,9648,6371,66.0,2000-01-01,2026-05-31
53115,MOREE AERO,-29.49,149.847,NSW,,9648,9355,97.0,2000-01-01,2026-05-31
54000,BUNDARRA (ARALUEN),-30.048,150.939,NSW,,9648,9321,96.6,2000-01-01,2026-05-31
54002,ASHFORD (SUNHAVEN HOSTEL),-29.32,151.092,NSW,,9648,2412,25.0,2000-01-01,2026-05-31
54003,BARRABA (CLIFTON LANE),-30.383,150.608,NSW,,9648,9449,97.9,2000-01-01,2026-05-31
54004,BINGARA POST OFFICE,-29.867,150.571,NSW,,9648,8068,83.6,2000-01-01,2026-05-31
54005,UPPER BINGARA (EMOHTA),-30.075,150.643,NSW,,9648,5118,53.0,2000-01-01,2026-05-31
54006,BUNDARRA (VALLEY VIEW),-30.267,150.917,NSW,,9648,0,0.0,2000-01-01,2026-05-31
54007,BONSHAW (CAMPBELL ST),-29.048,151.277,NSW,,9648,8290,85.9,2000-01-01,2026-05-31
54010,CARODA POST OFFICE,-30.033,150.367,NSW,,9648,0,0.0,2000-01-01,2026-05-31
54011,COBBADAH POST OFFICE,-30.233,150.583,NSW,,9648,0,0.0,2000-01-01,2026-05-31
54012,COOLATAI (ORANA),-29.254,150.75,NSW,,9648,6520,67.6,2000-01-01,2026-05-31
54013,DELUNGRA POST OFFICE,-29.654,150.829,NSW,,9648,5559,57.6,2000-01-01,2026-05-31
54014,BINGARA (DERRA DERRA),-29.92,150.374,NSW,,9648,2177,22.6,2000-01-01,2026-05-31
54016,DELUNGRA (CRAIGMORE),-29.441,150.786,NSW,,9648,8575,88.9,2000-01-01,2026-05-31
54017,GRAVESEND POST OFFICE,-29.584,150.336,NSW,,9648,5983,62.0,2000-01-01,2026-05-31
54019,BINGARA (LUCUNDA),-29.917,150.417,NSW,,9648,0,0.0,2000-01-01,2026-05-31
54020,MAY VALE,-30.4,150.4,NSW,,9648,0,0.0,2000-01-01,2026-05-31
54021,BARRABA (MOUNT LINDSAY),-30.321,150.273,NSW,,9648,7050,73.1,2000-01-01,2026-05-31
54023,BARRABA (NERANGHI),-30.295,150.81,NSW,,9648,8092,83.9,2000-01-01,2026-05-31
54024,BARRABA (LOG CABIN),-30.429,150.53,NSW,,9648,5910,61.3,2000-01-01,2026-05-31
54025,OTTLEY (GRAMAN),-29.3,150.8,NSW,,9648,0,0.0,2000-01-01,2026-05-31
54026,PALLAL,-29.9,150.4,NSW,,9648,0,0.0,2000-01-01,2026-05-31
54027,DELUNGRA (PEARSBY HALL),-29.558,150.887,NSW,,9648,9570,99.2,2000-01-01,2026-05-31
54028,COPETON (CARINYA),-29.957,150.916,NSW,,9648,3706,38.4,2000-01-01,2026-05-31
54029,WARIALDA POST OFFICE,-29.542,150.575,NSW,,9648,9184,95.2,2000-01-01,2026-05-31
54031,GRAMAN (WILLOWIE),-29.4,150.983,NSW,,9648,0,0.0,2000-01-01,2026-05-31
54032,COOLATAI (WILLUNGA),-29.202,150.608,NSW,,9648,9196,95.3,2000-01-01,2026-05-31
54033,YALLAROI,-29.1,150.5,NSW,,9648,0,0.0,2000-01-01,2026-05-31
54035,YETMAN (WARIALDA STREET),-28.897,150.772,NSW,,9648,3150,32.6,2000-01-01,2026-05-31
54036,WALLANGRA (WALLANGRA STATION),-29.244,150.892,NSW,,9648,6499,67.4,2000-01-01,2026-05-31
54038,NARRABRI AIRPORT AWS,-30.315,149.83,NSW,,9648,8923,92.5,2000-01-01,2026-05-31
54039,BINGARA (KEERA),-29.994,150.781,NSW,,9648,8662,89.8,2000-01-01,2026-05-31
54043,ASHFORD (BEAUMONT),-29.357,151.143,NSW,,9648,8370,86.8,2000-01-01,2026-05-31
54044,ASHFORD (TARRANGOWER),-29.297,151.148,NSW,,9648,3095,32.1,2000-01-01,2026-05-31
54045,ASHFORD (SPRINGVALE),-29.341,151.289,NSW,,9648,6817,70.7,2000-01-01,2026-05-31
54046,ASHFORD (BURRABOGIE),-29.399,151.411,NSW,,9648,9439,97.8,2000-01-01,2026-05-31
54049,GRAMAN (ULUPNA),-29.405,150.901,NSW,,9648,9524,98.7,2000-01-01,2026-05-31
54057,CHERRY TREE HILL (KULKI),-29.52,150.963,NSW,,9648,8309,86.1,2000-01-01,2026-05-31
54063,NULLAMANNA (SEVERN VALE),-29.499,151.302,NSW,,9648,1747,18.1,2000-01-01,2026-05-31
54065,NULLAMANNA (SILVERDALE),-29.605,151.267,NSW,,9648,6999,72.5,2000-01-01,2026-05-31
54069,DINTON VALE (BERRILEE),-29.6,151.156,NSW,,9648,7886,81.7,2000-01-01,2026-05-31
54073,NULLAMANNA (BELMORE),-29.645,151.236,NSW,,9648,9523,98.7,2000-01-01,2026-05-31
54074,OAKWOOD (BENARA),-29.663,151.041,NSW,,9648,9294,96.3,2000-01-01,2026-05-31
54077,INVERELL (GLENDOWNE),-29.687,151.071,NSW,,9648,4302,44.6,2000-01-01,2026-05-31
54078,INVERELL (WANDERA),-29.675,151.153,NSW,,9648,9494,98.4,2000-01-01,2026-05-31
54082,KINGS PLAINS (CROYE),-29.638,151.405,NSW,,9648,8215,85.1,2000-01-01,2026-05-31
54088,GRAGIN,-29.567,150.767,NSW,,9648,0,0.0,2000-01-01,2026-05-31
54102,BARRABA (ROSEVALE),-30.373,150.672,NSW,,9648,9154,94.9,2000-01-01,2026-05-31
54104,PINDARI DAM,-29.39,151.245,NSW,,9648,8398,87.0,2000-01-01,2026-05-31
54105,BUNDARRA (GRANITE HEIGHTS),-30.335,150.934,NSW,,9648,5681,58.9,2000-01-01,2026-05-31
54106,BINGARA (CROMARTY),-30.062,150.759,NSW,,9648,2666,27.6,2000-01-01,2026-05-31
54113,BUNDARRA (ROSS),-30.143,150.964,NSW,,9648,4744,49.2,2000-01-01,2026-05-31
54114,BUNDARRA (BEVERLEY),-30.098,151.009,NSW,,9648,9218,95.5,2000-01-01,2026-05-31
54116,BARRABA (TREBORANE),-30.303,150.694,NSW,,9648,5505,57.1,2000-01-01,2026-05-31
54117,COBBADAH (ROCKY GLEN),-30.224,150.723,NSW,,9648,8725,90.4,2000-01-01,2026-05-31
54120,NARRABRI BOWLING CLUB,-30.322,149.782,NSW,,9648,4416,45.8,2000-01-01,2026-05-31
54124,CROOBLE STATION,-29.274,150.266,NSW,,9648,9473,98.2,2000-01-01,2026-05-31
54125,CARODA (ROSEBERRY PARK),-30.131,150.146,NSW,,9648,9503,98.5,2000-01-01,2026-05-31
54127,NARRABRI (WOODLANDS),-30.207,149.984,NSW,,9648,3172,32.9,2000-01-01,2026-05-31
54128,COPETON DAM,-29.887,150.895,NSW,,9648,9337,96.8,2000-01-01,2026-05-31
54129,CROPPA CREEK (RAWDON),-29.207,150.369,NSW,,9648,4039,41.9,2000-01-01,2026-05-31
54130,CROPPA CREEK (BELFORD STREET),-29.126,150.304,NSW,,9648,3625,37.6,2000-01-01,2026-05-31
54153,CARODA (PALEROO),-30.119,150.13,NSW,,9648,6343,65.7,2000-01-01,2026-05-31
55000,ATTUNGA (GARTHOWEN),-30.911,150.858,NSW,,9648,9528,98.8,2000-01-01,2026-05-31
55002,MULLALEY (BANDO),-31.234,149.834,NSW,,9648,9431,97.8,2000-01-01,2026-05-31
55003,SOMERTON (BECTIVE ESTATE),-30.97,150.735,NSW,,9648,9400,97.4,2000-01-01,2026-05-31
55004,BENDEMEER (CAROLINE ST),-30.883,151.155,NSW,,9648,5480,56.8,2000-01-01,2026-05-31
55005,BLACK CREEK,-31.65,150.2,NSW,,9648,0,0.0,2000-01-01,2026-05-31
55006,BLACKVILLE POST OFFICE,-31.64,150.236,NSW,,9648,9563,99.1,2000-01-01,2026-05-31
55007,BOGGABRI POST OFFICE,-30.706,150.046,NSW,,9648,7960,82.5,2000-01-01,2026-05-31
55008,BREEZA (MAIN STREET),-31.247,150.463,NSW,,9648,5356,55.5,2000-01-01,2026-05-31
55010,CASTLE MOUNTAIN,-31.5,150.7,NSW,,9648,0,0.0,2000-01-01,2026-05-31
55011,SOMERTON (GIRRAWEENA),-30.909,150.661,NSW,,9648,425,4.4,2000-01-01,2026-05-31
55013,CUERINDI,-30.7,150.8,NSW,,9648,0,0.0,2000-01-01,2026-05-31
55014,CURLEWIS POST OFFICE,-31.117,150.268,NSW,,9648,9034,93.6,2000-01-01,2026-05-31
55015,CURRABUBULA,-31.3,150.7,NSW,,9648,0,0.0,2000-01-01,2026-05-31
55016,DANGLEMAH (RUTHERGLEN),-30.996,151.229,NSW,,9648,9448,97.9,2000-01-01,2026-05-31
55017,PREMER (EDEN MOOR),-31.571,149.776,NSW,,9648,6276,65.0,2000-01-01,2026-05-31
55018,MULLALEY (GARRAWILLA),-31.171,149.646,NSW,,9648,6111,63.3,2000-01-01,2026-05-31
55019,WALLABADAH (GASPARD),-31.483,150.833,NSW,,9648,0,0.0,2000-01-01,2026-05-31
55020,BOGGABRI (GHOOLENDAADI),-30.833,149.917,NSW,,9648,0,0.0,2000-01-01,2026-05-31
55021,MULLALEY (GOOLHI),-31.017,149.733,NSW,,9648,0,0.0,2000-01-01,2026-05-31
55023,GUNNEDAH POOL,-30.984,150.254,NSW,,9648,7301,75.7,2000-01-01,2026-05-31
55024,GUNNEDAH RESOURCE CENTRE,-31.026,150.269,NSW,,9648,8359,86.6,2000-01-01,2026-05-31
55025,WILLOW TREE (HIGHLANDS),-31.793,150.673,NSW,,9648,5901,61.2,2000-01-01,2026-05-31
55027,WILLOW TREE (JACKS CREEK NO3),-31.7,150.5,NSW,,9648,0,0.0,2000-01-01,2026-05-31
55028,KICKERBELL,-31.55,150.35,NSW,,9648,0,0.0,2000-01-01,2026-05-31
55030,LIMBRI POST OFFICE,-31.033,151.15,NSW,,9648,0,0.0,2000-01-01,2026-05-31
55031,MANILLA POST OFFICE,-30.748,150.72,NSW,,9648,5393,55.9,2000-01-01,2026-05-31
55033,BOGGABRI (MAYFIELD),-30.617,150.25,NSW,,9648,0,0.0,2000-01-01,2026-05-31
55034,BOGGABRI (MILCHENGOWRIE),-30.745,150.055,NSW,,9648,3324,34.5,2000-01-01,2026-05-31
55035,MILLERS CREEK,-31.8,150.517,NSW,,9648,0,0.0,2000-01-01,2026-05-31
55036,CAROONA (WEST MOOKI),-31.413,150.423,NSW,,9648,2859,29.6,2000-01-01,2026-05-31
55037,PINE RIDGE (MOOKI SPRINGS),-31.508,150.399,NSW,,9648,4275,44.3,2000-01-01,2026-05-31
55038,MULLALEY POST OFFICE,-31.098,149.911,NSW,,9648,3570,37.0,2000-01-01,2026-05-31
55039,SPRING RIDGE,-31.395,150.249,NSW,,9648,5244,54.4,2000-01-01,2026-05-31
55040,NORMANSTONE WELL,-31.0,150.1,NSW,,9648,0,0.0,2000-01-01,2026-05-31
55041,NUNDLE POST OFFICE,-31.46,151.127,NSW,,9648,8361,86.7,2000-01-01,2026-05-31
55043,WILLOW TREE  (PARRAWEENA),-31.712,150.413,NSW,,9648,7752,80.3,2000-01-01,2026-05-31
55044,BOGGABRI (RETREAT),-30.704,150.277,NSW,,9648,9519,98.7,2000-01-01,2026-05-31
55045,CURLEWIS (PINE CLIFF),-31.179,150.031,NSW,,9648,7486,77.6,2000-01-01,2026-05-31
55046,PINE RIDGE (BILLABONG),-31.529,150.436,NSW,,9648,8197,85.0,2000-01-01,2026-05-31
55047,NIANGALA (PRESTWICK),-31.285,151.305,NSW,,9648,0,0.0,2000-01-01,2026-05-31
55048,QUIPOLLY CREEK POST OFFICE,-31.417,150.667,NSW,,9648,0,0.0,2000-01-01,2026-05-31
55049,QUIRINDI POST OFFICE,-31.509,150.679,NSW,,9648,9370,97.1,2000-01-01,2026-05-31
55050,SOMERTON POST OFFICE,-30.939,150.639,NSW,,9648,0,0.0,2000-01-01,2026-05-31
55051,SUNNYSIDE FARM,-31.3,150.5,NSW,,9648,0,0.0,2000-01-01,2026-05-31
55053,TAMBAR SPRINGS POST OFFICE,-31.346,149.828,NSW,,9648,7546,78.2,2000-01-01,2026-05-31
55054,TAMWORTH AIRPORT,-31.087,150.847,NSW,,9648,0,0.0,2000-01-01,2026-05-31
55055,CARROLL (THE RANCH),-30.96,150.46,NSW,,9648,3034,31.4,2000-01-01,2026-05-31
55056,WILLOW TREE (GREEN HILLS),-31.727,150.513,NSW,,9648,9574,99.2,2000-01-01,2026-05-31
55057,WILLOW TREE (VALAIS),-31.773,150.286,NSW,,9648,9536,98.8,2000-01-01,2026-05-31
55058,TURRAWAN (WALLAH),-30.445,149.939,NSW,,9648,8145,84.4,2000-01-01,2026-05-31
55059,CURLEWIS (WANDOBAH),-31.183,150.1,NSW,,9648,0,0.0,2000-01-01,2026-05-31
55060,WILLOW TREE (WARRAH),-31.65,150.667,NSW,,9648,0,0.0,2000-01-01,2026-05-31
55061,BLACKVILLE (WELTON DALE),-31.75,150.25,NSW,,9648,0,0.0,2000-01-01,2026-05-31
55063,WILLOW TREE (GENERAL STORE),-31.648,150.727,NSW,,9648,2637,27.3,2000-01-01,2026-05-31
55064,PINE RIDGE (WINDY),-31.6,150.381,NSW,,9648,6404,66.4,2000-01-01,2026-05-31
55065,BREEZA (THE PARK),-31.166,150.544,NSW,,9648,9447,97.9,2000-01-01,2026-05-31
55066,WALLABADAH (WOODTON),-31.622,150.844,NSW,,9648,9352,96.9,2000-01-01,2026-05-31
55067,GOONOO GOONOO STATION,-31.299,150.908,NSW,,9648,3707,38.4,2000-01-01,2026-05-31
55068,BURINDI,-30.5,150.5,NSW,,9648,0,0.0,2000-01-01,2026-05-31
55069,YANNERGEE (DOBROYD),-31.449,150.025,NSW,,9648,8192,84.9,2000-01-01,2026-05-31
55071,PREMER POST OFFICE,-31.457,149.9,NSW,,9648,3914,40.6,2000-01-01,2026-05-31
55072,SPRING RIDGE,-31.4,150.2,NSW,,9648,0,0.0,2000-01-01,2026-05-31
55076,BOGGABRI (KANOWNDA),-30.512,150.212,NSW,,9648,7603,78.8,2000-01-01,2026-05-31
55078,NUNDLE (BENONI),-31.415,151.09,NSW,,9648,6958,72.1,2000-01-01,2026-05-31
55079,HANGING ROCK STATE FOREST,-31.468,151.256,NSW,,9648,5,0.1,2000-01-01,2026-05-31
55082,ORABAH (MANILLA (WARRABAH)),-30.47,150.954,NSW,,9648,4820,50.0,2000-01-01,2026-05-31
55090,UPPER MANILLA (CARMARTHEN),-30.624,150.729,NSW,,9648,5652,58.6,2000-01-01,2026-05-31
55103,WATSONS CREEK (TILMUNDA),-30.693,151.121,NSW,,9648,6423,66.6,2000-01-01,2026-05-31
55105,ATTUNGA (TARANA),-30.797,150.864,NSW,,9648,9564,99.1,2000-01-01,2026-05-31
55109,BENDEMEER (GLENCLAIR),-30.799,151.109,NSW,,9648,5470,56.7,2000-01-01,2026-05-31
55119,SOMERTON (LONOU),-30.887,150.672,NSW,,9648,3262,33.8,2000-01-01,2026-05-31
55120,ATTUNGA (THE PINES),-30.931,150.787,NSW,,9648,9227,95.6,2000-01-01,2026-05-31
55122,ATTUNGA (MINDEROO),-30.841,150.91,NSW,,9648,7800,80.8,2000-01-01,2026-05-31
55136,WOOLBROOK (WOOLBROOK ROAD),-30.965,151.351,NSW,,9648,9644,100.0,2000-01-01,2026-05-31
55138,SOMERTON (KALLAROO),-31.012,150.643,NSW,,9648,3022,31.3,2000-01-01,2026-05-31
55140,SOMERTON (GLEN BURN),-31.01,150.713,NSW,,9648,5743,59.5,2000-01-01,2026-05-31
55143,MOONBI (BELLEVUE),-31.019,151.066,NSW,,9648,5602,58.1,2000-01-01,2026-05-31
55148,KOOTINGAL (GATE ST),-31.059,151.055,NSW,,9648,4353,45.1,2000-01-01,2026-05-31
55149,WINTON (NIOKA),-31.081,150.682,NSW,,9648,0,0.0,2000-01-01,2026-05-31
55157,WINTON (DALBLAIR),-31.085,150.658,NSW,,9648,9428,97.7,2000-01-01,2026-05-31
55158,WARRAL (HILLSIA),-31.156,150.865,NSW,,9648,1375,14.3,2000-01-01,2026-05-31
55160,NEMINGAH (NEMINGHA (CRESSFIELD)),-31.166,151.063,NSW,,9648,4431,45.9,2000-01-01,2026-05-31
55162,DUNGOWAN (ECHO HILLS),-31.173,151.196,NSW,,9648,1406,14.6,2000-01-01,2026-05-31
55164,WEABONGA (STONELEIGH),-31.18,151.303,NSW,,9648,9521,98.7,2000-01-01,2026-05-31
55166,TAMWORTH (BAHREENAH),-31.225,150.925,NSW,,9648,2894,30.0,2000-01-01,2026-05-31
55170,DUNGOWAN (AVOCA),-31.219,151.117,NSW,,9648,5859,60.7,2000-01-01,2026-05-31
55171,DUNGOWAN STATION,-31.253,151.185,NSW,,9648,0,0.0,2000-01-01,2026-05-31
55172,WEABONGA (MONOMEETH),-31.212,151.317,NSW,,9648,6125,63.5,2000-01-01,2026-05-31
55176,LOOMBERAH (PENDENE),-31.257,151.084,NSW,,9648,9566,99.2,2000-01-01,2026-05-31
55177,WOOLOMIN (NORTHCOTTE),-31.312,151.133,NSW,,9648,441,4.6,2000-01-01,2026-05-31
55181,DUNGOWAN (RAVENCROFT),-31.255,151.121,NSW,,9648,8554,88.7,2000-01-01,2026-05-31
55183,DURI (ASHGROVE) NO 142,-31.297,150.859,NSW,,9648,9482,98.3,2000-01-01,2026-05-31
55186,OGUNBIL (BEANA BRAE),-31.343,151.294,NSW,,9648,2881,29.9,2000-01-01,2026-05-31
55189,WOOLOMIN (CULWULLA),-31.34,151.176,NSW,,9648,4594,47.6,2000-01-01,2026-05-31
55190,GOWRIE SOUTH,-31.366,150.836,NSW,,9648,9519,98.7,2000-01-01,2026-05-31
55193,OGUNBIL (WATERFALL),-31.373,151.35,NSW,,9648,1418,14.7,2000-01-01,2026-05-31
55194,GOWRIE NORTH,-31.337,150.854,NSW,,9648,5626,58.3,2000-01-01,2026-05-31
55195,GOWRIE (LALLYBROCH),-31.437,150.891,NSW,,9648,8341,86.5,2000-01-01,2026-05-31
55201,KELVIN (KAHANA),-30.824,150.317,NSW,,9648,7644,79.2,2000-01-01,2026-05-31
55202,GUNNEDAH AIRPORT AWS,-30.954,150.249,NSW,,9648,8841,91.6,2000-01-01,2026-05-31
55209,COOLANBILLA,-31.4,150.2,NSW,,9648,0,0.0,2000-01-01,2026-05-31
55213,GOWRIE (ROTHERFIELD),-31.5,150.2,NSW,,9648,0,0.0,2000-01-01,2026-05-31
55222,TAMWORTH WEST,-31.1,150.9,NSW,,9648,0,0.0,2000-01-01,2026-05-31
55236,WALLABADAH (MARTYN ST),-31.541,150.836,NSW,,9648,3818,39.6,2000-01-01,2026-05-31
55241,QUIRINDI (BOXWOOD),-31.544,150.584,NSW,,9648,5467,56.7,2000-01-01,2026-05-31
55243,WILLOW TREE (GLENORA),-31.614,150.775,NSW,,9648,3971,41.2,2000-01-01,2026-05-31
55244,WILLOW TREE (COOINDA),-31.635,150.574,NSW,,9648,9196,95.3,2000-01-01,2026-05-31
55246,KANKOOL (THE COTTAGE),-31.7,150.783,NSW,,9648,0,0.0,2000-01-01,2026-05-31
55248,WILLOW TREE (KELVERTON),-31.725,150.584,NSW,,9648,5265,54.6,2000-01-01,2026-05-31
55255,QUIRINDI (SPRING VALE),-31.527,150.763,NSW,,9648,8035,83.3,2000-01-01,2026-05-31
55263,MULLALEY(KEIGHO),-30.958,149.684,NSW,,9648,8501,88.1,2000-01-01,2026-05-31
55268,BOGGABRI (BE-BARA),-30.832,149.774,NSW,,9648,8377,86.8,2000-01-01,2026-05-31
55273,BOGGABRI (NEOTSFIELD),-30.82,149.837,NSW,,9648,6857,71.1,2000-01-01,2026-05-31
55274,KELVIN (CARELLAN),-30.778,150.434,NSW,,9648,4734,49.1,2000-01-01,2026-05-31
55275,BREEZA (ALPHA),-31.287,150.539,NSW,,9648,9308,96.5,2000-01-01,2026-05-31
55279,TAMWORTH (HILLGROVE),-31.094,150.738,NSW,,9648,6819,70.7,2000-01-01,2026-05-31
55281,ULIMAN (BRENTWOOD),-31.383,149.683,NSW,,9648,0,0.0,2000-01-01,2026-05-31
55297,BLACKVILLE (JUNBARLEE),-31.698,150.247,NSW,,9648,2719,28.2,2000-01-01,2026-05-31
55298,BOWLING ALLEY POINT (POPLARS),-31.398,151.153,NSW,,9648,1638,17.0,2000-01-01,2026-05-31
55301,MULLALEY (KIRKBRIGHT),-31.011,149.766,NSW,,9648,6933,71.9,2000-01-01,2026-05-31
55317,BAAN BAA,-30.6,149.9,NSW,,9648,0,0.0,2000-01-01,2026-05-31
55325,TAMWORTH AIRPORT AWS,-31.074,150.836,NSW,,9648,9499,98.5,2000-01-01,2026-05-31
55327,TAMWORTH (OXLEY LANE),-31.126,150.832,NSW,,9648,5830,60.4,2000-01-01,2026-05-31
55328,MANILLA (KIMBERLEY),-30.855,150.748,NSW,,9648,2404,24.9,2000-01-01,2026-05-31
56001,SAPPHIRE (ARGYLE),-29.718,151.355,NSW,,9648,9426,97.7,2000-01-01,2026-05-31
56002,ARMIDALE (RADIO STATION 2AD),-30.517,151.668,NSW,,9648,0,0.0,2000-01-01,2026-05-31
56004,BEULAH,-30.0,151.7,NSW,,9648,0,0.0,2000-01-01,2026-05-31
56006,BUNDARRA POST OFFICE,-30.171,151.076,NSW,,9648,6808,70.6,2000-01-01,2026-05-31
56007,TINGHA (CRYSTAL HILL),-29.931,151.294,NSW,,9648,8592,89.1,2000-01-01,2026-05-31
56009,EMMAVILLE POST OFFICE,-29.445,151.599,NSW,,9648,6038,62.6,2000-01-01,2026-05-31
56010,WALCHA (EMU CREEK),-30.941,151.708,NSW,,9648,9131,94.6,2000-01-01,2026-05-31
56011,GLEN INNES POST OFFICE,-29.737,151.737,NSW,,9648,4595,47.6,2000-01-01,2026-05-31
56012,GLEN INNES GASWORKS,-29.75,151.733,NSW,,9648,0,0.0,2000-01-01,2026-05-31
56013,GLEN INNES AG RESEARCH STN,-29.695,151.694,NSW,,9648,8617,89.3,2000-01-01,2026-05-31
56015,GLEN MORRISON POST OFFICE,-31.183,151.533,NSW,,9648,0,0.0,2000-01-01,2026-05-31
56016,GUYRA POST OFFICE,-30.22,151.671,NSW,,9648,7042,73.0,2000-01-01,2026-05-31
56017,INVERELL COMPARISON,-29.778,151.111,NSW,,9648,0,0.0,2000-01-01,2026-05-31
56018,INVERELL RESEARCH CENTRE,-29.775,151.082,NSW,,9648,9598,99.5,2000-01-01,2026-05-31
56019,KELLYS PLAIN (HAROLDSTON),-30.6,151.6,NSW,,9648,0,0.0,2000-01-01,2026-05-31
56022,LEGUME (NEW KOREELAH),-28.462,152.351,NSW,,9648,9009,93.4,2000-01-01,2026-05-31
56023,OLD KOREELAH (MCPHERSON),-28.393,152.416,NSW,,9648,9442,97.9,2000-01-01,2026-05-31
56025,DUNDEE (RANGERS VALLEY),-29.533,151.75,NSW,,9648,0,0.0,2000-01-01,2026-05-31
56026,RED RANGE (VICTORIA ST),-29.775,151.894,NSW,,9648,0,0.0,2000-01-01,2026-05-31
56027,RIVERTREE (MYALL),-28.643,152.251,NSW,,9648,0,0.0,2000-01-01,2026-05-31
56028,URALLA (SALISBURY COURT),-30.734,151.511,NSW,,9648,9531,98.8,2000-01-01,2026-05-31
56029,EMMAVILLE (STRATHBOGIE),-29.456,151.479,NSW,,9648,8084,83.8,2000-01-01,2026-05-31
56030,TANGLEY,-30.15,151.55,NSW,,9648,0,0.0,2000-01-01,2026-05-31
56031,TENTERDEN,-30.1,151.5,NSW,,9648,0,0.0,2000-01-01,2026-05-31
56032,TENTERFIELD (FEDERATION PARK),-29.048,152.017,NSW,,9648,9120,94.5,2000-01-01,2026-05-31
56033,TINGHA POST OFFICE,-29.955,151.211,NSW,,9648,8242,85.4,2000-01-01,2026-05-31
56034,URALLA (DUMARESQ ST),-30.644,151.491,NSW,,9648,8988,93.2,2000-01-01,2026-05-31
56035,WALCHA POST OFFICE,-30.985,151.594,NSW,,9648,0,0.0,2000-01-01,2026-05-31
56036,WANDSWORTH (STRABANNE),-30.066,151.52,NSW,,9648,4923,51.0,2000-01-01,2026-05-31
56037,ARMIDALE (TREE GROUP NURSERY),-30.524,151.672,NSW,,9648,9644,100.0,2000-01-01,2026-05-31
56038,WYLIE CREEK (ALOOMBA),-28.553,152.158,NSW,,9648,6185,64.1,2000-01-01,2026-05-31
56040,CULLENDORE (ASHGLEN),-28.48,152.103,NSW,,9648,2360,24.5,2000-01-01,2026-05-31
56041,BONSHAW (MONKSTADT),-29.133,151.45,NSW,,9648,0,0.0,2000-01-01,2026-05-31
56042,URALLA (LANA),-30.642,151.3,NSW,,9648,5891,61.1,2000-01-01,2026-05-31
56044,TENTERFIELD (SAILOR JACK),-28.951,151.755,NSW,,9648,1668,17.3,2000-01-01,2026-05-31
56050,TENTERFIELD (ABERFELDIE),-29.02,151.746,NSW,,9648,9180,95.1,2000-01-01,2026-05-31
56052,TENTERFIELD (MOLE STATION),-29.099,151.742,NSW,,9648,9501,98.5,2000-01-01,2026-05-31
56055,MOLE RIVER (TRENAYR),-29.021,151.615,NSW,,9648,9215,95.5,2000-01-01,2026-05-31
56057,TENTERDEN (BALOOK),-30.087,151.391,NSW,,9648,9455,98.0,2000-01-01,2026-05-31
56065,URALLA (MIHI),-30.721,151.667,NSW,,9648,9341,96.8,2000-01-01,2026-05-31
56068,ARMIDALE (BELHAVEN),-30.379,151.752,NSW,,9648,1398,14.5,2000-01-01,2026-05-31
56075,WALCHA ROAD ( BOXLEY),-31.034,151.441,NSW,,9648,9111,94.4,2000-01-01,2026-05-31
56077,WALCHA (CRAIGDARROCH),-31.068,151.502,NSW,,9648,9102,94.3,2000-01-01,2026-05-31
56078,NIANGALA (INGALBA),-31.183,151.44,NSW,,9648,3983,41.3,2000-01-01,2026-05-31
56080,GLEN MORRISON (MILLBANK),-31.218,151.52,NSW,,9648,8761,90.8,2000-01-01,2026-05-31
56082,NIANGALA (ASHLAND),-31.242,151.423,NSW,,9648,6086,63.1,2000-01-01,2026-05-31
56088,EMMAVILLE (SEVERN VALLEY),-29.509,151.676,NSW,,9648,7434,77.1,2000-01-01,2026-05-31
56094,DUNDEE (WATTLE DALE),-29.549,151.996,NSW,,9648,9447,97.9,2000-01-01,2026-05-31
56095,WELLINGROVE (BRYDONE),-29.578,151.556,NSW,,9648,5656,58.6,2000-01-01,2026-05-31
56096,GLEN INNES (REDDESTONE (REDBANK)),-29.591,151.627,NSW,,9648,5147,53.3,2000-01-01,2026-05-31
56098,DUNDEE (KARINGA),-29.582,151.948,NSW,,9648,9412,97.6,2000-01-01,2026-05-31
56100,WELLINGROVE (WANGALEA),-29.63,151.567,NSW,,9648,9392,97.3,2000-01-01,2026-05-31
56102,REDDESTONE (LONEWOOD),-29.637,151.681,NSW,,9648,2928,30.3,2000-01-01,2026-05-31
56111,ELSMORE (DANTHONIA),-29.783,151.362,NSW,,9648,9533,98.8,2000-01-01,2026-05-31
56115,GLEN INNES (LYNDALE),-29.702,151.825,NSW,,9648,3517,36.5,2000-01-01,2026-05-31
56120,ELSMORE (NEWSTEAD NORTH),-29.817,151.35,NSW,,9648,0,0.0,2000-01-01,2026-05-31
56121,ELSMORE (PARADISE CREEK),-29.88,151.414,NSW,,9648,4209,43.6,2000-01-01,2026-05-31
56123,ELSMORE (PARADISE STATION),-29.878,151.466,NSW,,9648,3988,41.3,2000-01-01,2026-05-31
56128,SWAN VALE (NUMERALLA),-29.826,151.521,NSW,,9648,9526,98.7,2000-01-01,2026-05-31
56139,BEN LOMOND (KOALA),-29.947,151.607,NSW,,9648,8355,86.6,2000-01-01,2026-05-31
56140,EMMAVILLE (BEN VALE),-29.468,151.667,NSW,,9648,9305,96.4,2000-01-01,2026-05-31
56149,YARROW CREEK,-29.8,152.0,NSW,,9648,0,0.0,2000-01-01,2026-05-31
56161,GUYRA (GOWAN BRAE),-30.156,151.876,NSW,,9648,7307,75.7,2000-01-01,2026-05-31
56163,MOUNT MITCHELL (TIRRANNA),-30.001,151.853,NSW,,9648,7732,80.1,2000-01-01,2026-05-31
56165,ELSMORE (ELMORE STATION),-29.811,151.233,NSW,,9648,4228,43.8,2000-01-01,2026-05-31
56167,STANBOROUGH (ROCKFIELD),-30.003,151.083,NSW,,9648,9288,96.3,2000-01-01,2026-05-31
56169,TINGHA (CHESTERTON),-30.024,151.146,NSW,,9648,659,6.8,2000-01-01,2026-05-31
56176,BUNDARRA (GLENDALE),-30.137,151.258,NSW,,9648,9100,94.3,2000-01-01,2026-05-31
56180,BUNDARRA (SOUTH WINSCOMBE),-30.298,151.077,NSW,,9648,8914,92.4,2000-01-01,2026-05-31
56203,BLACK SWAMP (ATHLYNE),-29.046,152.134,NSW,,9648,4053,42.0,2000-01-01,2026-05-31
56205,PINKETT (BENBOOKRA),-29.899,151.965,NSW,,9648,9125,94.6,2000-01-01,2026-05-31
56207,MARYLAND,-28.542,151.991,NSW,,9648,9592,99.4,2000-01-01,2026-05-31
56214,BUNDARRA (WILLOWBANK),-30.312,150.996,NSW,,9648,6366,66.0,2000-01-01,2026-05-31
56229,GUYRA HOSPITAL,-30.212,151.679,NSW,,9648,9633,99.8,2000-01-01,2026-05-31
56238,ARMIDALE AIRPORT AWS,-30.527,151.616,NSW,,9648,9572,99.2,2000-01-01,2026-05-31
56242,INVERELL (RAGLAN ST),-29.78,151.112,NSW,,9648,9618,99.7,2000-01-01,2026-05-31
56243,GLEN INNES AIRPORT AWS,-29.678,151.694,NSW,,9648,9546,98.9,2000-01-01,2026-05-31
57000,ABERFOYLE,-30.267,152.017,NSW,,9648,0,0.0,2000-01-01,2026-05-31
57001,EBOR (GLENOWEN),-30.366,152.232,NSW,,9648,7177,74.4,2000-01-01,2026-05-31
57003,BONALBO POST OFFICE,-28.737,152.623,NSW,,9648,9106,94.4,2000-01-01,2026-05-31
57004,DALMORTON HOMESTEAD,-29.832,152.407,NSW,,9648,0,0.0,2000-01-01,2026-05-31
57006,DUMPE,-29.467,152.45,NSW,,9648,0,0.0,2000-01-01,2026-05-31
57008,GEORGES CREEK,-30.75,152.2,NSW,,9648,0,0.0,2000-01-01,2026-05-31
57009,GIRARD STATE FOREST,-28.9,152.3,NSW,,9648,0,0.0,2000-01-01,2026-05-31
57010,EBOR (KOTUPNA),-30.433,152.329,NSW,,9648,0,0.0,2000-01-01,2026-05-31
57011,JEOGLA STATION,-30.577,152.11,NSW,,9648,8015,83.1,2000-01-01,2026-05-31
57012,KILCOY,-30.433,152.0,NSW,,9648,0,0.0,2000-01-01,2026-05-31
57013,KUNDERANG EAST (KENEBREE),-30.816,152.145,NSW,,9648,0,0.0,2000-01-01,2026-05-31
57014,GLEN ELGIN (GLENBROOK),-29.558,152.139,NSW,,9648,8526,88.4,2000-01-01,2026-05-31
57015,OLD BONALBO POST OFFICE,-28.654,152.595,NSW,,9648,3244,33.6,2000-01-01,2026-05-31
57017,JEOGLA (JEOLGA OLD.SF.SITE),-30.617,152.183,NSW,,9648,0,0.0,2000-01-01,2026-05-31
57018,TABULAM POST OFFICE,-28.891,152.566,NSW,,9648,8062,83.6,2000-01-01,2026-05-31
57020,URBENVILLE,-28.473,152.546,NSW,,9648,7755,80.4,2000-01-01,2026-05-31
57021,URBENVILLE STATE FOREST,-28.467,152.55,NSW,,9648,0,0.0,2000-01-01,2026-05-31
57022,WOLLOMOMBI (WALLAMUMBI),-30.491,152.1,NSW,,9648,6281,65.1,2000-01-01,2026-05-31
57023,EBOR (WONGWIBINDA),-30.289,152.17,NSW,,9648,9416,97.6,2000-01-01,2026-05-31
57024,WOODENBONG (UNUMGAR ST),-28.388,152.608,NSW,,9648,9089,94.2,2000-01-01,2026-05-31
57026,OLD KOREELAH (WHITE SWAMP (EDENDALE 2)),-28.285,152.503,NSW,,9648,6231,64.6,2000-01-01,2026-05-31
57028,HILLGROVE (HILLVIEW),-30.564,151.907,NSW,,9648,7723,80.0,2000-01-01,2026-05-31
57035,YARROWITCH (BENDITI),-31.133,152.125,NSW,,9648,8187,84.9,2000-01-01,2026-05-31
57037,TIA (RAMBRAH),-31.112,151.801,NSW,,9648,4244,44.0,2000-01-01,2026-05-31
57045,TIA (HIGHRENT),-31.189,151.855,NSW,,9648,9251,95.9,2000-01-01,2026-05-31
57046,GUYRA (MYLOE),-30.285,151.855,NSW,,9648,5909,61.2,2000-01-01,2026-05-31
57049,GUYRA  (LYNDHURST),-30.312,152.052,NSW,,9648,7699,79.8,2000-01-01,2026-05-31
57050,BRACKENDALE (THE LAKE),-31.217,151.694,NSW,,9648,2371,24.6,2000-01-01,2026-05-31
57051,BARYULGIL (MOUNTAIN VIEW),-29.191,152.59,NSW,,9648,3350,34.7,2000-01-01,2026-05-31
57052,LOWER CREEK (CEDAR PARK),-30.727,152.254,NSW,,9648,4947,51.3,2000-01-01,2026-05-31
57066,CARNHAM,-29.347,152.517,NSW,,9648,3185,33.0,2000-01-01,2026-05-31
57082,GLEN INNES (MT MITCHELL FOREST),-29.646,152.094,NSW,,9648,6162,63.9,2000-01-01,2026-05-31
57085,OLD BONALBO (ALCHERINGA),-28.568,152.586,NSW,,9648,7935,82.2,2000-01-01,2026-05-31
57091,URALLA (BLUE NOBBY),-30.717,151.853,NSW,,9648,8996,93.2,2000-01-01,2026-05-31
57093,CANGAI (SMELTER CREEK),-29.51,152.49,NSW,,9648,9342,96.8,2000-01-01,2026-05-31
57095,TABULAM (MUIRNE),-28.755,152.451,NSW,,9648,9638,99.9,2000-01-01,2026-05-31
57103,KOOKABOOKRA,-30.009,152.01,NSW,,9648,9582,99.3,2000-01-01,2026-05-31
57104,YARROWITCH (MARETTO),-31.274,151.965,NSW,,9648,9439,97.8,2000-01-01,2026-05-31
57119,WALCHA (KARORI),-30.889,151.855,NSW,,9648,9566,99.2,2000-01-01,2026-05-31
58000,ALSTONVILLE POST OFFICE,-28.85,153.45,NSW,,9648,0,0.0,2000-01-01,2026-05-31
58001,BALLINA (CROWLEY VILLAGE),-28.853,153.569,NSW,,9648,3411,35.4,2000-01-01,2026-05-31
58002,BANGALOW (FOWLERS LANE),-28.648,153.512,NSW,,9648,2370,24.6,2000-01-01,2026-05-31
58005,BRAYS CREEK (MISTY MOUNTAIN),-28.398,153.173,NSW,,9648,9128,94.6,2000-01-01,2026-05-31
58006,BRUSHGROVE (CLARENCE ST),-29.566,153.081,NSW,,9648,9167,95.0,2000-01-01,2026-05-31
58007,BYRON BAY (JACARANDA DRIVE),-28.636,153.588,NSW,,9648,8100,84.0,2000-01-01,2026-05-31
58008,CALLIOPE PUBLIC SCHOOL,-29.617,153.067,NSW,,9648,0,0.0,2000-01-01,2026-05-31
58009,BYRON BAY (CAPE BYRON LIGHTHOUSE),-28.639,153.636,NSW,,9648,4591,47.6,2000-01-01,2026-05-31
58011,CHILLINGHAM,-28.313,153.276,NSW,,9648,7520,77.9,2000-01-01,2026-05-31
58012,YAMBA PILOT STATION,-29.433,153.363,NSW,,9648,9582,99.3,2000-01-01,2026-05-31
58013,CONDONG SUGAR MILL,-28.317,153.433,NSW,,9648,0,0.0,2000-01-01,2026-05-31
58014,COPMANHURST POST OFFICE,-29.586,152.776,NSW,,9648,3210,33.3,2000-01-01,2026-05-31
58015,CORAKI (RICHMOND TERRACE),-28.985,153.286,NSW,,9648,7185,74.5,2000-01-01,2026-05-31
58017,CUDGEN PLANTATION,-28.3,153.55,NSW,,9648,0,0.0,2000-01-01,2026-05-31
58018,CUMBALUM (FAIRVIEW),-28.841,153.518,NSW,,9648,0,0.0,2000-01-01,2026-05-31
58019,DOON DOON (MCCABES ROAD),-28.531,153.315,NSW,,9648,9315,96.5,2000-01-01,2026-05-31
58020,MURWILLUMBAH (DUNGAY (TALESWOOD)),-28.289,153.365,NSW,,9648,9537,98.8,2000-01-01,2026-05-31
58021,DUNOON,-28.688,153.319,NSW,,9648,0,0.0,2000-01-01,2026-05-31
58024,GRAFTON CITY COUNCIL,-29.7,152.9,NSW,,9648,0,0.0,2000-01-01,2026-05-31
58025,SOUTH GRAFTON POST OFFICE,-29.707,152.94,NSW,,9648,1254,13.0,2000-01-01,2026-05-31
58026,GREVILLIA (SUMMERLAND WAY),-28.441,152.83,NSW,,9648,261,2.7,2000-01-01,2026-05-31
58027,HARWOOD ISLAND (HARWOOD SUGAR MILL),-29.423,153.253,NSW,,9648,9596,99.5,2000-01-01,2026-05-31
58032,KYOGLE POST OFFICE,-28.622,153.003,NSW,,9648,5057,52.4,2000-01-01,2026-05-31
58033,LAWRENCE POST OFFICE,-29.497,153.104,NSW,,9648,5345,55.4,2000-01-01,2026-05-31
58036,CHILLINGHAM (LIMPINWOOD),-28.31,153.223,NSW,,9648,9246,95.8,2000-01-01,2026-05-31
58037,LISMORE (CENTRE STREET),-28.807,153.263,NSW,,9648,1461,15.1,2000-01-01,2026-05-31
58038,MACLEAN (MCLACHLAN STREET),-29.452,153.201,NSW,,9648,2161,22.4,2000-01-01,2026-05-31
58039,MOUNT PIKAPENE FORESTRY,-29.038,152.69,NSW,,9648,0,0.0,2000-01-01,2026-05-31
58040,MULLUMBIMBY (FAIRVIEW FARM),-28.545,153.495,NSW,,9648,9106,94.4,2000-01-01,2026-05-31
58042,MURWILLUMBAH POST OFFICE,-28.317,153.4,NSW,,9648,0,0.0,2000-01-01,2026-05-31
58044,NIMBIN POST OFFICE,-28.597,153.223,NSW,,9648,7175,74.4,2000-01-01,2026-05-31
58045,NYMBOIDA (SUTTON ST),-29.936,152.726,NSW,,9648,8619,89.3,2000-01-01,2026-05-31
58046,PILLAR VALLEY,-29.75,153.117,NSW,,9648,0,0.0,2000-01-01,2026-05-31
58048,RAMORNIE,-29.6,152.8,NSW,,9648,0,0.0,2000-01-01,2026-05-31
58050,ROSEBERRY STATE FOREST NURSERY,-28.483,152.917,NSW,,9648,0,0.0,2000-01-01,2026-05-31
58052,TABBIMOBILE STATE FOREST,-29.2,153.267,NSW,,9648,0,0.0,2000-01-01,2026-05-31
58056,TWEED HEADS GOLF CLUB,-28.203,153.55,NSW,,9648,9555,99.0,2000-01-01,2026-05-31
58057,TYALGUM (WANUNGARA VIEW),-28.336,153.224,NSW,,9648,1683,17.4,2000-01-01,2026-05-31
58059,ULMARRA (NEWSAGENCY),-29.631,153.029,NSW,,9648,8506,88.2,2000-01-01,2026-05-31
58060,WHIAN WHIAN (RUMMERY PARK),-28.599,153.378,NSW,,9648,842,8.7,2000-01-01,2026-05-31
58061,WOODBURN (CEDAR ST),-29.073,153.341,NSW,,9648,7000,72.6,2000-01-01,2026-05-31
58063,CASINO AIRPORT,-28.875,153.049,NSW,,9648,4575,47.4,2000-01-01,2026-05-31
58065,BROADWATER SUGAR MILL,-29.017,153.433,NSW,,9648,0,0.0,2000-01-01,2026-05-31
58067,TOMEWIN (BORDER GATE),-28.241,153.378,NSW,,9648,2885,29.9,2000-01-01,2026-05-31
58070,ROSEBANK (REPENTANCE CREEK),-28.638,153.413,NSW,,9648,9530,98.8,2000-01-01,2026-05-31
58072,FEDERAL POST OFFICE,-28.653,153.454,NSW,,9648,0,0.0,2000-01-01,2026-05-31
58073,COPMANHURST (FERNGLEN),-29.535,152.801,NSW,,9648,7103,73.6,2000-01-01,2026-05-31
58074,KANGAROO CREEK (JALOOM),-29.931,152.866,NSW,,9648,6529,67.7,2000-01-01,2026-05-31
58077,GRAFTON RESEARCH STN,-29.622,152.96,NSW,,9648,8377,86.8,2000-01-01,2026-05-31
58078,BENTLEY,-28.778,153.113,NSW,,9648,4575,47.4,2000-01-01,2026-05-31
58080,WOOLI BEACH,-29.859,153.26,NSW,,9648,9449,97.9,2000-01-01,2026-05-31
58085,CLUNES,-28.731,153.406,NSW,,9648,0,0.0,2000-01-01,2026-05-31
58086,GUNDARIMBA (KOOLOOL),-28.856,153.278,NSW,,9648,0,0.0,2000-01-01,2026-05-31
58088,ETTRICK (CARARA),-28.672,152.908,NSW,,9648,2322,24.1,2000-01-01,2026-05-31
58091,SPRING HILL,-28.8,153.5,NSW,,9648,0,0.0,2000-01-01,2026-05-31
58093,WOLLONGBAR (CENTRAL PARK DRIVE),-28.819,153.416,NSW,,9648,121,1.3,2000-01-01,2026-05-31
58099,WHIPORIE POST OFFICE,-29.282,152.989,NSW,,9648,8491,88.0,2000-01-01,2026-05-31
58102,GRAFTON SOUTH (SOUTH GRAFTON  (YEERONG)),-29.737,152.785,NSW,,9648,9278,96.2,2000-01-01,2026-05-31
58103,BRUNSWICK HEADS BOWLING CLUB,-28.551,153.548,NSW,,9648,5535,57.4,2000-01-01,2026-05-31
58109,TYALGUM (KERRS LANE),-28.369,153.171,NSW,,9648,5237,54.3,2000-01-01,2026-05-31
58113,GREEN PIGEON (MORNING VIEW),-28.474,153.086,NSW,,9648,9559,99.1,2000-01-01,2026-05-31
58115,GREVILLIA  (LINDESAY VIEW),-28.385,152.879,NSW,,9648,3206,33.2,2000-01-01,2026-05-31
58127,CLUNES (FLATLEY DRIVE),-28.734,153.406,NSW,,9648,9305,96.4,2000-01-01,2026-05-31
58129,KUNGHUR (THE JUNCTION),-28.47,153.253,NSW,,9648,7397,76.7,2000-01-01,2026-05-31
58130,GRAFTON OLYMPIC POOL,-29.682,152.928,NSW,,9648,5510,57.1,2000-01-01,2026-05-31
58131,ALSTONVILLE TROPICAL FRUIT RESEARCH STAT,-28.852,153.456,NSW,,9648,4189,43.4,2000-01-01,2026-05-31
58133,CORNDALE (WILLOW VALE),-28.718,153.362,NSW,,9648,3153,32.7,2000-01-01,2026-05-31
58135,MEERSCHAUMVALE (MEERSCHAUM VALE (BARDEN),-28.893,153.448,NSW,,9648,5582,57.9,2000-01-01,2026-05-31
58138,KANGAROO CREEK  (HAYFIELD),-29.854,152.903,NSW,,9648,9490,98.4,2000-01-01,2026-05-31
58141,LOADSTONE (HIGH VIEW),-28.412,152.983,NSW,,9648,6477,67.1,2000-01-01,2026-05-31
58146,KYOGLE (LARKIN STREET),-28.621,152.998,NSW,,9648,5564,57.7,2000-01-01,2026-05-31
58147,THE CHANNON,-28.679,153.278,NSW,,9648,9192,95.3,2000-01-01,2026-05-31
58148,LILLIAN ROCK (WILLIAMS ROAD),-28.528,153.152,NSW,,9648,8062,83.6,2000-01-01,2026-05-31
58158,MURWILLUMBAH (BRAY PARK),-28.34,153.381,NSW,,9648,9163,95.0,2000-01-01,2026-05-31
58198,BALLINA AIRPORT AWS,-28.835,153.559,NSW,,9648,9460,98.1,2000-01-01,2026-05-31
58208,CASINO AIRPORT AWS,-28.882,153.062,NSW,,9648,9539,98.9,2000-01-01,2026-05-31
58212,EVANS HEAD RAAF BOMBING RANGE AWS,-29.183,153.396,NSW,,9648,9397,97.4,2000-01-01,2026-05-31
58214,LISMORE AIRPORT AWS,-28.831,153.26,NSW,,9648,8407,87.1,2000-01-01,2026-05-31
58216,BYRON BAY (CAPE BYRON AWS),-28.64,153.636,NSW,,9648,8303,86.1,2000-01-01,2026-05-31
58220,WOOLNERS ARM,-28.705,152.841,NSW,,9648,9559,99.1,2000-01-01,2026-05-31
59000,BELLBROOK (EAST STREET),-30.814,152.513,NSW,,9648,5735,59.4,2000-01-01,2026-05-31
59001,BELLINGEN POST OFFICE,-30.452,152.898,NSW,,9648,876,9.1,2000-01-01,2026-05-31
59002,BOWRAVILLE RECREATION CLUB,-30.65,152.849,NSW,,9648,9082,94.1,2000-01-01,2026-05-31
59003,BROOKLANA,-30.267,152.867,NSW,,9648,0,0.0,2000-01-01,2026-05-31
59004,BROOKLANA (BOBO NURSERY),-30.25,152.85,NSW,,9648,0,0.0,2000-01-01,2026-05-31
59006,LOWER BUCCA,-30.162,153.098,NSW,,9648,9428,97.7,2000-01-01,2026-05-31
59007,KEMPSEY AIRPORT AWS,-31.071,152.772,NSW,,9648,9149,94.8,2000-01-01,2026-05-31
59008,CLOUDS CREEK STATE FOREST,-30.09,152.633,NSW,,9648,0,0.0,2000-01-01,2026-05-31
59009,CORAMBA (GLENFIDDICH),-30.236,153.017,NSW,,9648,9282,96.2,2000-01-01,2026-05-31
59010,COFFS HARBOUR,-30.3,153.1,NSW,,9648,0,0.0,2000-01-01,2026-05-31
59011,UPPER URARA (THE KNOLL),-30.267,152.983,NSW,,9648,0,0.0,2000-01-01,2026-05-31
59012,DEER VALE,-30.317,152.55,NSW,,9648,0,0.0,2000-01-01,2026-05-31
59013,DORRIGO POST OFFICE,-30.342,152.712,NSW,,9648,572,5.9,2000-01-01,2026-05-31
59017,KEMPSEY (WIDE STREET),-31.077,152.823,NSW,,9648,5382,55.8,2000-01-01,2026-05-31
59018,MACKSVILLE COUNTRY CLUB,-30.724,152.917,NSW,,9648,5197,53.9,2000-01-01,2026-05-31
59019,EBOR (THE RACECOURSE),-30.364,152.406,NSW,,9648,8869,91.9,2000-01-01,2026-05-31
59021,MEGAN (THE MOUNT),-30.283,152.783,NSW,,9648,0,0.0,2000-01-01,2026-05-31
59022,GUY FAWKES 2,-30.4,152.4,NSW,,9648,0,0.0,2000-01-01,2026-05-31
59024,NAMBUCCA HEADS BOWLING CLUB,-30.644,153.0,NSW,,9648,6123,63.5,2000-01-01,2026-05-31
59026,UPPER ORARA (AURANIA),-30.308,152.987,NSW,,9648,4691,48.6,2000-01-01,2026-05-31
59029,RALEIGH POST OFFICE,-30.45,153.0,NSW,,9648,0,0.0,2000-01-01,2026-05-31
59030,SOUTH WEST ROCKS (SMOKY CAPE LIGHTHOUSE),-30.922,153.087,NSW,,9648,8535,88.5,2000-01-01,2026-05-31
59032,TAYLORS ARM,-30.779,152.702,NSW,,9648,5427,56.2,2000-01-01,2026-05-31
59033,THORA POST OFFICE,-30.425,152.779,NSW,,9648,4537,47.0,2000-01-01,2026-05-31
59034,HICKEYS CREEK (MILLBANK (LINDALE)),-30.877,152.612,NSW,,9648,924,9.6,2000-01-01,2026-05-31
59035,TOWALLUM (MAXWELTON),-30.006,152.84,NSW,,9648,0,0.0,2000-01-01,2026-05-31
59037,URUNGA (SUNSET PLACE),-30.496,153.012,NSW,,9648,4488,46.5,2000-01-01,2026-05-31
59038,BOWRAVILLE (WEEROONA),-30.683,152.75,NSW,,9648,0,0.0,2000-01-01,2026-05-31
59039,WOOLGOOLGA (CLEAR PLACE),-30.105,153.196,NSW,,9648,6337,65.7,2000-01-01,2026-05-31
59040,COFFS HARBOUR MO,-30.311,153.119,NSW,,9648,5702,59.1,2000-01-01,2026-05-31
59042,GLENREAGH POST OFFICE,-30.05,152.978,NSW,,9648,2520,26.1,2000-01-01,2026-05-31
59045,MELDRUM (COOLAWARRAH),-30.361,152.492,NSW,,9648,7305,75.7,2000-01-01,2026-05-31
59047,CRESCENT HEAD,-31.18,152.968,NSW,,9648,9335,96.8,2000-01-01,2026-05-31
59051,WOOLGOOLGA STATE FOREST,-30.117,153.183,NSW,,9648,0,0.0,2000-01-01,2026-05-31
59052,WILLAWARRIN (DENLEIGH),-30.9,152.663,NSW,,9648,4800,49.8,2000-01-01,2026-05-31
59055,TOOROOKA (MOPARRABAH),-30.97,152.511,NSW,,9648,8328,86.3,2000-01-01,2026-05-31
59067,DORRIGO (MYRTLE ST),-30.344,152.713,NSW,,9648,0,0.0,2000-01-01,2026-05-31
59078,PROMISED LAND (BELLINGEN (CRYSTAL CREEK),-30.349,152.903,NSW,,9648,8039,83.3,2000-01-01,2026-05-31
59094,BELLINGEN (THE OBSERVATORY),-30.417,152.867,NSW,,9648,0,0.0,2000-01-01,2026-05-31
59100,ORAMA (DARKWOOD ROAD),-30.434,152.675,NSW,,9648,9375,97.2,2000-01-01,2026-05-31
59120,THUMB CREEK (FIGTREE),-30.68,152.608,NSW,,9648,7841,81.3,2000-01-01,2026-05-31
59139,NANA GLEN (COWLING CLOSE),-30.103,153.0,NSW,,9648,9607,99.6,2000-01-01,2026-05-31
59140,DORRIGO (OLD CORAMBA RD),-30.344,152.719,NSW,,9648,9149,94.8,2000-01-01,2026-05-31
60000,BELLANGRY STATE FOREST 524,-31.317,152.583,NSW,,9648,0,0.0,2000-01-01,2026-05-31
60001,OXLEY ISLAND (LYNDHURST),-31.95,152.567,NSW,,9648,0,0.0,2000-01-01,2026-05-31
60002,BULAHDELAH POST OFFICE,-32.413,152.208,NSW,,9648,8253,85.5,2000-01-01,2026-05-31
60003,BULBY BRUSH (BLUE LOOK-OUT),-32.119,152.208,NSW,,9648,2040,21.1,2000-01-01,2026-05-31
60005,COMBOYNE POST OFFICE,-31.606,152.468,NSW,,9648,3650,37.8,2000-01-01,2026-05-31
60006,MOORLAND (COOPERNOOK STATE FOREST),-31.79,152.609,NSW,,9648,0,0.0,2000-01-01,2026-05-31
60009,COOLONGALOOK STATE FOREST,-32.2,152.317,NSW,,9648,0,0.0,2000-01-01,2026-05-31
60010,CUNDLETOWN POST OFFICE,-31.9,152.517,NSW,,9648,0,0.0,2000-01-01,2026-05-31
60012,ELANDS POST OFFICE,-31.633,152.3,NSW,,9648,0,0.0,2000-01-01,2026-05-31
60013,FORSTER - TUNCURRY MARINE RESCUE,-32.176,152.509,NSW,,9648,8310,86.1,2000-01-01,2026-05-31
60014,ELLERSTON (GLENROCK),-31.683,151.4,NSW,,9648,0,0.0,2000-01-01,2026-05-31
60015,GLOUCESTER POST OFFICE,-32.006,151.96,NSW,,9648,7817,81.0,2000-01-01,2026-05-31
60016,GREENWOOD,-31.8,151.5,NSW,,9648,0,0.0,2000-01-01,2026-05-31
60017,HANNAM VALE (HANNAM VALE ROAD),-31.7,152.583,NSW,,9648,8844,91.7,2000-01-01,2026-05-31
60020,KENDALL POST OFFICE,-31.632,152.705,NSW,,9648,3763,39.0,2000-01-01,2026-05-31
60021,KRAMBACH (FIREFLY RD),-32.056,152.265,NSW,,9648,8069,83.6,2000-01-01,2026-05-31
60022,LAURIETON (ELOUERA ST),-31.639,152.787,NSW,,9648,6463,67.0,2000-01-01,2026-05-31
60023,HARRINGTON (OXLEY ANCHORAGE CARAVAN PARK,-31.871,152.683,NSW,,9648,2532,26.2,2000-01-01,2026-05-31
60024,MOORLAND (DENRO-AN),-31.782,152.668,NSW,,9648,9087,94.2,2000-01-01,2026-05-31
60026,PORT MACQUARIE (HILL ST),-31.44,152.911,NSW,,9648,3558,36.9,2000-01-01,2026-05-31
60027,LORNE (LORNE ROAD),-31.656,152.614,NSW,,9648,5939,61.6,2000-01-01,2026-05-31
60028,SEAL ROCKS CAMPING RESERVE,-32.432,152.523,NSW,,9648,3975,41.2,2000-01-01,2026-05-31
60029,STEWARTS RIVER PUBLIC SCHOOL,-31.733,152.65,NSW,,9648,0,0.0,2000-01-01,2026-05-31
60030,TAREE (PATANGA CL),-31.891,152.471,NSW,,9648,6935,71.9,2000-01-01,2026-05-31
60031,TELEGRAPH POINT (FARRAWELLS ROAD),-31.336,152.785,NSW,,9648,7849,81.4,2000-01-01,2026-05-31
60033,KRAMBACH (BELLEVUE),-32.093,152.247,NSW,,9648,8973,93.0,2000-01-01,2026-05-31
60034,WAUCHOPE STATE FOREST,-31.467,152.733,NSW,,9648,0,0.0,2000-01-01,2026-05-31
60035,WAUCHOPE (AVONDALE STREET),-31.459,152.732,NSW,,9648,4037,41.8,2000-01-01,2026-05-31
60036,WINGHAM (LANARK CLOSE),-31.862,152.344,NSW,,9648,9434,97.8,2000-01-01,2026-05-31
60037,BUNDOOK (GLENHAUGH),-31.887,152.112,NSW,,9648,0,0.0,2000-01-01,2026-05-31
60039,KENDALL FORESTRY,-31.637,152.706,NSW,,9648,0,0.0,2000-01-01,2026-05-31
60041,DOYLES RIVER STATE FOREST,-31.417,152.15,NSW,,9648,0,0.0,2000-01-01,2026-05-31
60042,CRAVEN (LONGVIEW),-32.153,151.951,NSW,,9648,8971,93.0,2000-01-01,2026-05-31
60046,BOBIN (BOBIN CREEK),-31.688,152.269,NSW,,9648,8397,87.0,2000-01-01,2026-05-31
60052,UPPER ROLLANDS PLAINS (GREENACRES),-31.232,152.591,NSW,,9648,7560,78.4,2000-01-01,2026-05-31
60053,BRETTI (VINEGAR HILL),-31.797,151.906,NSW,,9648,3592,37.2,2000-01-01,2026-05-31
60055,LONG FLAT POST OFFICE,-31.437,152.491,NSW,,9648,7029,72.9,2000-01-01,2026-05-31
60062,WAUKIVORY (THE RANCH),-32.133,152.089,NSW,,9648,3090,32.0,2000-01-01,2026-05-31
60075,GLOUCESTER (UPPER BOWMAN),-31.95,151.792,NSW,,9648,9562,99.1,2000-01-01,2026-05-31
60080,COMBOYNE SOUTH,-31.627,152.443,NSW,,9648,7395,76.6,2000-01-01,2026-05-31
60082,NOWENDOC (BEAUFORT),-31.53,151.733,NSW,,9648,4787,49.6,2000-01-01,2026-05-31
60085,YARRAS (MOUNT SEAVIEW),-31.387,152.248,NSW,,9648,9638,99.9,2000-01-01,2026-05-31
60090,BIRDWOOD,-31.342,152.341,NSW,,9648,9463,98.1,2000-01-01,2026-05-31
60092,LANSDOWNE POST OFFICE,-31.784,152.535,NSW,,9648,7884,81.7,2000-01-01,2026-05-31
60103,KRAMBACH (TIPPERARY),-32.064,152.124,NSW,,9648,8968,93.0,2000-01-01,2026-05-31
60104,NOWENDOC (GREEN HILLS),-31.414,151.598,NSW,,9648,9501,98.5,2000-01-01,2026-05-31
60106,NUMBER ONE (MURRAYS CREEK),-31.665,152.064,NSW,,9648,8720,90.4,2000-01-01,2026-05-31
60121,ELANDS (BLACK SANDS CREEK),-31.567,152.24,NSW,,9648,9109,94.4,2000-01-01,2026-05-31
60139,PORT MACQUARIE AIRPORT AWS (COMPARISON),-31.433,152.865,NSW,,9648,8007,83.0,2000-01-01,2026-05-31
60141,TAREE AIRPORT AWS,-31.89,152.512,NSW,,9648,9561,99.1,2000-01-01,2026-05-31
61000,ABERDEEN (MAIN RD),-32.166,150.891,NSW,,9648,2707,28.1,2000-01-01,2026-05-31
61001,ALLANDALE (TINGARA),-32.717,151.417,NSW,,9648,0,0.0,2000-01-01,2026-05-31
61002,BLACKVILLE (KRUI VALE),-31.847,150.341,NSW,,9648,7663,79.4,2000-01-01,2026-05-31
61005,BRANXTON POST OFFICE,-32.65,151.35,NSW,,9648,0,0.0,2000-01-01,2026-05-31
61006,BRINDLEY PARK 2,-32.1,150.3,NSW,,9648,0,0.0,2000-01-01,2026-05-31
61007,BUNNAN (MILHAVEN),-32.033,150.584,NSW,,9648,8958,92.8,2000-01-01,2026-05-31
61008,CAMPBELLS HILL,-32.7,151.5,NSW,,9648,0,0.0,2000-01-01,2026-05-31
61009,CESSNOCK POST OFFICE,-32.827,151.366,NSW,,9648,0,0.0,2000-01-01,2026-05-31
61010,CLARENCE TOWN (PRINCE ST),-32.587,151.774,NSW,,9648,9578,99.3,2000-01-01,2026-05-31
61011,COCKLE CREEK (PASMINCO METALS),-32.946,151.627,NSW,,9648,1320,13.7,2000-01-01,2026-05-31
61012,COORANBONG (AVONDALE),-33.089,151.463,NSW,,9648,8014,83.1,2000-01-01,2026-05-31
61013,MERRIWA (CRANBOURNE),-31.983,150.333,NSW,,9648,31,0.3,2000-01-01,2026-05-31
61014,BRANXTON  (DALWOOD VINEYARD),-32.639,151.417,NSW,,9648,9267,96.1,2000-01-01,2026-05-31
61016,DENMAN (PALACE STREET),-32.389,150.689,NSW,,9648,5251,54.4,2000-01-01,2026-05-31
61017,DUNGOG POST OFFICE,-32.402,151.758,NSW,,9648,8858,91.8,2000-01-01,2026-05-31
61018,MUSWELLBROOK (EDDERTON),-32.4,150.833,NSW,,9648,0,0.0,2000-01-01,2026-05-31
61021,GOORANGOOLA,-32.3,151.2,NSW,,9648,0,0.0,2000-01-01,2026-05-31
61023,GOSFORD (GERTRUDE PLACE),-33.434,151.338,NSW,,9648,0,0.0,2000-01-01,2026-05-31
61024,GRESFORD POST OFFICE,-32.427,151.538,NSW,,9648,8498,88.1,2000-01-01,2026-05-31
61025,GRETA POST OFFICE,-32.683,151.383,NSW,,9648,0,0.0,2000-01-01,2026-05-31
61026,GUNDY (MILLER ST),-32.012,150.997,NSW,,9648,6856,71.1,2000-01-01,2026-05-31
61028,RAVENSWORTH (HILLVIEW),-32.433,151.067,NSW,,9648,0,0.0,2000-01-01,2026-05-31
61029,KULNURA (WILLIAM ROAD),-33.233,151.2,NSW,,9648,0,0.0,2000-01-01,2026-05-31
61030,HOWES VALLEY (KINDARUN),-32.867,150.833,NSW,,9648,0,0.0,2000-01-01,2026-05-31
61031,RAYMOND TERRACE (KINROSS),-32.773,151.736,NSW,,9648,9477,98.2,2000-01-01,2026-05-31
61032,LOCHINVAR,-32.7,151.45,NSW,,9648,0,0.0,2000-01-01,2026-05-31
61034,EAST MAITLAND BOWLING CLUB,-32.748,151.583,NSW,,9648,0,0.0,2000-01-01,2026-05-31
61035,MAITLAND WEST,-32.7,151.6,NSW,,9648,0,0.0,2000-01-01,2026-05-31
61040,MERRIWA (GUMMUN PLACE),-32.138,150.358,NSW,,9648,2557,26.5,2000-01-01,2026-05-31
61043,MILLERS FOREST SCHOOL,-32.75,151.7,NSW,,9648,0,0.0,2000-01-01,2026-05-31
61044,MITCHELLS FLAT,-32.567,151.283,NSW,,9648,0,0.0,2000-01-01,2026-05-31
61045,MONKERAI UPPER (REDLEAF),-32.283,151.833,NSW,,9648,0,0.0,2000-01-01,2026-05-31
61046,MORPETH POST OFFICE,-32.725,151.629,NSW,,9648,3170,32.9,2000-01-01,2026-05-31
61048,MULBRING (VINCENT STREET),-32.903,151.482,NSW,,9648,2771,28.7,2000-01-01,2026-05-31
61050,SEDGEFIELD (BUNDAJON),-32.5,151.286,NSW,,9648,5108,52.9,2000-01-01,2026-05-31
61051,MURRURUNDI POST OFFICE,-31.765,150.836,NSW,,9648,7012,72.7,2000-01-01,2026-05-31
61052,MUSCLE CREEK (CLENDINNING),-32.267,151.067,NSW,,9648,0,0.0,2000-01-01,2026-05-31
61053,MUSWELLBROOK (LOWER HILL ST),-32.261,150.885,NSW,,9648,4425,45.9,2000-01-01,2026-05-31
61054,NELSON BAY (NELSON HEAD),-32.71,152.161,NSW,,9648,8146,84.4,2000-01-01,2026-05-31
61055,NEWCASTLE NOBBYS SIGNAL STATION AWS,-32.918,151.798,NSW,,9648,9308,96.5,2000-01-01,2026-05-31
61056,POKOLBIN (BEN EAN),-32.797,151.28,NSW,,9648,5209,54.0,2000-01-01,2026-05-31
61057,OLNEY STATE FOREST,-33.1,151.25,NSW,,9648,0,0.0,2000-01-01,2026-05-31
61058,OWENS GAP (T.O.K.),-32.05,150.7,NSW,,9648,0,0.0,2000-01-01,2026-05-31
61059,PINE BRUSH,-32.5,151.8,NSW,,9648,0,0.0,2000-01-01,2026-05-31
61060,PLASHETT,-32.483,150.883,NSW,,9648,0,0.0,2000-01-01,2026-05-31
61062,POKOLBIN 1 POST OFFICE,-32.8,151.3,NSW,,9648,0,0.0,2000-01-01,2026-05-31
61063,RATHMINES AMO,-33.05,151.6,NSW,,9648,0,0.0,2000-01-01,2026-05-31
61064,RAYMOND TERRACE POST OFFICE,-32.762,151.74,NSW,,9648,0,0.0,2000-01-01,2026-05-31
61065,ABERDEEN (ROSSGOLE),-32.14,150.728,NSW,,9648,9514,98.6,2000-01-01,2026-05-31
61066,ROUCHEL BROOK,-32.15,151.083,NSW,,9648,0,0.0,2000-01-01,2026-05-31
61067,UPPER ROUCHEL SCHOOL,-32.122,151.091,NSW,,9648,1318,13.7,2000-01-01,2026-05-31
61068,SALISBURY POST OFFICE,-32.217,151.55,NSW,,9648,0,0.0,2000-01-01,2026-05-31
61069,SCONE (PHILIP STREET),-32.046,150.871,NSW,,9648,0,0.0,2000-01-01,2026-05-31
61070,SINGLETON POST OFFICE,-32.567,151.167,NSW,,9648,0,0.0,2000-01-01,2026-05-31
61071,STROUD POST OFFICE,-32.403,151.966,NSW,,9648,9056,93.9,2000-01-01,2026-05-31
61072,TAHLEE (CARRINGTON (CHURCH ST)),-32.667,152.015,NSW,,9648,5077,52.6,2000-01-01,2026-05-31
61073,MERRIWA (TERRAGONG),-32.078,150.37,NSW,,9648,7904,81.9,2000-01-01,2026-05-31
61074,THE ENTRANCE (ELOORA STREET),-33.353,151.496,NSW,,9648,5518,57.2,2000-01-01,2026-05-31
61075,MERRIWA (BOWGLEN),-32.228,150.216,NSW,,9648,6497,67.3,2000-01-01,2026-05-31
61076,RAYMOND TERRACE (WALLAROO STATE FOREST),-32.618,151.888,NSW,,9648,1600,16.6,2000-01-01,2026-05-31
61078,WILLIAMTOWN RAAF,-32.794,151.836,NSW,,9648,8968,93.0,2000-01-01,2026-05-31
61079,WINGEN (MURRULLA),-31.868,150.881,NSW,,9648,2635,27.3,2000-01-01,2026-05-31
61080,BELLTREES 1,-31.983,151.15,NSW,,9648,0,0.0,2000-01-01,2026-05-31
61081,WOLLONG,-32.9,151.5,NSW,,9648,0,0.0,2000-01-01,2026-05-31
61082,WYEE (WYEE FARMS RD),-33.179,151.441,NSW,,9648,6103,63.3,2000-01-01,2026-05-31
61083,WYONG (WYONG GOLF CLUB),-33.272,151.432,NSW,,9648,2847,29.5,2000-01-01,2026-05-31
61086,JERRYS PLAINS POST OFFICE,-32.496,150.911,NSW,,9648,5102,52.9,2000-01-01,2026-05-31
61087,GOSFORD (NARARA RESEARCH STATION) AWS,-33.395,151.329,NSW,,9648,4769,49.4,2000-01-01,2026-05-31
61089,SCONE SCS,-32.063,150.927,NSW,,9648,5814,60.3,2000-01-01,2026-05-31
61090,WOLLOMBI (NARONE CREEK RD),-32.935,151.151,NSW,,9648,5214,54.0,2000-01-01,2026-05-31
61092,ELDERSLIE,-32.593,151.333,NSW,,9648,9097,94.3,2000-01-01,2026-05-31
61093,OURIMBAH (DOG TRAP ROAD),-33.364,151.328,NSW,,9648,9241,95.8,2000-01-01,2026-05-31
61094,GLENBAWN DAM,-32.106,150.992,NSW,,9648,3277,34.0,2000-01-01,2026-05-31
61095,ROUCHEL BROOK (ALBANO),-32.194,151.093,NSW,,9648,9587,99.4,2000-01-01,2026-05-31
61096,PATERSON POST OFFICE,-32.6,151.618,NSW,,9648,8766,90.9,2000-01-01,2026-05-31
61097,MOONAN FLAT (HIGH ST),-31.92,151.236,NSW,,9648,8546,88.6,2000-01-01,2026-05-31
61098,BELLTREES HOMESTEAD,-32.0,151.133,NSW,,9648,0,0.0,2000-01-01,2026-05-31
61100,BROKE (HARROWBY),-32.767,151.087,NSW,,9648,7901,81.9,2000-01-01,2026-05-31
61104,ELLERSTON,-31.8,151.3,NSW,,9648,0,0.0,2000-01-01,2026-05-31
61105,GLENBIE,-32.267,150.517,NSW,,9648,0,0.0,2000-01-01,2026-05-31
61108,GOSFORD STATE NURSERY,-33.4,151.3,NSW,,9648,0,0.0,2000-01-01,2026-05-31
61115,ST.CLAIR,-32.3,151.3,NSW,,9648,0,0.0,2000-01-01,2026-05-31
61117,WAMBERAL POST OFFICE,-33.433,151.447,NSW,,9648,0,0.0,2000-01-01,2026-05-31
61118,WARKWORTH 1 PUBLIC SCHOOL,-32.3,151.017,NSW,,9648,0,0.0,2000-01-01,2026-05-31
61119,WISEMANS FERRY (OLD PO),-33.385,150.986,NSW,,9648,8280,85.8,2000-01-01,2026-05-31
61130,DOYLES CREEK (WOOD PARK),-32.512,150.796,NSW,,9648,9073,94.0,2000-01-01,2026-05-31
61135,UPPER ROUCHEL (MOUNT VIEW),-32.102,151.233,NSW,,9648,8161,84.6,2000-01-01,2026-05-31
61136,SALISBURY (BARRINGTON WILDERNESS COTTAGE,-32.152,151.523,NSW,,9648,2725,28.2,2000-01-01,2026-05-31
61143,BULGA (DOWN TOWN),-32.654,151.021,NSW,,9648,9614,99.6,2000-01-01,2026-05-31
61146,CARROW BROOK,-32.272,151.305,NSW,,9648,9314,96.5,2000-01-01,2026-05-31
61149,GLEN ALICE (EURELLA),-33.017,150.25,NSW,,9648,0,0.0,2000-01-01,2026-05-31
61151,CHICHESTER DAM,-32.243,151.683,NSW,,9648,9604,99.5,2000-01-01,2026-05-31
61152,CONGEWAI (GREENOCK),-32.999,151.291,NSW,,9648,8928,92.5,2000-01-01,2026-05-31
61158,GLENDON BROOK (LILYVALE),-32.507,151.378,NSW,,9648,5967,61.8,2000-01-01,2026-05-31
61159,WOLLOMBI (ROSEDALE),-32.899,151.16,NSW,,9648,1508,15.6,2000-01-01,2026-05-31
61164,LAGUNA (MURRAYS RUN),-33.105,151.168,NSW,,9648,4757,49.3,2000-01-01,2026-05-31
61165,KULNURA NORTH (WILCHER),-33.172,151.207,NSW,,9648,2723,28.2,2000-01-01,2026-05-31
61168,MUSWELLBROOK (LINDISFARNE),-32.315,150.755,NSW,,9648,8418,87.3,2000-01-01,2026-05-31
61170,DUNGOG - MAIN CREEK (YERANDA),-32.281,151.795,NSW,,9648,9083,94.1,2000-01-01,2026-05-31
61191,BULGA (SOUTH WAMBO),-32.613,150.976,NSW,,9648,9497,98.4,2000-01-01,2026-05-31
61192,MUSWELLBROOK (SPRING CREEK (CASTLE VALE),-32.209,150.737,NSW,,9648,8410,87.2,2000-01-01,2026-05-31
61195,MURRURUNDI (TIMOR),-31.773,151.078,NSW,,9648,8381,86.9,2000-01-01,2026-05-31
61196,ELLERSTON (POITREL),-31.707,151.213,NSW,,9648,8758,90.8,2000-01-01,2026-05-31
61201,WATAGAN CENTRAL,-33.026,151.188,NSW,,9648,7224,74.9,2000-01-01,2026-05-31
61204,BAERAMI CREEK (BRONWYN PARK),-32.536,150.448,NSW,,9648,7801,80.9,2000-01-01,2026-05-31
61205,YALLAMBIE (MOUNT AUBAN),-33.03,151.14,NSW,,9648,9303,96.4,2000-01-01,2026-05-31
61208,RAVENSWORTH ELECTRICITY COMMIS,-32.433,151.05,NSW,,9648,0,0.0,2000-01-01,2026-05-31
61211,COLO HEIGHTS (MOUNTAIN PINES),-33.357,150.707,NSW,,9648,9438,97.8,2000-01-01,2026-05-31
61215,RYLSTONE (KELGOOLA),-32.872,150.299,NSW,,9648,7848,81.3,2000-01-01,2026-05-31
61217,ST ALBANS (ESPIE ST),-33.29,150.971,NSW,,9648,8573,88.9,2000-01-01,2026-05-31
61220,YARRAMALONG (LEWENSBROOK),-33.238,151.3,NSW,,9648,9244,95.8,2000-01-01,2026-05-31
61223,MARYVILLE,-32.913,151.75,NSW,,9648,0,0.0,2000-01-01,2026-05-31
61238,POKOLBIN (SOMERSET),-32.813,151.304,NSW,,9648,6791,70.4,2000-01-01,2026-05-31
61241,CARRABOLLA  (WOODBURY),-32.242,151.381,NSW,,9648,3910,40.5,2000-01-01,2026-05-31
61242,CESSNOCK (NULKABA),-32.809,151.349,NSW,,9648,4552,47.2,2000-01-01,2026-05-31
61243,OAKLANDS (RAVENS WORTH),-32.433,151.017,NSW,,9648,0,0.0,2000-01-01,2026-05-31
61250,PATERSON (TOCAL AWS),-32.63,151.592,NSW,,9648,9489,98.4,2000-01-01,2026-05-31
61257,MIRANNIE,-32.383,151.383,NSW,,9648,0,0.0,2000-01-01,2026-05-31
61259,MAITLAND WEST AERO,-32.7,151.467,NSW,,9648,0,0.0,2000-01-01,2026-05-31
61260,CESSNOCK AIRPORT AWS,-32.791,151.337,NSW,,9648,9567,99.2,2000-01-01,2026-05-31
61270,BOWMANS CREEK (GRENELL),-32.271,151.144,NSW,,9648,9259,96.0,2000-01-01,2026-05-31
61273,NORAH HEAD LIGHTHOUSE,-33.281,151.576,NSW,,9648,1795,18.6,2000-01-01,2026-05-31
61275,SINGLETON ARMY,-32.613,151.172,NSW,,9648,0,0.0,2000-01-01,2026-05-31
61287,MERRIWA (ROSCOMMON),-32.185,150.174,NSW,,9648,9495,98.4,2000-01-01,2026-05-31
61288,LOSTOCK DAM,-32.332,151.459,NSW,,9648,8338,86.4,2000-01-01,2026-05-31
61294,AVOCA BEACH BOWLING CLUB,-33.467,151.412,NSW,,9648,9452,98.0,2000-01-01,2026-05-31
61295,NULKABA (O'CONNORS ROAD),-32.811,151.34,NSW,,9648,8710,90.3,2000-01-01,2026-05-31
61300,PARKVILLE (AROONA),-31.922,150.798,NSW,,9648,7445,77.2,2000-01-01,2026-05-31
61309,MILBRODALE (HILLSDALE),-32.688,150.973,NSW,,9648,9434,97.8,2000-01-01,2026-05-31
61315,ROUCHEL (BONNIE DOON),-32.163,151.158,NSW,,9648,9403,97.5,2000-01-01,2026-05-31
61316,MERRIWA (MAR-LEA),-32.067,150.233,NSW,,9648,8801,91.2,2000-01-01,2026-05-31
61317,SANDY HOLLOW (MT DANGER VINEYARDS),-32.333,150.567,NSW,,9648,0,0.0,2000-01-01,2026-05-31
61318,WOY WOY (EVERGLADES COUNTRY CLUB),-33.501,151.309,NSW,,9648,3684,38.2,2000-01-01,2026-05-31
61322,TORONTO WWTP,-33.002,151.579,NSW,,9648,5489,56.9,2000-01-01,2026-05-31
61327,POKOLBIN  (MYRTLEDALE),-32.825,151.261,NSW,,9648,8102,84.0,2000-01-01,2026-05-31
61329,POKOLBIN (JACKSONS HILL),-32.832,151.309,NSW,,9648,9505,98.5,2000-01-01,2026-05-31
61334,GLEN ALICE,-33.049,150.232,NSW,,9648,8598,89.1,2000-01-01,2026-05-31
61335,STEWARTS BROOK COMPOSITE,-32.0,151.283,NSW,,9648,0,0.0,2000-01-01,2026-05-31
61346,HUNTER SPRINGS (WONDECLA),-31.863,151.44,NSW,,9648,9050,93.8,2000-01-01,2026-05-31
61351,PEATS RIDGE (WARATAH ROAD),-33.31,151.244,NSW,,9648,5433,56.3,2000-01-01,2026-05-31
61356,ELLERSTON (HUNTERS VALE),-31.783,151.367,NSW,,9648,0,0.0,2000-01-01,2026-05-31
61363,SCONE AIRPORT AWS,-32.033,150.826,NSW,,9648,9577,99.3,2000-01-01,2026-05-31
61366,NORAH HEAD AWS,-33.281,151.577,NSW,,9648,9458,98.0,2000-01-01,2026-05-31
61371,SINGLETON WATER BOARD,-32.569,151.159,NSW,,9648,975,10.1,2000-01-01,2026-05-31
61375,MANGROVE MOUNTAIN AWS,-33.289,151.211,NSW,,9648,9454,98.0,2000-01-01,2026-05-31
61388,MAITLAND VISITORS CENTRE,-32.742,151.567,NSW,,9648,5871,60.9,2000-01-01,2026-05-31
61390,NEWCASTLE UNIVERSITY,-32.891,151.707,NSW,,9648,7338,76.1,2000-01-01,2026-05-31
61392,MURRURUNDI GAP AWS,-31.742,150.794,NSW,,9648,8293,86.0,2000-01-01,2026-05-31
61397,SINGLETON STP,-32.59,151.174,NSW,,9648,5860,60.7,2000-01-01,2026-05-31
62003,MUMBIL (BURRENDONG DAM),-32.666,149.102,NSW,,9648,8653,89.7,2000-01-01,2026-05-31
62004,BURRUNDULLA,-32.6,149.6,NSW,,9648,0,0.0,2000-01-01,2026-05-31
62005,CASSILIS POST OFFICE,-32.005,149.982,NSW,,9648,3055,31.7,2000-01-01,2026-05-31
62006,CHARBON STANDARD PORTLAND CEME,-32.9,149.967,NSW,,9648,0,0.0,2000-01-01,2026-05-31
62009,CASSILIS (DALKEITH),-31.996,149.986,NSW,,9648,9500,98.5,2000-01-01,2026-05-31
62012,CUDGEGONG (KIORA),-32.733,149.75,NSW,,9648,0,0.0,2000-01-01,2026-05-31
62013,GULGONG POST OFFICE,-32.363,149.533,NSW,,9648,8973,93.0,2000-01-01,2026-05-31
62014,HARGRAVES (GENERAL STORE),-32.788,149.464,NSW,,9648,7151,74.1,2000-01-01,2026-05-31
62015,MERRIWA (MERRY VALE),-31.927,150.223,NSW,,9648,3203,33.2,2000-01-01,2026-05-31
62017,KANDOS CEMENT WORKS,-32.865,149.975,NSW,,9648,4072,42.2,2000-01-01,2026-05-31
62018,KATELLA,-32.7,149.2,NSW,,9648,0,0.0,2000-01-01,2026-05-31
62019,MARLOO,-32.9,150.0,NSW,,9648,0,0.0,2000-01-01,2026-05-31
62020,BYLONG (MONTORO),-32.501,150.033,NSW,,9648,0,0.0,2000-01-01,2026-05-31
62021,MUDGEE (GEORGE STREET),-32.596,149.596,NSW,,9648,9483,98.3,2000-01-01,2026-05-31
62022,NANDOURA,-32.0,149.8,NSW,,9648,0,0.0,2000-01-01,2026-05-31
62023,OLINDA (SPRINGDALE),-32.85,150.133,NSW,,9648,0,0.0,2000-01-01,2026-05-31
62025,ROTHERWOOD,-31.9,150.0,NSW,,9648,0,0.0,2000-01-01,2026-05-31
62026,RYLSTONE (ILFORD RD),-32.808,149.977,NSW,,9648,8422,87.3,2000-01-01,2026-05-31
62027,SHEPHERDS CREEK,-33.0,149.1,NSW,,9648,0,0.0,2000-01-01,2026-05-31
62028,GOOLMA (BROOKLYN),-32.495,149.27,NSW,,9648,9006,93.3,2000-01-01,2026-05-31
62029,ILFORD (TARA),-32.981,149.81,NSW,,9648,9133,94.7,2000-01-01,2026-05-31
62030,WALLAROI,-32.8,149.033,NSW,,9648,0,0.0,2000-01-01,2026-05-31
62031,ILFORD (WARRANGUNYAH),-32.948,149.775,NSW,,9648,3929,40.7,2000-01-01,2026-05-31
62032,WOLLAR (BARRIGAN ST),-32.359,149.948,NSW,,9648,9373,97.1,2000-01-01,2026-05-31
62033,HARGRAVES (WEEROONA),-32.867,149.367,NSW,,9648,0,0.0,2000-01-01,2026-05-31
62034,STUART TOWN,-32.8,149.083,NSW,,9648,0,0.0,2000-01-01,2026-05-31
62035,LEADVILLE (MORETON BAY),-32.079,149.605,NSW,,9648,9567,99.2,2000-01-01,2026-05-31
62036,ULAN WATER,-32.281,149.741,NSW,,9648,7007,72.6,2000-01-01,2026-05-31
62046,KERRABEE (MURRUMBO),-32.408,150.243,NSW,,9648,5134,53.2,2000-01-01,2026-05-31
62056,WOLLAR (MAREE),-32.426,149.953,NSW,,9648,5753,59.6,2000-01-01,2026-05-31
62057,COOLAH (COOLAH CREEK),-31.741,149.9,NSW,,9648,1319,13.7,2000-01-01,2026-05-31
62069,MERRIWA (PEMBROKE),-32.017,150.15,NSW,,9648,0,0.0,2000-01-01,2026-05-31
62073,MOLONG (FERNLEIGH),-32.967,148.923,NSW,,9648,3466,35.9,2000-01-01,2026-05-31
62075,GALAMBINE (GOOREE PARK),-32.475,149.515,NSW,,9648,7975,82.7,2000-01-01,2026-05-31
62084,BUDGEE BUDGEE (BOTOBOLAR VINEYARD),-32.501,149.713,NSW,,9648,6704,69.5,2000-01-01,2026-05-31
62089,HARGRAVES (EDGE HILL),-32.894,149.381,NSW,,9648,9138,94.7,2000-01-01,2026-05-31
62099,STUART TOWN (CANOBLA),-32.837,148.996,NSW,,9648,8091,83.9,2000-01-01,2026-05-31
62100,NULLO MOUNTAIN AWS,-32.724,150.229,NSW,,9648,9436,97.8,2000-01-01,2026-05-31
62101,MUDGEE AIRPORT AWS,-32.563,149.615,NSW,,9648,9595,99.5,2000-01-01,2026-05-31
63000,ABERCROMBIE (ABERCROMBIE BRIDGE),-33.954,149.325,NSW,,9648,2751,28.5,2000-01-01,2026-05-31
63001,ORANGE (ADAIR),-33.194,149.008,NSW,,9648,225,2.3,2000-01-01,2026-05-31
63002,BARRY,-33.65,149.267,NSW,,9648,0,0.0,2000-01-01,2026-05-31
63003,BASSETT DOWNS,-33.75,148.7,NSW,,9648,0,0.0,2000-01-01,2026-05-31
63004,BATHURST GAOL,-33.417,149.55,NSW,,9648,0,0.0,2000-01-01,2026-05-31
63005,BATHURST AG STATION COMPARISON,-33.429,149.556,NSW,,9648,9067,94.0,2000-01-01,2026-05-31
63006,CADIA COMPOSITE,-33.5,149.0,NSW,,9648,0,0.0,2000-01-01,2026-05-31
63007,BINDA POST OFFICE,-34.324,149.363,NSW,,9648,5193,53.8,2000-01-01,2026-05-31
63009,BLACKHEATH (EVANS LOOKOUT RD),-33.65,150.293,NSW,,9648,5445,56.4,2000-01-01,2026-05-31
63010,BLAYNEY POST OFFICE,-33.535,149.26,NSW,,9648,0,0.0,2000-01-01,2026-05-31
63011,BORENORE STORE,-33.254,148.975,NSW,,9648,3637,37.7,2000-01-01,2026-05-31
63012,RUNNING STREAM (BROOKLYN),-33.025,149.879,NSW,,9648,9362,97.0,2000-01-01,2026-05-31
63013,BERAMBING,-33.537,150.441,NSW,,9648,8865,91.9,2000-01-01,2026-05-31
63017,ORANGE (CANOBOLAS PUBLIC SCHOOL),-33.306,149.046,NSW,,9648,1199,12.4,2000-01-01,2026-05-31
63018,ORANGE (CANOBOLAS STATE FOREST),-33.393,149.023,NSW,,9648,4842,50.2,2000-01-01,2026-05-31
63019,CARCOAR,-33.617,149.133,NSW,,9648,0,0.0,2000-01-01,2026-05-31
63021,COWRA POST OFFICE,-33.9,148.7,NSW,,9648,0,0.0,2000-01-01,2026-05-31
63022,COWRA AG RESEARCH STATION,-33.802,148.704,NSW,,9648,9097,94.3,2000-01-01,2026-05-31
63023,COWRA RESEARCH CENTRE (EVANS ST),-33.809,148.707,NSW,,9648,3983,41.3,2000-01-01,2026-05-31
63025,TARALGA (GRATHAWAI),-34.283,149.783,NSW,,9648,0,0.0,2000-01-01,2026-05-31
63026,ERAMBIE,-33.1,149.0,NSW,,9648,0,0.0,2000-01-01,2026-05-31
63028,FAULCONBRIDGE (ST GEORGES CRESCENT),-33.693,150.529,NSW,,9648,9167,95.0,2000-01-01,2026-05-31
63029,MANDURAMA (GALLYMONT (HOMELEIGH)),-33.744,149.105,NSW,,9648,8802,91.2,2000-01-01,2026-05-31
63030,OBERON (GINGKIN),-33.889,149.937,NSW,,9648,2966,30.7,2000-01-01,2026-05-31
63032,GOLSPIE (AYRSTON),-34.279,149.665,NSW,,9648,6667,69.1,2000-01-01,2026-05-31
63033,GURNANG STATE FOREST (OBERON (YOUNG ADUL,-34.011,149.837,NSW,,9648,2761,28.6,2000-01-01,2026-05-31
63035,HILL END POST OFFICE,-33.036,149.415,NSW,,9648,9137,94.7,2000-01-01,2026-05-31
63036,OBERON (JENOLAN CAVES),-33.819,150.022,NSW,,9648,8359,86.6,2000-01-01,2026-05-31
63037,OBERON (JENOLAN STATE FOREST),-33.75,150.038,NSW,,9648,0,0.0,2000-01-01,2026-05-31
63039,KATOOMBA (FARNELLS RD),-33.714,150.295,NSW,,9648,9075,94.1,2000-01-01,2026-05-31
63040,KINGS TABLELANDS,-33.767,150.383,NSW,,9648,0,0.0,2000-01-01,2026-05-31
63042,KURRAJONG POST OFFICE,-33.556,150.668,NSW,,9648,0,0.0,2000-01-01,2026-05-31
63043,KURRAJONG HEIGHTS (BELLS LINE OF ROAD),-33.535,150.634,NSW,,9648,8296,86.0,2000-01-01,2026-05-31
63044,LAWSON (WILSON STREET),-33.725,150.432,NSW,,9648,1457,15.1,2000-01-01,2026-05-31
63045,LEURA POST OFFICE,-33.712,150.342,NSW,,9648,0,0.0,2000-01-01,2026-05-31
63046,LIDSDALE STATE FOREST,-33.45,150.05,NSW,,9648,0,0.0,2000-01-01,2026-05-31
63048,LITTLE HARTLEY (SHEEPCOMBE),-33.567,150.2,NSW,,9648,0,0.0,2000-01-01,2026-05-31
63049,LOWTHER PARK,-33.609,150.086,NSW,,9648,9222,95.6,2000-01-01,2026-05-31
63050,LYNDHURST,-33.7,149.0,NSW,,9648,0,0.0,2000-01-01,2026-05-31
63052,METHVEN,-33.5,150.1,NSW,,9648,0,0.0,2000-01-01,2026-05-31
63053,MILLTHORPE (INALA),-33.446,149.185,NSW,,9648,1139,11.8,2000-01-01,2026-05-31
63055,MOUNT MCDONALD,-33.917,148.95,NSW,,9648,0,0.0,2000-01-01,2026-05-31
63056,MOUNT VICTORIA (MT VICTORIA (SELSDON STR,-33.592,150.254,NSW,,9648,0,0.0,2000-01-01,2026-05-31
63057,MOUNT WILSON (NOOROO),-33.5,150.367,NSW,,9648,0,0.0,2000-01-01,2026-05-31
63058,MULLION CREEK (MULLION RANGE FOREST),-33.093,149.128,NSW,,9648,0,0.0,2000-01-01,2026-05-31
63062,LITHGOW (NEWNES FOREST CENTRE),-33.367,150.238,NSW,,9648,0,0.0,2000-01-01,2026-05-31
63063,OBERON (ALBION ST),-33.699,149.867,NSW,,9648,5465,56.6,2000-01-01,2026-05-31
63064,O'CONNELL (STRATFORD),-33.532,149.727,NSW,,9648,5596,58.0,2000-01-01,2026-05-31
63065,ORANGE POST OFFICE,-33.283,149.1,NSW,,9648,0,0.0,2000-01-01,2026-05-31
63066,ORANGE (MCLAUGHLIN ST),-33.274,149.111,NSW,,9648,2883,29.9,2000-01-01,2026-05-31
63067,ORANGE 3,-33.333,149.1,NSW,,9648,0,0.0,2000-01-01,2026-05-31
63069,PERTHVILLE,-33.5,149.517,NSW,,9648,0,0.0,2000-01-01,2026-05-31
63071,PORTLAND (JAMIESON ST),-33.352,149.991,NSW,,9648,8047,83.4,2000-01-01,2026-05-31
63072,LITTLE HARTLEY (LITTLE  HARTLEY (LITTLE,-33.696,150.134,NSW,,9648,6472,67.1,2000-01-01,2026-05-31
63073,ROCKLEY POST OFFICE,-33.69,149.563,NSW,,9648,8094,83.9,2000-01-01,2026-05-31
63076,SOFALA OLD POST OFFICE,-33.081,149.69,NSW,,9648,9600,99.5,2000-01-01,2026-05-31
63077,SPRINGWOOD (VALLEY HEIGHTS),-33.706,150.585,NSW,,9648,7598,78.8,2000-01-01,2026-05-31
63079,SUNNY CORNER (SNOW LINE),-33.394,149.902,NSW,,9648,2978,30.9,2000-01-01,2026-05-31
63080,BLACK SPRINGS (SWATCHFIELD),-33.891,149.71,NSW,,9648,3148,32.6,2000-01-01,2026-05-31
63083,TRUNKEY CREEK (TRUNKEY (BLACK STUMP HOTE,-33.819,149.324,NSW,,9648,4827,50.0,2000-01-01,2026-05-31
63084,TUENA,-34.017,149.317,NSW,,9648,0,0.0,2000-01-01,2026-05-31
63085,PALING YARDS (ULABRI),-33.181,149.741,NSW,,9648,6961,72.1,2000-01-01,2026-05-31
63086,BLAYNEY (VITTORIA),-33.45,149.333,NSW,,9648,0,0.0,2000-01-01,2026-05-31
63087,BLACK SPRINGS FORESTRY,-33.846,149.74,NSW,,9648,3759,39.0,2000-01-01,2026-05-31
63089,WATTLE FLAT GENERAL STORE,-33.141,149.693,NSW,,9648,2465,25.5,2000-01-01,2026-05-31
63090,WELLWOOD,-33.317,149.15,NSW,,9648,0,0.0,2000-01-01,2026-05-31
63092,WENTWORTH FALLS POST OFFICE,-33.717,150.383,NSW,,9648,0,0.0,2000-01-01,2026-05-31
63093,WOMBEYAN CAVES,-34.309,149.968,NSW,,9648,9154,94.9,2000-01-01,2026-05-31
63094,BIGGA (WOOLBROOK),-33.996,149.124,NSW,,9648,6715,69.6,2000-01-01,2026-05-31
63095,YERRANDERIE (PRIVATE TOWN),-34.117,150.217,NSW,,9648,0,0.0,2000-01-01,2026-05-31
63096,SHOOTERS HILL (KOORA KOORA),-33.895,149.861,NSW,,9648,1201,12.4,2000-01-01,2026-05-31
63098,WOODSTOCK POST OFFICE,-33.744,148.849,NSW,,9648,1538,15.9,2000-01-01,2026-05-31
63111,KIRKCONNELL PRISON CAMP,-33.417,149.85,NSW,,9648,0,0.0,2000-01-01,2026-05-31
63113,ORANGE (ANGULLONG),-33.55,148.91,NSW,,9648,9546,98.9,2000-01-01,2026-05-31
63116,BIGGA (WYOMING),-34.086,149.139,NSW,,9648,3761,39.0,2000-01-01,2026-05-31
63117,LYNDHURST OLD BAKERY,-33.674,149.047,NSW,,9648,8086,83.8,2000-01-01,2026-05-31
63118,BILPIN (FERN GROVE),-33.516,150.489,NSW,,9648,9583,99.3,2000-01-01,2026-05-31
63119,CROOKED CORNER (WINGADEENA),-34.235,149.265,NSW,,9648,9133,94.7,2000-01-01,2026-05-31
63125,TARALGA (WOWAGIN),-34.44,149.73,NSW,,9648,896,9.3,2000-01-01,2026-05-31
63128,NEVILLE (CARCOAR ST),-33.71,149.214,NSW,,9648,6820,70.7,2000-01-01,2026-05-31
63132,LIDSDALE (MADDOX LANE),-33.38,150.082,NSW,,9648,9571,99.2,2000-01-01,2026-05-31
63136,YETHOLME (KURRAWONG),-33.43,149.845,NSW,,9648,1081,11.2,2000-01-01,2026-05-31
63146,CHEETHAM FLATS (JUNDAS),-33.554,150.053,NSW,,9648,9554,99.0,2000-01-01,2026-05-31
63154,OBERON (SWEET WATTLE),-33.718,149.781,NSW,,9648,2954,30.6,2000-01-01,2026-05-31
63155,OBERON (AMBLESIDE),-33.72,149.746,NSW,,9648,6959,72.1,2000-01-01,2026-05-31
63164,LITHGOW (KYLIE PARK),-33.555,150.112,NSW,,9648,3519,36.5,2000-01-01,2026-05-31
63167,CANOWINDRA (RIVERSIDE),-33.533,148.753,NSW,,9648,5798,60.1,2000-01-01,2026-05-31
63180,GLEN ALICE (WATERVALE),-33.065,150.095,NSW,,9648,0,0.0,2000-01-01,2026-05-31
63185,GLENBROOK BOWLING CLUB,-33.764,150.619,NSW,,9648,4908,50.9,2000-01-01,2026-05-31
63188,BLACK SPRINGS,-33.85,149.75,NSW,,9648,0,0.0,2000-01-01,2026-05-31
63193,KEMPTON,-34.3,149.6,NSW,,9648,0,0.0,2000-01-01,2026-05-31
63198,BURRAGA 2,-34.0,149.5,NSW,,9648,0,0.0,2000-01-01,2026-05-31
63211,BIGGA (GREENMANTLE),-33.93,149.097,NSW,,9648,2893,30.0,2000-01-01,2026-05-31
63216,CARCOAR (ICELY STREET),-33.617,149.133,NSW,,9648,0,0.0,2000-01-01,2026-05-31
63224,LITHGOW (BIRDWOOD ST),-33.49,150.15,NSW,,9648,2292,23.8,2000-01-01,2026-05-31
63226,LITHGOW (COOERWULL),-33.477,150.13,NSW,,9648,7203,74.7,2000-01-01,2026-05-31
63227,WENTWORTH FALLS COUNTRY CLUB,-33.698,150.367,NSW,,9648,5368,55.6,2000-01-01,2026-05-31
63231,ORANGE AIRPORT COMPARISON,-33.382,149.123,NSW,,9648,4207,43.6,2000-01-01,2026-05-31
63233,ROCKLEY (CLEVELANDS),-33.651,149.64,NSW,,9648,3958,41.0,2000-01-01,2026-05-31
63234,WALLI (KENTUCKY),-33.671,148.857,NSW,,9648,8210,85.1,2000-01-01,2026-05-31
63236,THE LAGOON (SPRINGFIELD),-33.554,149.604,NSW,,9648,5933,61.5,2000-01-01,2026-05-31
63237,ORANGE TV CHANNEL CNB8,-33.3,149.117,NSW,,9648,0,0.0,2000-01-01,2026-05-31
63246,MOUNT WILSON (CLARINE),-33.511,150.371,NSW,,9648,9521,98.7,2000-01-01,2026-05-31
63247,GLENARA,-33.6,150.65,NSW,,9648,0,0.0,2000-01-01,2026-05-31
63254,ORANGE AGRICULTURAL INSTITUTE,-33.321,149.083,NSW,,9648,8340,86.4,2000-01-01,2026-05-31
63258,ATHOL 1,-33.5,149.3,NSW,,9648,0,0.0,2000-01-01,2026-05-31
63259,CARCOAR (ERROWANBANG),-33.55,149.05,NSW,,9648,0,0.0,2000-01-01,2026-05-31
63267,WYANGALA DAM,-33.973,148.945,NSW,,9648,4437,46.0,2000-01-01,2026-05-31
63271,TUENA (WYOMING),-34.041,149.365,NSW,,9648,9597,99.5,2000-01-01,2026-05-31
63291,BATHURST AIRPORT AWS,-33.412,149.654,NSW,,9648,9608,99.6,2000-01-01,2026-05-31
63292,MOUNT BOYCE AWS,-33.618,150.274,NSW,,9648,9563,99.1,2000-01-01,2026-05-31
63293,OBERON (JENOLAN CAVES ROAD),-33.74,149.882,NSW,,9648,9354,97.0,2000-01-01,2026-05-31
63301,BOWEN MOUNTAIN (GRANDVIEW LANE),-33.578,150.634,NSW,,9648,2591,26.9,2000-01-01,2026-05-31
63303,ORANGE AIRPORT AWS,-33.377,149.126,NSW,,9648,9563,99.1,2000-01-01,2026-05-31
63307,TARALGA (KIRIWIN),-34.341,149.789,NSW,,9648,6322,65.5,2000-01-01,2026-05-31
64000,BEARBUNG (ALLER),-31.635,148.846,NSW,,9648,5495,57.0,2000-01-01,2026-05-31
64001,BIAMBLE,-31.75,149.2,NSW,,9648,0,0.0,2000-01-01,2026-05-31
64004,BINNAWAY (WATTLE ST),-31.555,149.383,NSW,,9648,3824,39.6,2000-01-01,2026-05-31
64007,NEILREX (CAIGAN),-31.723,149.256,NSW,,9648,3603,37.3,2000-01-01,2026-05-31
64008,COONABARABRAN (SHOWGROUNDS),-31.279,149.279,NSW,,9648,9270,96.1,2000-01-01,2026-05-31
64009,DUNEDOO POST OFFICE,-32.016,149.396,NSW,,9648,9256,95.9,2000-01-01,2026-05-31
64010,ELONG ELONG (BENDEELA ST),-32.114,149.036,NSW,,9648,9589,99.4,2000-01-01,2026-05-31
64012,FORKED MOUNTAIN,-31.2,149.35,NSW,,9648,0,0.0,2000-01-01,2026-05-31
64013,BINNAWAY (HAWTHORNE),-31.642,149.427,NSW,,9648,7605,78.8,2000-01-01,2026-05-31
64014,MARRAN,-31.6,149.2,NSW,,9648,0,0.0,2000-01-01,2026-05-31
64015,MENDOORAN POST OFFICE,-31.823,149.122,NSW,,9648,9451,98.0,2000-01-01,2026-05-31
64016,COONABARABRAN (MIA MIA),-31.3,149.55,NSW,,9648,0,0.0,2000-01-01,2026-05-31
64017,COONABARABRAN AIRPORT AWS,-31.333,149.27,NSW,,9648,8972,93.0,2000-01-01,2026-05-31
64020,PURLEWAUGH (KEODOEL LANE),-31.343,149.508,NSW,,9648,5982,62.0,2000-01-01,2026-05-31
64021,TONDERBURINE,-31.35,148.733,NSW,,9648,0,0.0,2000-01-01,2026-05-31
64022,TOORAWEENAH (DENHAM ST),-31.44,148.91,NSW,,9648,4086,42.4,2000-01-01,2026-05-31
64023,ULAMAMBRI POST OFFICE,-31.35,149.4,NSW,,9648,0,0.0,2000-01-01,2026-05-31
64024,GILGANDRA (WALLUMBURRAWANG),-31.562,148.955,NSW,,9648,9546,98.9,2000-01-01,2026-05-31
64025,COOLAH (BINNIA ST),-31.823,149.72,NSW,,9648,6110,63.3,2000-01-01,2026-05-31
64026,COBBORA (KUNDIAWA),-32.043,149.239,NSW,,9648,7091,73.5,2000-01-01,2026-05-31
64028,WEETALIBA (WEETALABAH),-31.634,149.575,NSW,,9648,5420,56.2,2000-01-01,2026-05-31
64041,COONABARABRAN (BARINA),-31.314,149.205,NSW,,9648,5356,55.5,2000-01-01,2026-05-31
64046,COONABARABRAN (WESTMOUNT),-31.289,149.069,NSW,,9648,4874,50.5,2000-01-01,2026-05-31
64050,WEETALIBA (MUNNA),-31.646,149.621,NSW,,9648,9381,97.2,2000-01-01,2026-05-31
64051,COBBORA (KANDIMULLA),-32.027,149.228,NSW,,9648,0,0.0,2000-01-01,2026-05-31
65000,ARTHURVILLE (CRAMOND),-32.498,148.749,NSW,,9648,9052,93.8,2000-01-01,2026-05-31
65003,BODANGORA POST OFFICE,-32.45,149.0,NSW,,9648,0,0.0,2000-01-01,2026-05-31
65005,BUMBERRY,-33.2,148.5,NSW,,9648,0,0.0,2000-01-01,2026-05-31
65006,CANOWINDRA (CANOWINDRA STREET),-33.572,148.662,NSW,,9648,5956,61.7,2000-01-01,2026-05-31
65007,CARGO POST OFFICE,-33.417,148.817,NSW,,9648,0,0.0,2000-01-01,2026-05-31
65010,CUDAL POST OFFICE,-33.287,148.74,NSW,,9648,9151,94.8,2000-01-01,2026-05-31
65011,CUMNOCK (WILLOW PARK),-32.935,148.755,NSW,,9648,4691,48.6,2000-01-01,2026-05-31
65012,DUBBO (DARLING STREET),-32.239,148.609,NSW,,9648,2291,23.7,2000-01-01,2026-05-31
65013,EUGOWRA POST OFFICE,-33.426,148.369,NSW,,9648,6920,71.7,2000-01-01,2026-05-31
65016,FORBES (CAMP STREET),-33.389,148.008,NSW,,9648,0,0.0,2000-01-01,2026-05-31
65017,GAREMA,-33.553,147.935,NSW,,9648,0,0.0,2000-01-01,2026-05-31
65018,GEURIE POST OFFICE,-32.399,148.828,NSW,,9648,5418,56.2,2000-01-01,2026-05-31
65019,GOOLOOGONG POST OFFICE,-33.615,148.435,NSW,,9648,8401,87.1,2000-01-01,2026-05-31
65020,MANILDRA (GEORGE ST),-33.183,148.694,NSW,,9648,8440,87.5,2000-01-01,2026-05-31
65022,MANILDRA (HAZELDALE),-33.163,148.588,NSW,,9648,9509,98.6,2000-01-01,2026-05-31
65023,MOLONG (HILL ST),-33.088,148.858,NSW,,9648,8010,83.0,2000-01-01,2026-05-31
65024,PARKES (NELUNGALOO (NELUNGALOO)),-33.179,147.977,NSW,,9648,606,6.3,2000-01-01,2026-05-31
65025,OBLEY,-32.7,148.5,NSW,,9648,0,0.0,2000-01-01,2026-05-31
65026,PARKES (MACARTHUR STREET),-33.142,148.164,NSW,,9648,4596,47.6,2000-01-01,2026-05-31
65028,WELLINGTON (SPRINGFIELD),-32.8,148.8,NSW,,9648,0,0.0,2000-01-01,2026-05-31
65029,SUNTOP,-32.6,148.8,NSW,,9648,0,0.0,2000-01-01,2026-05-31
65030,DUBBO (MENTONE),-32.519,148.519,NSW,,9648,9428,97.7,2000-01-01,2026-05-31
65031,WANDARY,-33.4,148.1,NSW,,9648,0,0.0,2000-01-01,2026-05-31
65032,WANDOO WANDONG,-32.7,148.4,NSW,,9648,0,0.0,2000-01-01,2026-05-31
65034,WELLINGTON (D&J RURAL),-32.563,148.95,NSW,,9648,9526,98.7,2000-01-01,2026-05-31
65035,WELLINGTON RESEARCH CENTRE,-32.506,148.971,NSW,,9648,1882,19.5,2000-01-01,2026-05-31
65036,YEOVAL POST OFFICE,-32.754,148.648,NSW,,9648,8580,88.9,2000-01-01,2026-05-31
65037,DUBBO STATE FOREST,-32.267,148.617,NSW,,9648,0,0.0,2000-01-01,2026-05-31
65039,FORBES (MUDDY WATER),-33.328,147.847,NSW,,9648,9042,93.7,2000-01-01,2026-05-31
65048,OOMA,-33.7,148.1,NSW,,9648,0,0.0,2000-01-01,2026-05-31
65052,DUNDULLIMAL,-32.3,148.6,NSW,,9648,0,0.0,2000-01-01,2026-05-31
65068,PARKES AIRPORT AWS,-33.128,148.243,NSW,,9648,9478,98.2,2000-01-01,2026-05-31
65070,DUBBO AIRPORT AWS,-32.221,148.575,NSW,,9648,9572,99.2,2000-01-01,2026-05-31
65072,GAREMA (FOREST LODGE),-33.612,148.149,NSW,,9648,6744,69.9,2000-01-01,2026-05-31
65082,DUBBO (WILBERTREE),-32.355,148.579,NSW,,9648,2875,29.8,2000-01-01,2026-05-31
65091,COWRA AIRPORT COMPARISON,-33.845,148.653,NSW,,9648,4230,43.8,2000-01-01,2026-05-31
65103,FORBES AIRPORT AWS,-33.363,147.921,NSW,,9648,9476,98.2,2000-01-01,2026-05-31
65107,DUBBO (MURONBUNG (BRIDGEVIEW)),-32.171,148.971,NSW,,9648,3708,38.4,2000-01-01,2026-05-31
66000,ASHFIELD BOWLING CLUB,-33.885,151.134,NSW,,9648,2097,21.7,2000-01-01,2026-05-31
66001,AUDLEY NATIONAL PARK BOTTOM ST,-34.067,151.05,NSW,,9648,0,0.0,2000-01-01,2026-05-31
66002,BALGOWLAH (ETHEL STREET),-33.8,151.251,NSW,,9648,0,0.0,2000-01-01,2026-05-31
66003,BANKSTOWN (CONDELL PARK),-33.917,151.017,NSW,,9648,0,0.0,2000-01-01,2026-05-31
66004,BEXLEY BOWLING CLUB,-33.943,151.11,NSW,,9648,2701,28.0,2000-01-01,2026-05-31
66005,BONDI BOWLING CLUB,-33.883,151.267,NSW,,9648,0,0.0,2000-01-01,2026-05-31
66006,SYDNEY BOTANIC GARDENS,-33.866,151.216,NSW,,9648,9453,98.0,2000-01-01,2026-05-31
66007,BOTANY NO.1 DAM,-33.933,151.217,NSW,,9648,0,0.0,2000-01-01,2026-05-31
66008,BROOKLYN (SANDBROOK INLET),-33.548,151.208,NSW,,9648,1972,20.4,2000-01-01,2026-05-31
66010,CHATSWOOD COUNCIL DEPOT,-33.801,151.192,NSW,,9648,0,0.0,2000-01-01,2026-05-31
66012,CHATSWOOD WATER SUPPLY,-33.8,151.2,NSW,,9648,0,0.0,2000-01-01,2026-05-31
66013,CONCORD GOLF CLUB,-33.852,151.099,NSW,,9648,9563,99.1,2000-01-01,2026-05-31
66014,CRONULLA SOUTH BOWLING CLUB,-34.07,151.151,NSW,,9648,4371,45.3,2000-01-01,2026-05-31
66015,CROWN ST. RESERVOIR,-33.883,151.2,NSW,,9648,0,0.0,2000-01-01,2026-05-31
66017,FIVE DOCK (BARNWELL PARK GOLF COURSE),-33.868,151.119,NSW,,9648,816,8.5,2000-01-01,2026-05-31
66018,EARLWOOD BOWLING CLUB,-33.933,151.117,NSW,,9648,0,0.0,2000-01-01,2026-05-31
66020,EPPING CHESTER STREET,-33.769,151.085,NSW,,9648,1007,10.4,2000-01-01,2026-05-31
66021,ALEXANDRIA (ERSKINEVILLE),-33.917,151.2,NSW,,9648,0,0.0,2000-01-01,2026-05-31
66025,WARWICK FARM (LIVERPOOL TREATMENT WORKS),-33.919,150.938,NSW,,9648,0,0.0,2000-01-01,2026-05-31
66028,HORNSBY (PRETORIA PARADE),-33.708,151.084,NSW,,9648,0,0.0,2000-01-01,2026-05-31
66032,LINDFIELD WEST,-33.782,151.149,NSW,,9648,0,0.0,2000-01-01,2026-05-31
66035,MANLY TOWN HALL,-33.8,151.3,NSW,,9648,0,0.0,2000-01-01,2026-05-31
66036,MARRICKVILLE GOLF CLUB,-33.919,151.14,NSW,,9648,8838,91.6,2000-01-01,2026-05-31
66037,SYDNEY AIRPORT AMO,-33.947,151.173,NSW,,9648,9612,99.6,2000-01-01,2026-05-31
66040,MIRANDA (BLACKWOOD ST),-34.041,151.098,NSW,,9648,1272,13.2,2000-01-01,2026-05-31
66041,MOSMAN WATER SUPPLY,-33.833,151.25,NSW,,9648,0,0.0,2000-01-01,2026-05-31
66042,MOSMAN (BAPAUME ROAD),-33.819,151.243,NSW,,9648,1617,16.8,2000-01-01,2026-05-31
66044,CROMER GOLF CLUB,-33.725,151.272,NSW,,9648,4126,42.8,2000-01-01,2026-05-31
66045,NEWPORT BOWLING CLUB,-33.657,151.319,NSW,,9648,3869,40.1,2000-01-01,2026-05-31
66046,PARRAMATTA,-33.817,151.0,NSW,,9648,0,0.0,2000-01-01,2026-05-31
66047,PENNANT HILLS (YARRARA ROAD),-33.732,151.077,NSW,,9648,5044,52.3,2000-01-01,2026-05-31
66049,PENSHURST,-33.967,151.083,NSW,,9648,0,0.0,2000-01-01,2026-05-31
66050,POTTS HILL RESERVOIR,-33.889,151.029,NSW,,9648,4112,42.6,2000-01-01,2026-05-31
66051,LITTLE BAY (THE COAST GOLF CLUB),-33.983,151.25,NSW,,9648,3450,35.8,2000-01-01,2026-05-31
66052,RANDWICK (RANDWICK ST),-33.908,151.242,NSW,,9648,9594,99.4,2000-01-01,2026-05-31
66054,REVESBY (PATEN STREET),-33.947,151.006,NSW,,9648,4893,50.7,2000-01-01,2026-05-31
66055,LIDCOMBE (CARNARVON GOLF CLUB),-33.867,151.033,NSW,,9648,0,0.0,2000-01-01,2026-05-31
66056,ROSEVILLE BOWLING CLUB,-33.783,151.183,NSW,,9648,0,0.0,2000-01-01,2026-05-31
66057,RYDE PUMPING STATION,-33.817,151.1,NSW,,9648,0,0.0,2000-01-01,2026-05-31
66058,SANS SOUCI (PUBLIC SCHOOL),-33.994,151.129,NSW,,9648,9435,97.8,2000-01-01,2026-05-31
66060,SUTHERLAND MWSDB,-34.033,151.067,NSW,,9648,0,0.0,2000-01-01,2026-05-31
66062,SYDNEY (OBSERVATORY HILL),-33.861,151.205,NSW,,9648,7540,78.2,2000-01-01,2026-05-31
66063,WAHROONGA RESERVOIR,-33.721,151.113,NSW,,9648,0,0.0,2000-01-01,2026-05-31
66064,CONCORD WALKER HOSPITAL,-33.833,151.1,NSW,,9648,0,0.0,2000-01-01,2026-05-31
66067,WOLLSTONECRAFT,-33.833,151.2,NSW,,9648,0,0.0,2000-01-01,2026-05-31
66068,VAUCLUSE,-33.867,151.283,NSW,,9648,0,0.0,2000-01-01,2026-05-31
66070,STRATHFIELD GOLF CLUB,-33.885,151.073,NSW,,9648,5418,56.2,2000-01-01,2026-05-31
66072,KURNELL (CALTEX OIL REFINERY),-34.016,151.214,NSW,,9648,2713,28.1,2000-01-01,2026-05-31
66073,RANDWICK RACECOURSE,-33.909,151.23,NSW,,9648,7561,78.4,2000-01-01,2026-05-31
66078,LUCAS HEIGHTS (ANSTO),-34.052,150.98,NSW,,9648,9455,98.0,2000-01-01,2026-05-31
66080,CASTLE COVE (ROSEBRIDGE AVE),-33.781,151.204,NSW,,9648,8378,86.8,2000-01-01,2026-05-31
66085,GRANVILLE RSL BOWLING CLUB,-33.836,151.013,NSW,,9648,152,1.6,2000-01-01,2026-05-31
66086,CRONULLA STP,-34.031,151.164,NSW,,9648,1189,12.3,2000-01-01,2026-05-31
66087,EASTWOOD BOWLING CLUB,-33.793,151.086,NSW,,9648,1582,16.4,2000-01-01,2026-05-31
66098,ROSE BAY (ROYAL SYDNEY GOLF CLUB),-33.881,151.266,NSW,,9648,9422,97.7,2000-01-01,2026-05-31
66104,LILLI PILLI,-34.05,151.15,NSW,,9648,0,0.0,2000-01-01,2026-05-31
66109,HUNTERS HILL (THE BUNGALOW),-33.8,151.1,NSW,,9648,0,0.0,2000-01-01,2026-05-31
66119,MOUNT KURING-GAI (LEDORA FARM),-33.64,151.141,NSW,,9648,8957,92.8,2000-01-01,2026-05-31
66120,GORDON GOLF CLUB,-33.762,151.146,NSW,,9648,7217,74.8,2000-01-01,2026-05-31
66124,PARRAMATTA NORTH (MASONS DRIVE),-33.792,151.018,NSW,,9648,9624,99.8,2000-01-01,2026-05-31
66128,PALM BEACH (SUNRISE ROAD),-33.596,151.322,NSW,,9648,8544,88.6,2000-01-01,2026-05-31
66129,BEECROFT,-33.75,151.067,NSW,,9648,0,0.0,2000-01-01,2026-05-31
66130,NORTHBRIDGE (SAILORS BAY),-33.817,151.217,NSW,,9648,0,0.0,2000-01-01,2026-05-31
66131,RIVERVIEW OBSERVATORY,-33.826,151.156,NSW,,9648,5251,54.4,2000-01-01,2026-05-31
66134,GRANVILLE SHELL REFINERY,-33.832,151.034,NSW,,9648,4139,42.9,2000-01-01,2026-05-31
66137,BANKSTOWN AIRPORT AWS,-33.918,150.984,NSW,,9648,9561,99.1,2000-01-01,2026-05-31
66141,MONA VALE GOLF CLUB,-33.679,151.308,NSW,,9648,8628,89.4,2000-01-01,2026-05-31
66153,MANLY VALE (MANLY DAM),-33.782,151.256,NSW,,9648,2487,25.8,2000-01-01,2026-05-31
66154,HOLDSWORTHY AIR CAVALRY,-33.95,150.95,NSW,,9648,0,0.0,2000-01-01,2026-05-31
66156,MACQUARIE PARK (WILLANDRA VILLAGE),-33.779,151.112,NSW,,9648,7036,72.9,2000-01-01,2026-05-31
66157,PYMBLE (CANISIUS COLLEGE),-33.737,151.152,NSW,,9648,3818,39.6,2000-01-01,2026-05-31
66158,TURRAMURRA (KISSING POINT ROAD),-33.737,151.127,NSW,,9648,6862,71.1,2000-01-01,2026-05-31
66160,CENTENNIAL PARK,-33.896,151.234,NSW,,9648,9093,94.2,2000-01-01,2026-05-31
66164,ROOKWOOD (HAWTHORNE AVE),-33.877,151.058,NSW,,9648,6423,66.6,2000-01-01,2026-05-31
66182,FRENCHS FOREST (FRENCHS FOREST RD),-33.749,151.233,NSW,,9648,6402,66.4,2000-01-01,2026-05-31
66194,CANTERBURY RACECOURSE AWS,-33.906,151.113,NSW,,9648,9541,98.9,2000-01-01,2026-05-31
66195,SYDNEY OLYMPIC PARK (SYDNEY OLYMPIC PK (,-33.852,151.065,NSW,,9648,4207,43.6,2000-01-01,2026-05-31
67002,CASTLEREAGH (CASTLEREAGH ROAD),-33.667,150.67,NSW,,9648,9298,96.4,2000-01-01,2026-05-31
67004,EMU PLAINS,-33.75,150.667,NSW,,9648,0,0.0,2000-01-01,2026-05-31
67009,GLENFIELD (MACQUARIE),-33.967,150.9,NSW,,9648,0,0.0,2000-01-01,2026-05-31
67010,GLENORIE (OLD NORTHERN RD),-33.591,151.009,NSW,,9648,5593,58.0,2000-01-01,2026-05-31
67014,MAROOTA (OLD TELEGRAPH ROAD),-33.462,151.003,NSW,,9648,9307,96.5,2000-01-01,2026-05-31
67015,BRINGELLY (MARYLAND),-33.97,150.725,NSW,,9648,8918,92.4,2000-01-01,2026-05-31
67016,MINCHINBURY,-33.8,150.833,NSW,,9648,0,0.0,2000-01-01,2026-05-31
67018,PENRITH LADBURY AVENUE,-33.754,150.678,NSW,,9648,0,0.0,2000-01-01,2026-05-31
67019,PROSPECT RESERVOIR,-33.819,150.913,NSW,,9648,9530,98.8,2000-01-01,2026-05-31
67020,LIVERPOOL (MICHAEL WENDEN CENTRE),-33.921,150.886,NSW,,9648,4053,42.0,2000-01-01,2026-05-31
67021,RICHMOND - UWS HAWKESBURY,-33.617,150.748,NSW,,9648,8078,83.7,2000-01-01,2026-05-31
67024,ST MARYS BOWLING CLUB,-33.767,150.767,NSW,,9648,0,0.0,2000-01-01,2026-05-31
67026,SEVEN HILLS (COLLINS ST),-33.77,150.932,NSW,,9648,8964,92.9,2000-01-01,2026-05-31
67029,WALLACIA POST OFFICE,-33.864,150.641,NSW,,9648,5667,58.7,2000-01-01,2026-05-31
67031,WINDSOR BOWLING CLUB,-33.61,150.815,NSW,,9648,4068,42.2,2000-01-01,2026-05-31
67032,WESTMEAD AUSTRAL AVENUE,-33.814,150.983,NSW,,9648,0,0.0,2000-01-01,2026-05-31
67033,RICHMOND RAAF,-33.602,150.779,NSW,,9648,0,0.0,2000-01-01,2026-05-31
67035,LIVERPOOL(WHITLAM CENTRE),-33.927,150.913,NSW,,9648,620,6.4,2000-01-01,2026-05-31
67052,BEROWRA (GOODWYN ROAD),-33.625,151.149,NSW,,9648,4233,43.9,2000-01-01,2026-05-31
67056,PITT TOWN (THE MANSE),-33.567,150.883,NSW,,9648,0,0.0,2000-01-01,2026-05-31
67067,EMU PLAINS,-33.76,150.657,NSW,,9648,0,0.0,2000-01-01,2026-05-31
67068,BADGERYS CREEK MCMASTERS F.STN,-33.868,150.728,NSW,,9648,0,0.0,2000-01-01,2026-05-31
67070,MERRYLANDS (WELSFORD STREET),-33.827,150.977,NSW,,9648,4311,44.7,2000-01-01,2026-05-31
67076,QUAKERS HILL TREATMENT WORKS,-33.736,150.878,NSW,,9648,4682,48.5,2000-01-01,2026-05-31
67084,ORCHARD HILLS TREATMENT WORKS,-33.802,150.707,NSW,,9648,9278,96.2,2000-01-01,2026-05-31
67086,DURAL (OLD NORTHERN ROAD),-33.684,151.027,NSW,,9648,6674,69.2,2000-01-01,2026-05-31
67089,WEST PENNANT HILLS (CUMBERLAND STATE FOR,-33.746,151.04,NSW,,9648,4658,48.3,2000-01-01,2026-05-31
67090,FIDDLETOWN (BLOODWOOD ROAD),-33.568,151.077,NSW,,9648,3727,38.6,2000-01-01,2026-05-31
67098,WEST PENNANT HILLS  (ORATAVA AVE),-33.749,151.045,NSW,,9648,2147,22.3,2000-01-01,2026-05-31
67105,RICHMOND RAAF,-33.6,150.776,NSW,,9648,9517,98.6,2000-01-01,2026-05-31
67108,BADGERYS CREEK AWS,-33.897,150.728,NSW,,9648,9336,96.8,2000-01-01,2026-05-31
67113,PENRITH LAKES AWS,-33.719,150.678,NSW,,9648,9495,98.4,2000-01-01,2026-05-31
67117,HOLSWORTHY CONTROL RANGE,-33.98,150.925,NSW,,9648,5212,54.0,2000-01-01,2026-05-31
67119,HORSLEY PARK EQUESTRIAN CENTRE AWS,-33.851,150.857,NSW,,9648,9408,97.5,2000-01-01,2026-05-31
68000,ALBION PARK POST OFFICE,-34.571,150.776,NSW,,9648,8164,84.6,2000-01-01,2026-05-31
68001,APPIN CHURCH ST,-34.207,150.793,NSW,,9648,0,0.0,2000-01-01,2026-05-31
68002,AVON DAM MWSDB,-34.35,150.633,NSW,,9648,0,0.0,2000-01-01,2026-05-31
68003,BERRY (MUSUEM),-34.775,150.698,NSW,,9648,5994,62.1,2000-01-01,2026-05-31
68005,BOWRAL POST OFFICE,-34.5,150.4,NSW,,9648,0,0.0,2000-01-01,2026-05-31
68006,BELANGLO STATE FOREST,-34.537,150.253,NSW,,9648,0,0.0,2000-01-01,2026-05-31
68007,CAMDEN (BROWNLOW HILL),-34.025,150.645,NSW,,9648,9558,99.1,2000-01-01,2026-05-31
68008,BUNDANOON (BALLYMENA),-34.651,150.31,NSW,,9648,7190,74.5,2000-01-01,2026-05-31
68009,BURRAWANG (RANGE STREET),-34.596,150.519,NSW,,9648,6057,62.8,2000-01-01,2026-05-31
68011,CAMDEN BOWLING CLUB,-34.05,150.717,NSW,,9648,0,0.0,2000-01-01,2026-05-31
68013,MENANGLE JMAI,-34.126,150.738,NSW,,9648,0,0.0,2000-01-01,2026-05-31
68014,CAMPBELLTOWN 1,-34.067,150.8,NSW,,9648,0,0.0,2000-01-01,2026-05-31
68016,CATARACT DAM,-34.264,150.806,NSW,,9648,3288,34.1,2000-01-01,2026-05-31
68017,CATARACT RIVER,-34.233,150.75,NSW,,9648,0,0.0,2000-01-01,2026-05-31
68018,CORDEAUX NO.1 DAM,-34.333,150.733,NSW,,9648,0,0.0,2000-01-01,2026-05-31
68019,CORDEAUX NO.2 DAM,-34.433,150.783,NSW,,9648,0,0.0,2000-01-01,2026-05-31
68021,CROOKHAVEN HEADS,-34.9,150.7,NSW,,9648,0,0.0,2000-01-01,2026-05-31
68022,DAPTO BOWLING CLUB,-34.5,150.788,NSW,,9648,4958,51.4,2000-01-01,2026-05-31
68023,DAPTO WEST (STANE DYKES),-34.471,150.774,NSW,,9648,0,0.0,2000-01-01,2026-05-31
68024,DARKES FOREST (KINTYRE),-34.227,150.911,NSW,,9648,9360,97.0,2000-01-01,2026-05-31
68025,EXETER,-34.6,150.3,NSW,,9648,0,0.0,2000-01-01,2026-05-31
68027,GERRINGONG (MAYFLOWER VILLAGE),-34.747,150.821,NSW,,9648,4638,48.1,2000-01-01,2026-05-31
68028,HELENSBURGH (SAWAN ST),-34.191,150.975,NSW,,9648,2045,21.2,2000-01-01,2026-05-31
68030,MITTAGONG (HIGH RANGE),-34.374,150.3,NSW,,9648,2177,22.6,2000-01-01,2026-05-31
68031,BURRUER (ILLAROO),-34.867,150.45,NSW,,9648,0,0.0,2000-01-01,2026-05-31
68032,JAMBEROO (LORNA),-34.65,150.783,NSW,,9648,0,0.0,2000-01-01,2026-05-31
68033,MITTAGONG (MARIST RILEYS FARM),-34.459,150.493,NSW,,9648,8609,89.2,2000-01-01,2026-05-31
68034,JERVIS BAY (POINT PERPENDICULAR LIGHTHOU,-35.094,150.805,NSW,,9648,1635,16.9,2000-01-01,2026-05-31
68036,KANGAROO VALLEY (MAIN RD),-34.736,150.533,NSW,,9648,6292,65.2,2000-01-01,2026-05-31
68037,KENNY HILL,-34.05,150.767,NSW,,9648,0,0.0,2000-01-01,2026-05-31
68038,KIAMA BOWLING CLUB,-34.675,150.852,NSW,,9648,3281,34.0,2000-01-01,2026-05-31
68039,MADDENS CREEK,-34.25,150.933,NSW,,9648,0,0.0,2000-01-01,2026-05-31
68040,MITTAGONG (MAGUIRES CROSSING),-34.483,150.533,NSW,,9648,0,0.0,2000-01-01,2026-05-31
68041,MENANGLE,-34.1,150.7,NSW,,9648,0,0.0,2000-01-01,2026-05-31
68043,MINTO SURREY STREET,-34.028,150.843,NSW,,9648,0,0.0,2000-01-01,2026-05-31
68044,MITTAGONG (ALFRED STREET),-34.447,150.457,NSW,,9648,9271,96.1,2000-01-01,2026-05-31
68045,MOSS VALE (HOSKINS STREET),-34.544,150.377,NSW,,9648,7892,81.8,2000-01-01,2026-05-31
68046,MOUNT PLEASANT,-34.4,150.87,NSW,,9648,0,0.0,2000-01-01,2026-05-31
68047,NEPEAN DAM,-34.333,150.6,NSW,,9648,0,0.0,2000-01-01,2026-05-31
68048,NOWRA TREATMENT WORKS,-34.872,150.618,NSW,,9648,5579,57.8,2000-01-01,2026-05-31
68051,PENROSE (PANORAMA),-34.667,150.233,NSW,,9648,0,0.0,2000-01-01,2026-05-31
68052,PICTON COUNCIL DEPOT,-34.169,150.614,NSW,,9648,6291,65.2,2000-01-01,2026-05-31
68053,PORT KEMBLA SIGNAL STATION,-34.477,150.913,NSW,,9648,0,0.0,2000-01-01,2026-05-31
68054,ROBERTSON (CAALONG STREET),-34.585,150.593,NSW,,9648,4107,42.6,2000-01-01,2026-05-31
68055,ROBERTSON WATER SUPPLY,-34.6,150.6,NSW,,9648,0,0.0,2000-01-01,2026-05-31
68056,SHERBROOKE,-34.3,150.9,NSW,,9648,0,0.0,2000-01-01,2026-05-31
68058,SUTTON FOREST (URALBA),-34.567,150.35,NSW,,9648,0,0.0,2000-01-01,2026-05-31
68059,THE OAKS JOHN STREET,-34.083,150.583,NSW,,9648,0,0.0,2000-01-01,2026-05-31
68060,UNANDERRA,-34.467,150.833,NSW,,9648,0,0.0,2000-01-01,2026-05-31
68062,HIGH RANGE (WANGANDERRY),-34.345,150.268,NSW,,9648,3671,38.0,2000-01-01,2026-05-31
68063,WATERFALL (GARRAWARRA H),-34.167,150.967,NSW,,9648,0,0.0,2000-01-01,2026-05-31
68065,WEDDERBURN,-34.167,150.817,NSW,,9648,0,0.0,2000-01-01,2026-05-31
68066,WILTON,-34.2,150.6,NSW,,9648,0,0.0,2000-01-01,2026-05-31
68068,WOLLONDILLY (BULLIO),-34.347,150.15,NSW,,9648,0,0.0,2000-01-01,2026-05-31
68069,WOLLONGONG POST OFFICE,-34.433,150.883,NSW,,9648,691,7.2,2000-01-01,2026-05-31
68070,WORONORA DAM,-34.117,150.933,NSW,,9648,82,0.8,2000-01-01,2026-05-31
68071,YERRINBOOL,-34.367,150.55,NSW,,9648,0,0.0,2000-01-01,2026-05-31
68072,NOWRA RAN AIR STATION AWS,-34.947,150.535,NSW,,9648,9090,94.2,2000-01-01,2026-05-31
68076,NOWRA RAN AIR STATION,-34.945,150.545,NSW,,9648,113,1.2,2000-01-01,2026-05-31
68080,GREENWELL POINT BOWLING CLUB,-34.916,150.731,NSW,,9648,9305,96.4,2000-01-01,2026-05-31
68081,CAMPBELLTOWN SWIMMING CENTRE,-34.083,150.817,NSW,,9648,0,0.0,2000-01-01,2026-05-31
68082,YALWAL,-34.932,150.387,NSW,,9648,0,0.0,2000-01-01,2026-05-31
68083,CULBURRA TREATMENT WORKS,-34.928,150.748,NSW,,9648,9537,98.8,2000-01-01,2026-05-31
68085,NERRIGA (TOLWONG),-34.849,150.135,NSW,,9648,7516,77.9,2000-01-01,2026-05-31
68086,MOUNT KEIRA SCOUT CAMP,-34.403,150.843,NSW,,9648,0,0.0,2000-01-01,2026-05-31
68089,JOADJA (GREENWALK),-34.429,150.235,NSW,,9648,5245,54.4,2000-01-01,2026-05-31
68093,SUTTON FOREST (ELING FOREST),-34.569,150.258,NSW,,9648,180,1.9,2000-01-01,2026-05-31
68100,BUNDANOON (PLATTWOOD),-34.652,150.309,NSW,,9648,4361,45.2,2000-01-01,2026-05-31
68102,BOWRAL (PARRY DRIVE),-34.487,150.402,NSW,,9648,5443,56.4,2000-01-01,2026-05-31
68104,TALLAWARRA POWER STATION,-34.522,150.808,NSW,,9648,30,0.3,2000-01-01,2026-05-31
68105,NOWRA COUNCIL OFFICES,-34.883,150.6,NSW,,9648,0,0.0,2000-01-01,2026-05-31
68106,CLIFTON (COALCLIFF),-34.245,150.97,NSW,,9648,0,0.0,2000-01-01,2026-05-31
68107,COLEDALE RAILWAY STATION,-34.283,150.95,NSW,,9648,0,0.0,2000-01-01,2026-05-31
68108,WOONONA (POPES RD),-34.342,150.9,NSW,,9648,7028,72.8,2000-01-01,2026-05-31
68109,TALLONG (CAOURA),-34.783,150.167,NSW,,9648,0,0.0,2000-01-01,2026-05-31
68110,BERKELEY (NORTHCLIFFE DRIVE),-34.483,150.856,NSW,,9648,8299,86.0,2000-01-01,2026-05-31
68117,ROBERTSON (ST.ANTHONYS),-34.59,150.608,NSW,,9648,1959,20.3,2000-01-01,2026-05-31
68122,CAWDOR (WOODBURN),-34.101,150.644,NSW,,9648,8013,83.1,2000-01-01,2026-05-31
68123,WINDANG BOWLING CLUB,-34.533,150.868,NSW,,9648,8111,84.1,2000-01-01,2026-05-31
68131,PORT KEMBLA (BSL CENTRAL LAB),-34.467,150.881,NSW,,9648,6831,70.8,2000-01-01,2026-05-31
68137,BROGERS CREEK UPPER (COOKVILLE),-34.7,150.683,NSW,,9648,0,0.0,2000-01-01,2026-05-31
68151,JERVIS BAY (POINT PERPENDICULAR AWS),-35.094,150.805,NSW,,9648,8935,92.6,2000-01-01,2026-05-31
68161,WATTAMOLLA,-34.733,150.617,NSW,,9648,0,0.0,2000-01-01,2026-05-31
68162,TALLONG,-34.75,150.167,NSW,,9648,0,0.0,2000-01-01,2026-05-31
68166,BUXTON (AMAROO),-34.242,150.522,NSW,,9648,7970,82.6,2000-01-01,2026-05-31
68169,MOUNT KEIRA (YATES AVE),-34.414,150.857,NSW,,9648,2876,29.8,2000-01-01,2026-05-31
68175,TOOLIJOOA (NYORA),-34.762,150.791,NSW,,9648,5611,58.2,2000-01-01,2026-05-31
68177,MADDENS PLAINS (BOOMERANG GOLF LINKS),-34.252,150.944,NSW,,9648,0,0.0,2000-01-01,2026-05-31
68186,BERRIMA WEST (MEDWAY (WOMBAT CREEK)),-34.484,150.287,NSW,,9648,8485,87.9,2000-01-01,2026-05-31
68188,WOLLONGONG UNIVERSITY,-34.403,150.88,NSW,,9648,3068,31.8,2000-01-01,2026-05-31
68190,WATTAMOLLA (TAMOL),-34.737,150.624,NSW,,9648,6608,68.5,2000-01-01,2026-05-31
68192,CAMDEN AIRPORT AWS,-34.039,150.689,NSW,,9648,9559,99.1,2000-01-01,2026-05-31
68197,FOXGROUND ROAD,-34.738,150.767,NSW,,9648,9320,96.6,2000-01-01,2026-05-31
68204,SUSSEX INLET BOWLING CLUB,-35.17,150.591,NSW,,9648,5718,59.3,2000-01-01,2026-05-31
68207,COBBITY (ROSENEATH),-34.017,150.683,NSW,,9648,0,0.0,2000-01-01,2026-05-31
68209,JAMBEROO  (DRUEWALLA),-34.656,150.729,NSW,,9648,5885,61.0,2000-01-01,2026-05-31
68220,MINTO (ALDERNEY STREET),-34.041,150.846,NSW,,9648,0,0.0,2000-01-01,2026-05-31
68223,WOMBARRA (REEF AVE),-34.279,150.955,NSW,,9648,4986,51.7,2000-01-01,2026-05-31
68228,BELLAMBI AWS,-34.369,150.929,NSW,,9648,9484,98.3,2000-01-01,2026-05-31
68229,BENDALONG STP,-35.244,150.51,NSW,,9648,8318,86.2,2000-01-01,2026-05-31
68239,MOSS VALE AWS,-34.525,150.422,NSW,,9648,9096,94.3,2000-01-01,2026-05-31
68241,ALBION PARK (SHELLHARBOUR AIRPORT),-34.564,150.792,NSW,,9648,9485,98.3,2000-01-01,2026-05-31
69000,ARALUEN POST OFFICE,-35.65,149.817,NSW,,9648,0,0.0,2000-01-01,2026-05-31
69001,BATEMANS BAY POST OFFICE,-35.709,150.177,NSW,,9648,0,0.0,2000-01-01,2026-05-31
69002,BEGA (NEWTOWN ROAD),-36.688,149.838,NSW,,9648,8956,92.8,2000-01-01,2026-05-31
69003,BEMBOKA POST OFFICE,-36.628,149.571,NSW,,9648,9532,98.8,2000-01-01,2026-05-31
69005,BERMAGUI SOUTH (YOUNG STREET),-36.427,150.079,NSW,,9648,5601,58.1,2000-01-01,2026-05-31
69006,BETTOWYND (BELLARINGAH),-35.697,149.791,NSW,,9648,7850,81.4,2000-01-01,2026-05-31
69010,BRAIDWOOD (MONKITTEE STREET),-35.449,149.799,NSW,,9648,9459,98.0,2000-01-01,2026-05-31
69012,BURRAGATE POST OFFICE,-37.017,149.617,NSW,,9648,0,0.0,2000-01-01,2026-05-31
69013,CANDELO POST OFFICE,-36.768,149.695,NSW,,9648,7356,76.2,2000-01-01,2026-05-31
69014,COBARGO POST OFFICE,-36.388,149.888,NSW,,9648,7498,77.7,2000-01-01,2026-05-31
69015,EDEN (MARINE RESCUE EDEN),-37.075,149.914,NSW,,9648,8714,90.3,2000-01-01,2026-05-31
69016,MILTON (SARAH CLAYDON VILLAGE),-35.317,150.443,NSW,,9648,5280,54.7,2000-01-01,2026-05-31
69018,MORUYA HEADS PILOT STATION,-35.909,150.153,NSW,,9648,9614,99.6,2000-01-01,2026-05-31
69019,CATHCART (MOUNT DARRAGH),-36.84,149.526,NSW,,9648,8397,87.0,2000-01-01,2026-05-31
69021,NALBAUGH STATE FOREST,-37.067,149.35,NSW,,9648,0,0.0,2000-01-01,2026-05-31
69022,NAROOMA (MARINE RESCUE),-36.214,150.136,NSW,,9648,9572,99.2,2000-01-01,2026-05-31
69023,NELLIGEN  (THULE ROAD),-35.649,150.145,NSW,,9648,9540,98.9,2000-01-01,2026-05-31
69024,PAMBULA POST OFFICE,-36.93,149.875,NSW,,9648,3872,40.1,2000-01-01,2026-05-31
69026,ROCKY HALL POST OFFICE,-36.933,149.5,NSW,,9648,0,0.0,2000-01-01,2026-05-31
69027,TATHRA POST OFFICE,-36.73,149.986,NSW,,9648,792,8.2,2000-01-01,2026-05-31
69028,TILBA TILBA,-36.3,150.11,NSW,,9648,0,0.0,2000-01-01,2026-05-31
69029,EDEN (TIMBILLICA),-37.362,149.698,NSW,,9648,9607,99.6,2000-01-01,2026-05-31
69031,ULLADULLA,-35.367,150.483,NSW,,9648,0,0.0,2000-01-01,2026-05-31
69032,WAPENGO LAKE ROAD,-36.605,150.019,NSW,,9648,9326,96.7,2000-01-01,2026-05-31
69036,BODALLA POST OFFICE,-36.088,150.051,NSW,,9648,8690,90.1,2000-01-01,2026-05-31
69037,BELOWRA STATION,-36.201,149.711,NSW,,9648,7189,74.5,2000-01-01,2026-05-31
69039,TILBA TILBA (MOUNTAIN VALLEY),-36.337,150.062,NSW,,9648,292,3.0,2000-01-01,2026-05-31
69040,KIOLOA OLD POST OFFICE,-35.545,150.376,NSW,,9648,6206,64.3,2000-01-01,2026-05-31
69041,CHARLEYONG (NERRIGA ROAD),-35.251,149.916,NSW,,9648,9388,97.3,2000-01-01,2026-05-31
69042,MORUYA (THE LAGOON),-35.766,149.942,NSW,,9648,9359,97.0,2000-01-01,2026-05-31
69049,NERRIGA COMPOSITE,-35.117,150.085,NSW,,9648,7698,79.8,2000-01-01,2026-05-31
69050,COBARGO (WANDELLOW),-36.297,149.842,NSW,,9648,8608,89.2,2000-01-01,2026-05-31
69051,UPPER BROGO (UPPER BROGO RD),-36.469,149.773,NSW,,9648,2030,21.0,2000-01-01,2026-05-31
69052,BATEMANS BAY - BUCKENBOWRA,-35.734,150.051,NSW,,9648,9422,97.7,2000-01-01,2026-05-31
69054,TUROSS,-36.297,149.511,NSW,,9648,9570,99.2,2000-01-01,2026-05-31
69055,GREEN CAPE LIGHTHOUSE,-37.261,150.05,NSW,,9648,8695,90.1,2000-01-01,2026-05-31
69060,BOMBALA (NUNGATTA),-37.233,149.4,NSW,,9648,0,0.0,2000-01-01,2026-05-31
69062,SNOWBALL,-35.945,149.588,NSW,,9648,9409,97.5,2000-01-01,2026-05-31
69065,BROGO (HAWKS HEAD ROAD),-36.568,149.751,NSW,,9648,9292,96.3,2000-01-01,2026-05-31
69066,WYNDHAM POST OFFICE,-36.93,149.646,NSW,,9648,8377,86.8,2000-01-01,2026-05-31
69078,NETHERCOTE,-37.017,149.83,NSW,,9648,0,0.0,2000-01-01,2026-05-31
69093,MERIMBULA AIRPORT COMPARISON,-36.911,149.902,NSW,,9648,0,0.0,2000-01-01,2026-05-31
69106,WOODBURN STATE FOREST,-35.4,150.433,NSW,,9648,0,0.0,2000-01-01,2026-05-31
69107,KAMERUKA (KAMERUKA ESTATE),-36.739,149.71,NSW,,9648,5390,55.9,2000-01-01,2026-05-31
69126,KIOLOA (LONDON FOUNDATION),-35.547,150.377,NSW,,9648,0,0.0,2000-01-01,2026-05-31
69132,BRAIDWOOD RACECOURSE AWS,-35.425,149.784,NSW,,9648,9486,98.3,2000-01-01,2026-05-31
69134,BATEMANS BAY (CATALINA COUNTRY CLUB),-35.723,150.187,NSW,,9648,7758,80.4,2000-01-01,2026-05-31
69137,GREEN CAPE AWS,-37.262,150.05,NSW,,9648,9116,94.5,2000-01-01,2026-05-31
69138,ULLADULLA AWS,-35.364,150.483,NSW,,9648,9529,98.8,2000-01-01,2026-05-31
69139,BEGA AWS,-36.672,149.819,NSW,,9648,9238,95.8,2000-01-01,2026-05-31
69147,MERIMBULA AIRPORT AWS,-36.908,149.899,NSW,,9648,9527,98.7,2000-01-01,2026-05-31
69148,MORUYA AIRPORT AWS,-35.9,150.144,NSW,,9648,9442,97.9,2000-01-01,2026-05-31
70000,AINSLIE TYSON ST,-35.258,149.142,NSW,,9648,7564,78.4,2000-01-01,2026-05-31
70001,MARULAN (ARTHURSLEIGH),-34.567,150.05,NSW,,9648,0,0.0,2000-01-01,2026-05-31
70002,BANNABY (HILLASMOUNT),-34.431,149.996,NSW,,9648,4579,47.5,2000-01-01,2026-05-31
70004,BOBUNDARA,-36.5,148.9,NSW,,9648,0,0.0,2000-01-01,2026-05-31
70005,BOMBALA (THERRY STREET),-36.911,149.238,NSW,,9648,9537,98.8,2000-01-01,2026-05-31
70007,BREADALBANE (SWEETWOOD LEA),-34.767,149.467,NSW,,9648,0,0.0,2000-01-01,2026-05-31
70009,BUKALONG STATION,-36.797,149.197,NSW,,9648,7761,80.4,2000-01-01,2026-05-31
70010,BUNGARBY (MERAMBEGO),-36.733,149.0,NSW,,9648,0,0.0,2000-01-01,2026-05-31
70011,BUNGENDORE POST OFFICE,-35.255,149.445,NSW,,9648,7232,75.0,2000-01-01,2026-05-31
70012,BUNGONIA (INVERARY PARK),-34.9,149.971,NSW,,9648,7943,82.3,2000-01-01,2026-05-31
70013,BOMBALA (CAMBALONG),-36.888,149.111,NSW,,9648,4885,50.6,2000-01-01,2026-05-31
70014,CANBERRA AIRPORT COMPARISON,-35.305,149.201,NSW,,9648,3978,41.2,2000-01-01,2026-05-31
70015,CANBERRA FORESTRY,-35.3,149.1,NSW,,9648,0,0.0,2000-01-01,2026-05-31
70016,CAPTAINS FLAT (FOXLOW ST),-35.589,149.448,NSW,,9648,9373,97.1,2000-01-01,2026-05-31
70017,COOMA (CARLAMINDA),-36.267,149.3,NSW,,9648,0,0.0,2000-01-01,2026-05-31
70019,CAVAN,-35.017,148.867,NSW,,9648,0,0.0,2000-01-01,2026-05-31
70020,CHATSBURY (MARYLAND),-34.556,149.833,NSW,,9648,448,4.6,2000-01-01,2026-05-31
70021,COLLECTOR (BROOKDALE),-34.912,149.433,NSW,,9648,2117,21.9,2000-01-01,2026-05-31
70023,COOMA LAMBIE STREET,-36.233,149.117,NSW,,9648,0,0.0,2000-01-01,2026-05-31
70024,COTTER RIVER,-35.3,148.9,NSW,,9648,0,0.0,2000-01-01,2026-05-31
70025,CROOKWELL POST OFFICE,-34.458,149.469,NSW,,9648,8018,83.1,2000-01-01,2026-05-31
70026,DELEGATE POST OFFICE,-37.043,148.942,NSW,,9648,1035,10.7,2000-01-01,2026-05-31
70027,DELEGATE (WEEWALLA),-37.049,148.993,NSW,,9648,6939,71.9,2000-01-01,2026-05-31
70028,YASS (DERRINGULLEN),-34.742,148.89,NSW,,9648,6456,66.9,2000-01-01,2026-05-31
70030,BUNGENDORE (DOUGLAS),-35.183,149.4,NSW,,9648,0,0.0,2000-01-01,2026-05-31
70031,CHAKOLA (UMERALLA),-36.067,149.133,NSW,,9648,0,0.0,2000-01-01,2026-05-31
70032,FAIRLIGHT STATION,-35.229,148.914,NSW,,9648,9572,99.2,2000-01-01,2026-05-31
70034,FROGMORE,-34.274,148.84,NSW,,9648,0,0.0,2000-01-01,2026-05-31
70035,BUNGENDORE (GIDLEIGH),-35.308,149.473,NSW,,9648,5626,58.3,2000-01-01,2026-05-31
70036,LAKE BATHURST (SOMERTON),-35.014,149.651,NSW,,9648,7752,80.3,2000-01-01,2026-05-31
70037,GOULBURN,-34.75,149.867,NSW,,9648,0,0.0,2000-01-01,2026-05-31
70040,GOULBURN (CHERRYTON),-34.687,149.554,NSW,,9648,8598,89.1,2000-01-01,2026-05-31
70042,GUNDAROO (BAIRNSDALE),-35.033,149.267,NSW,,9648,0,0.0,2000-01-01,2026-05-31
70043,GUNNING RURAL SUPPLIES,-34.782,149.268,NSW,,9648,9039,93.7,2000-01-01,2026-05-31
70044,COOMA (GURRABEAL),-36.05,149.083,NSW,,9648,0,0.0,2000-01-01,2026-05-31
70045,HALL (LOCHLEIGH),-35.155,149.057,NSW,,9648,9541,98.9,2000-01-01,2026-05-31
70047,NARRAWA (HOLLYWOOD),-34.402,149.124,NSW,,9648,0,0.0,2000-01-01,2026-05-31
70048,HOSKINTOWN RADIO OBSERVATORY,-35.37,149.425,NSW,,9648,5508,57.1,2000-01-01,2026-05-31
70049,JEIR,-35.1,149.0,NSW,,9648,0,0.0,2000-01-01,2026-05-31
70050,JIMENBUEN,-36.73,148.88,NSW,,9648,0,0.0,2000-01-01,2026-05-31
70054,COOMA (KIAORA),-36.2,149.06,NSW,,9648,9525,98.7,2000-01-01,2026-05-31
70055,GOULBURN (KIPPILAW),-34.75,149.595,NSW,,9648,5138,53.3,2000-01-01,2026-05-31
70056,KOWEN FOREST,-35.298,149.282,NSW,,9648,0,0.0,2000-01-01,2026-05-31
70057,BRAIDWOOD (KRAWARREE),-35.824,149.633,NSW,,9648,9139,94.7,2000-01-01,2026-05-31
70059,BELCONNEN (WEETANGERRA),-35.244,148.994,NSW,,9648,0,0.0,2000-01-01,2026-05-31
70060,LOWER BORO (CALDERWOOD),-35.156,149.773,NSW,,9648,7990,82.8,2000-01-01,2026-05-31
70061,MAJORS CREEK (LARMER STREET),-35.569,149.739,NSW,,9648,8061,83.6,2000-01-01,2026-05-31
70062,MAJURA 2,-35.3,149.2,NSW,,9648,0,0.0,2000-01-01,2026-05-31
70063,MARULAN (GEORGE ST),-34.714,150.003,NSW,,9648,8898,92.2,2000-01-01,2026-05-31
70064,MICHELAGO (SOGLIO),-35.68,149.16,NSW,,9648,9378,97.2,2000-01-01,2026-05-31
70066,QUEANBEYAN (MOUNT CAMPBELL),-35.45,149.2,NSW,,9648,0,0.0,2000-01-01,2026-05-31
70067,NIMMITABEL WASTEWATER TREATMENT FACILITY,-36.511,149.279,NSW,,9648,9390,97.3,2000-01-01,2026-05-31
70069,CROOKWELL  (GUNDOWRINGA),-34.544,149.574,NSW,,9648,7934,82.2,2000-01-01,2026-05-31
70070,PIERCES CREEK FORESTRY,-35.332,148.924,NSW,,9648,0,0.0,2000-01-01,2026-05-31
70071,GOULBURN (POMEROY),-34.651,149.502,NSW,,9648,8169,84.7,2000-01-01,2026-05-31
70072,QUEANBEYAN BOWLING CLUB,-35.355,149.229,NSW,,9648,6132,63.6,2000-01-01,2026-05-31
70073,CHAKOLA (RIVERSDALE),-36.033,149.132,NSW,,9648,7760,80.4,2000-01-01,2026-05-31
70074,DARBYS FALLS (RIVERSLEA),-33.967,148.883,NSW,,9648,0,0.0,2000-01-01,2026-05-31
70076,RYE PARK,-34.52,148.9,NSW,,9648,0,0.0,2000-01-01,2026-05-31
70077,GOULBURN (SPRINGFIELD),-34.903,149.67,NSW,,9648,7723,80.0,2000-01-01,2026-05-31
70079,TARAGO (KILDARE),-35.117,149.6,NSW,,9648,0,0.0,2000-01-01,2026-05-31
70080,TARALGA (COMMUNITY GARDEN),-34.4,149.817,NSW,,9648,9521,98.7,2000-01-01,2026-05-31
70082,TAYLORS FLAT (DAVISLEA),-34.275,149.023,NSW,,9648,5369,55.6,2000-01-01,2026-05-31
70083,THARWA GENERAL STORE,-35.509,149.067,NSW,,9648,5980,62.0,2000-01-01,2026-05-31
70084,TOMBONG (OLD TOMBONG),-36.932,148.939,NSW,,9648,9485,98.3,2000-01-01,2026-05-31
70085,URIARRA FOREST,-35.299,148.922,NSW,,9648,1075,11.1,2000-01-01,2026-05-31
70086,TARAGO (WILLEROO),-35.033,149.517,NSW,,9648,0,0.0,2000-01-01,2026-05-31
70088,YARRA (ROWE S LAGOON),-34.895,149.52,NSW,,9648,2068,21.4,2000-01-01,2026-05-31
70091,YASS (LINTON HOSTEL),-34.831,148.911,NSW,,9648,4099,42.5,2000-01-01,2026-05-31
70093,HUNTLY,-35.28,148.978,NSW,,9648,5712,59.2,2000-01-01,2026-05-31
70094,COOMA NORTH SMHEC,-36.217,149.133,NSW,,9648,0,0.0,2000-01-01,2026-05-31
70096,BERREBANGALO,-34.9,149.2,NSW,,9648,0,0.0,2000-01-01,2026-05-31
70097,BREADALBANE (OLD POST OFFICE),-34.792,149.492,NSW,,9648,7637,79.2,2000-01-01,2026-05-31
70098,BREDBO (BREDBO STATION),-35.97,149.164,NSW,,9648,4871,50.5,2000-01-01,2026-05-31
70101,QUEANBEYAN (CARWOOLA),-35.417,149.383,NSW,,9648,0,0.0,2000-01-01,2026-05-31
70103,CANBERRA (DUNTROON MILITARY COLLEGE),-35.3,149.1,NSW,,9648,0,0.0,2000-01-01,2026-05-31
70105,MOUNT FAIRY (MERIGAN),-35.167,149.593,NSW,,9648,5579,57.8,2000-01-01,2026-05-31
70106,CATHCART (OLD POST OFFICE),-36.844,149.39,NSW,,9648,9533,98.8,2000-01-01,2026-05-31
70107,DELEGATE STATION,-37.048,148.928,NSW,,9648,9465,98.1,2000-01-01,2026-05-31
70111,BIALA (ALVISON),-34.561,149.25,NSW,,9648,9117,94.5,2000-01-01,2026-05-31
70112,DALTON POST OFFICE,-34.722,149.182,NSW,,9648,8576,88.9,2000-01-01,2026-05-31
70115,COLLECTOR (LERIDA),-34.88,149.362,NSW,,9648,4604,47.7,2000-01-01,2026-05-31
70116,WHEEO (THE HOMESTEAD),-34.421,149.236,NSW,,9648,2927,30.3,2000-01-01,2026-05-31
70117,DALTON (ROSE VALLEY),-34.717,149.121,NSW,,9648,9543,98.9,2000-01-01,2026-05-31
70119,BIG HILL (GLEN DUSK),-34.568,149.997,NSW,,9648,8221,85.2,2000-01-01,2026-05-31
70124,RICHLANDS (BOUVERIE),-34.302,149.877,NSW,,9648,8305,86.1,2000-01-01,2026-05-31
70131,WOODHOUSELEE (LEESTON),-34.545,149.625,NSW,,9648,9359,97.0,2000-01-01,2026-05-31
70135,MUMMELL (KANGAROOBIE),-34.661,149.62,NSW,,9648,2925,30.3,2000-01-01,2026-05-31
70137,GURRUNDAH (WANDONGA),-34.668,149.433,NSW,,9648,4255,44.1,2000-01-01,2026-05-31
70143,BRAYTON (LONGREACH),-34.639,149.954,NSW,,9648,8704,90.2,2000-01-01,2026-05-31
70144,TARALGA (CIRCLE C),-34.408,149.883,NSW,,9648,9276,96.1,2000-01-01,2026-05-31
70147,GOULBURN (HILLWOOD),-34.56,149.738,NSW,,9648,9372,97.1,2000-01-01,2026-05-31
70153,DALGETY (SEVERN PARK),-36.465,148.934,NSW,,9648,8984,93.1,2000-01-01,2026-05-31
70158,BOMBALA (WOODBURN),-37.034,149.155,NSW,,9648,3350,34.7,2000-01-01,2026-05-31
70161,COOMA (MYALLA),-36.424,149.111,NSW,,9648,9046,93.8,2000-01-01,2026-05-31
70165,ROCK FLAT (OLD POST OFFICE),-36.354,149.198,NSW,,9648,9448,97.9,2000-01-01,2026-05-31
70169,GINNINDERRA CSIRO,-35.197,149.084,NSW,,9648,6970,72.2,2000-01-01,2026-05-31
70171,RUGBY (CAROVALE),-34.394,148.994,NSW,,9648,4535,47.0,2000-01-01,2026-05-31
70172,GUDGENBY,-35.75,148.983,NSW,,9648,0,0.0,2000-01-01,2026-05-31
70181,GLENFERGUS,-36.25,149.267,NSW,,9648,0,0.0,2000-01-01,2026-05-31
70183,WINDELLIMA (BUDJONG),-35.067,149.883,NSW,,9648,0,0.0,2000-01-01,2026-05-31
70199,NUMERALLA (BADJA COMPOSITE),-36.077,149.513,NSW,,9648,5410,56.1,2000-01-01,2026-05-31
70206,ORRORAL VALLEY (STADAN),-35.633,148.95,NSW,,9648,0,0.0,2000-01-01,2026-05-31
70208,CRAIGIE (FINCHLEY),-37.135,149.06,NSW,,9648,9471,98.2,2000-01-01,2026-05-31
70213,GURRUNDAH (ASHWELL),-34.648,149.396,NSW,,9648,6165,63.9,2000-01-01,2026-05-31
70217,COOMA AIRPORT AWS,-36.294,148.972,NSW,,9648,9567,99.2,2000-01-01,2026-05-31
70219,BRAIDWOOD (KHAN YUNIS),-35.863,149.639,NSW,,9648,7634,79.1,2000-01-01,2026-05-31
70220,BOOROWA POST OFFICE,-34.438,148.716,NSW,,9648,6826,70.8,2000-01-01,2026-05-31
70231,STROMLO FOREST,-35.327,149.049,NSW,,9648,7818,81.0,2000-01-01,2026-05-31
70232,SUTTON (UBA),-35.245,149.261,NSW,,9648,9583,99.3,2000-01-01,2026-05-31
70233,SUTTON THE ANCHORAGE,-35.219,149.275,NSW,,9648,8805,91.3,2000-01-01,2026-05-31
70237,NIMMITABEL (COTTESLOE),-36.59,149.382,NSW,,9648,8966,92.9,2000-01-01,2026-05-31
70239,DELEGATE (WALLENDIBBY EAST),-36.898,148.743,NSW,,9648,3402,35.3,2000-01-01,2026-05-31
70241,HONEYSUCKLE CREEK,-35.583,148.983,NSW,,9648,0,0.0,2000-01-01,2026-05-31
70242,ARANDA (BINDAGA ST),-35.257,149.074,NSW,,9648,9626,99.8,2000-01-01,2026-05-31
70246,CANBERRA PARLIAMENT HOUSE,-35.31,149.127,NSW,,9648,8293,86.0,2000-01-01,2026-05-31
70247,CANBERRA (AUSTRALIAN NATIONAL BOTANIC GA,-35.278,149.109,NSW,,9648,9509,98.6,2000-01-01,2026-05-31
70249,GARRAN (FEDERAL GOLF CLUB),-35.33,149.11,NSW,,9648,4054,42.0,2000-01-01,2026-05-31
70255,MITCHELL (EXHIBITION PARK),-35.228,149.145,NSW,,9648,6922,71.7,2000-01-01,2026-05-31
70258,COOMA NORTH GERINGA AVENUE,-36.217,149.133,NSW,,9648,0,0.0,2000-01-01,2026-05-31
70260,URIARRA FOREST 2,-35.3,148.917,NSW,,9648,0,0.0,2000-01-01,2026-05-31
70261,JERRABATTGULLA (GILSTON),-35.69,149.587,NSW,,9648,7669,79.5,2000-01-01,2026-05-31
70263,GOULBURN TAFE,-34.749,149.703,NSW,,9648,9639,99.9,2000-01-01,2026-05-31
70270,COOMA (WOODEND),-36.212,149.265,NSW,,9648,6791,70.4,2000-01-01,2026-05-31
70277,MELBA (VERBRUGGHEN STREET),-35.212,149.051,NSW,,9648,8459,87.7,2000-01-01,2026-05-31
70278,COOMA VISITORS CENTRE,-36.232,149.124,NSW,,9648,9004,93.3,2000-01-01,2026-05-31
70282,CANBERRA CITY,-35.267,149.117,NSW,,9648,0,0.0,2000-01-01,2026-05-31
70285,GOULBURN ST JOHNS,-34.767,149.7,NSW,,9648,0,0.0,2000-01-01,2026-05-31
70299,NUMERALLA (GLOCCA MORRA),-36.183,149.347,NSW,,9648,9337,96.8,2000-01-01,2026-05-31
70310,TIDBINBILLA NATURE RESERVE,-35.441,148.942,NSW,,9648,4317,44.7,2000-01-01,2026-05-31
70312,NAMADGI NATIONAL PARK (GLENDALE CROSSING,-35.692,149.005,NSW,,9648,568,5.9,2000-01-01,2026-05-31
70313,TARAGO (WOODLAWN MINES),-35.067,149.583,NSW,,9648,0,0.0,2000-01-01,2026-05-31
70316,BENDORA DAM,-35.442,148.83,NSW,,9648,3614,37.5,2000-01-01,2026-05-31
70317,CORIN DAM,-35.537,148.838,NSW,,9648,1290,13.4,2000-01-01,2026-05-31
70326,CRAIGIE (BONDI FOREST LODGE),-37.147,149.15,NSW,,9648,8862,91.9,2000-01-01,2026-05-31
70328,BOMBALA AWS,-37.002,149.234,NSW,,9648,9542,98.9,2000-01-01,2026-05-31
70330,GOULBURN AIRPORT AWS,-34.809,149.731,NSW,,9648,9446,97.9,2000-01-01,2026-05-31
70339,TUGGERANONG (ISABELLA PLAINS) AWS,-35.418,149.094,NSW,,9648,9567,99.2,2000-01-01,2026-05-31
71000,ADAMINABY ALPINE TOURIST PARK,-35.996,148.769,NSW,,9648,8289,85.9,2000-01-01,2026-05-31
71003,CHARLOTTE PASS (KOSCIUSKO CHALET),-36.434,148.333,NSW,,9648,3982,41.3,2000-01-01,2026-05-31
71005,DALGETY (HAMILTON ST),-36.503,148.84,NSW,,9648,9343,96.8,2000-01-01,2026-05-31
71007,JINDABYNE,-36.416,148.609,NSW,,9648,1502,15.6,2000-01-01,2026-05-31
71008,JINDABYNE PUBLIC SCHOOL,-36.4,148.6,NSW,,9648,0,0.0,2000-01-01,2026-05-31
71009,JINDABYNE WEST (HIAWATHA),-36.4,148.6,NSW,,9648,0,0.0,2000-01-01,2026-05-31
71010,KIANDRA CHALET,-35.883,148.5,NSW,,9648,0,0.0,2000-01-01,2026-05-31
71012,MOUNT KOSCIUSKO (HOTEL KOSCIUSKO),-36.367,148.483,NSW,,9648,0,0.0,2000-01-01,2026-05-31
71013,OAK VALE,-36.4,148.8,NSW,,9648,0,0.0,2000-01-01,2026-05-31
71014,PAUPONG STATION,-36.623,148.668,NSW,,9648,2573,26.7,2000-01-01,2026-05-31
71021,JINDABYNE (GLOCHINBAH),-36.482,148.587,NSW,,9648,9308,96.5,2000-01-01,2026-05-31
71022,BERRIDALE (BOLTON STREET),-36.368,148.827,NSW,,9648,9191,95.3,2000-01-01,2026-05-31
71029,SPENCERS CREEK,-36.433,148.35,NSW,,9648,0,0.0,2000-01-01,2026-05-31
71030,CABRAMURRA SMHEA,-35.933,148.383,NSW,,9648,0,0.0,2000-01-01,2026-05-31
71031,ISLAND BEND,-36.333,148.483,NSW,,9648,0,0.0,2000-01-01,2026-05-31
71032,THREDBO AWS,-36.492,148.286,NSW,,9648,9387,97.3,2000-01-01,2026-05-31
71034,GUTHEGA POWER STATION,-36.352,148.412,NSW,,9648,0,0.0,2000-01-01,2026-05-31
71041,THREDBO VILLAGE,-36.503,148.304,NSW,,9648,9378,97.2,2000-01-01,2026-05-31
71042,INGEBYRA (GROSSES PLAINS),-36.602,148.468,NSW,,9648,5519,57.2,2000-01-01,2026-05-31
71072,PERISHER VALLEY SKI CENTRE,-36.403,148.41,NSW,,9648,2667,27.6,2000-01-01,2026-05-31
72000,ADELONG (TUMUT ST),-35.309,148.064,NSW,,9648,6626,68.7,2000-01-01,2026-05-31
72001,ALBURY,-36.1,146.9,NSW,,9648,0,0.0,2000-01-01,2026-05-31
72002,HOLBROOK (ANNANDAYLE),-35.767,147.35,NSW,,9648,0,0.0,2000-01-01,2026-05-31
72003,ARGALONG (THE FARM),-35.308,148.412,NSW,,9648,0,0.0,2000-01-01,2026-05-31
72004,BATLOW POST OFFICE,-35.52,148.145,NSW,,9648,7355,76.2,2000-01-01,2026-05-31
72006,BIG SPRINGS,-35.3,147.4,NSW,,9648,0,0.0,2000-01-01,2026-05-31
72008,TARCUTTA (WOLLUMBI),-35.387,147.566,NSW,,9648,9486,98.3,2000-01-01,2026-05-31
72009,BROOKFIELD FOREST STATION,-35.8,147.933,NSW,,9648,0,0.0,2000-01-01,2026-05-31
72010,BURRA  1,-35.85,148.0,NSW,,9648,0,0.0,2000-01-01,2026-05-31
72012,CARABOST,-35.604,147.726,NSW,,9648,7939,82.3,2000-01-01,2026-05-31
72013,CARABOST FOREST HEADQUARTERS,-35.65,147.802,NSW,,9648,0,0.0,2000-01-01,2026-05-31
72014,CARABOST STATE FOREST 2,-35.65,147.717,NSW,,9648,0,0.0,2000-01-01,2026-05-31
72015,COPABELLA,-35.7,147.7,NSW,,9648,0,0.0,2000-01-01,2026-05-31
72016,ELLERSLIE,-35.35,148.0,NSW,,9648,0,0.0,2000-01-01,2026-05-31
72019,HOLBROOK (GLENFALLOCH),-35.662,147.555,NSW,,9648,9224,95.6,2000-01-01,2026-05-31
72020,GREEN HILLS STATE FOREST,-35.517,148.05,NSW,,9648,0,0.0,2000-01-01,2026-05-31
72022,HOLBROOK (RSL),-35.722,147.318,NSW,,9648,4234,43.9,2000-01-01,2026-05-31
72023,HUME RESERVOIR,-36.104,147.033,NSW,,9648,9585,99.3,2000-01-01,2026-05-31
72024,HUMULA (RYLANDS),-35.501,147.766,NSW,,9648,6315,65.5,2000-01-01,2026-05-31
72025,JINGELLIC (MORNING SIDE),-35.929,147.705,NSW,,9648,2681,27.8,2000-01-01,2026-05-31
72030,LANKEYS CREEK (WOODRIDGE),-35.817,147.667,NSW,,9648,0,0.0,2000-01-01,2026-05-31
72031,LAUREL HILL (KUNDIEWA),-35.6,148.083,NSW,,9648,0,0.0,2000-01-01,2026-05-31
72033,MARAGLE STATION,-35.917,148.083,NSW,,9648,0,0.0,2000-01-01,2026-05-31
72035,MURRAGULDRIE STATE FOREST 1,-35.5,147.617,NSW,,9648,0,0.0,2000-01-01,2026-05-31
72037,HOLBROOK (NARRAWA),-35.752,147.468,NSW,,9648,5046,52.3,2000-01-01,2026-05-31
72038,OURNIE (WARALLA),-35.926,147.827,NSW,,9648,4352,45.1,2000-01-01,2026-05-31
72040,WAGGA WAGGA (BERRILLEE),-35.229,147.332,NSW,,9648,3102,32.2,2000-01-01,2026-05-31
72042,TARCUTTA POST OFFICE,-35.276,147.736,NSW,,9648,8664,89.8,2000-01-01,2026-05-31
72043,TUMBARUMBA POST OFFICE,-35.778,148.012,NSW,,9648,9634,99.9,2000-01-01,2026-05-31
72044,TUMUT (SIMPSON STREET),-35.297,148.214,NSW,,9648,7846,81.3,2000-01-01,2026-05-31
72045,TUMUT 2,-35.3,148.2,NSW,,9648,0,0.0,2000-01-01,2026-05-31
72046,TUMUT PLAINS (HOMESDALE),-35.333,148.267,NSW,,9648,0,0.0,2000-01-01,2026-05-31
72048,SPRINGVALE,-35.5,148.167,NSW,,9648,0,0.0,2000-01-01,2026-05-31
72049,WOOMARGAMA (WOOMARGAMA ESTATE),-35.856,147.285,NSW,,9648,3237,33.6,2000-01-01,2026-05-31
72050,WYMAH (GWANDALLEN),-36.035,147.271,NSW,,9648,7456,77.3,2000-01-01,2026-05-31
72051,YELLOWIN,-35.5,148.3,NSW,,9648,0,0.0,2000-01-01,2026-05-31
72052,RED HILL STATE FOREST,-35.167,148.367,NSW,,9648,0,0.0,2000-01-01,2026-05-31
72053,WOLSELEY PARK (THE PASTURES),-35.754,147.845,NSW,,9648,9349,96.9,2000-01-01,2026-05-31
72056,BLOWERING DAM,-35.395,148.247,NSW,,9648,9534,98.8,2000-01-01,2026-05-31
72058,NOONBAH (YAMMACOONA),-35.636,147.538,NSW,,9648,3112,32.3,2000-01-01,2026-05-31
72059,ALBURY GRAMMAR SCHOOL,-36.067,146.933,NSW,,9648,0,0.0,2000-01-01,2026-05-31
72060,KHANCOBAN SMHEA,-36.225,148.143,NSW,,9648,3005,31.1,2000-01-01,2026-05-31
72065,JINGELLIC,-35.926,147.7,NSW,,9648,0,0.0,2000-01-01,2026-05-31
72076,HOLBROOK (FORDELL),-35.8,147.533,NSW,,9648,0,0.0,2000-01-01,2026-05-31
72078,GARRYOWEN (YALLOCK),-35.677,147.518,NSW,,9648,9252,95.9,2000-01-01,2026-05-31
72080,TUMBARUMBA (LANDSDOWNE),-35.723,147.929,NSW,,9648,9155,94.9,2000-01-01,2026-05-31
72082,BATLOW (HALLOWEEN),-35.553,147.983,NSW,,9648,8665,89.8,2000-01-01,2026-05-31
72083,ADELONG (THE WILLOWS),-35.44,147.928,NSW,,9648,4899,50.8,2000-01-01,2026-05-31
72090,LAUREL HILL PRISON CAMP,-35.65,148.067,NSW,,9648,0,0.0,2000-01-01,2026-05-31
72091,CABRAMURRA SMHEA,-35.938,148.384,NSW,,9648,0,0.0,2000-01-01,2026-05-31
72097,ALBURY PUMPING STATION,-36.082,146.955,NSW,,9648,0,0.0,2000-01-01,2026-05-31
72098,LACMALAC (FEDERAL PARK),-35.345,148.384,NSW,,9648,9213,95.5,2000-01-01,2026-05-31
72101,HOLBROOK (NARRABILLA),-35.711,147.486,NSW,,9648,9603,99.5,2000-01-01,2026-05-31
72102,HUMULA STATION,-35.483,147.767,NSW,,9648,0,0.0,2000-01-01,2026-05-31
72141,YARRANGOBILLY CAVES,-35.725,148.492,NSW,,9648,9304,96.4,2000-01-01,2026-05-31
72146,ALBURY AIRPORT,-36.066,146.953,NSW,,9648,9369,97.1,2000-01-01,2026-05-31
72150,WAGGA WAGGA AMO,-35.158,147.458,NSW,,9648,9305,96.4,2000-01-01,2026-05-31
72151,WAGGA WAGGA (KOORINGAL),-35.133,147.367,NSW,,9648,0,0.0,2000-01-01,2026-05-31
72154,MOUNT HOREB (MARATHORN),-35.215,148.031,NSW,,9648,7931,82.2,2000-01-01,2026-05-31
72160,ALBURY AIRPORT AWS,-36.066,146.953,NSW,,9648,9572,99.2,2000-01-01,2026-05-31
72161,CABRAMURRA SMHEA AWS,-35.937,148.378,NSW,,9648,9369,97.1,2000-01-01,2026-05-31
72162,KHANCOBAN AWS,-36.23,148.141,NSW,,9648,9568,99.2,2000-01-01,2026-05-31
73000,BARMEDMAN POST OFFICE,-34.144,147.386,NSW,,9648,7210,74.7,2000-01-01,2026-05-31
73003,BERTHONG,-34.5,148.1,NSW,,9648,0,0.0,2000-01-01,2026-05-31
73004,BEHTUNGRA POST OFFICE,-34.767,147.867,NSW,,9648,0,0.0,2000-01-01,2026-05-31
73005,BINALONG POST OFFICE,-34.67,148.634,NSW,,9648,5456,56.6,2000-01-01,2026-05-31
73006,COOLAC (HOPEWOOD),-34.867,148.35,NSW,,9648,0,0.0,2000-01-01,2026-05-31
73007,BURRINJUCK DAM,-35.0,148.598,NSW,,9648,9283,96.2,2000-01-01,2026-05-31
73008,CARAGABAL POST OFFICE,-33.844,147.741,NSW,,9648,3470,36.0,2000-01-01,2026-05-31
73009,COOTAMUNDRA POST OFFICE,-34.641,148.024,NSW,,9648,22,0.2,2000-01-01,2026-05-31
73012,HARDEN (DUNOLLY),-34.753,148.323,NSW,,9648,4666,48.4,2000-01-01,2026-05-31
73013,GALONG,-34.6,148.55,NSW,,9648,0,0.0,2000-01-01,2026-05-31
73014,GRENFELL (MANGANESE RD),-33.893,148.152,NSW,,9648,9408,97.5,2000-01-01,2026-05-31
73015,GUNDAGAI,-35.067,148.1,NSW,,9648,0,0.0,2000-01-01,2026-05-31
73016,HARDEN (EAST ST),-34.561,148.365,NSW,,9648,2364,24.5,2000-01-01,2026-05-31
73017,GREENETHORPE (IANDRA),-34.082,148.365,NSW,,9648,9347,96.9,2000-01-01,2026-05-31
73018,ILLABO (CLOCK MUSEUM),-34.815,147.738,NSW,,9648,1270,13.2,2000-01-01,2026-05-31
73019,JUNEE TREATMENT WORKS,-34.846,147.571,NSW,,9648,7367,76.4,2000-01-01,2026-05-31
73020,KENYU,-34.183,148.8,NSW,,9648,0,0.0,2000-01-01,2026-05-31
73021,KOORAWATHA (BOOROWA STREET),-34.04,148.555,NSW,,9648,6703,69.5,2000-01-01,2026-05-31
73022,COOTAMUNDRA (LANDGROVE),-34.648,148.161,NSW,,9648,9507,98.5,2000-01-01,2026-05-31
73023,KANGIARA (LAVERSTOCK),-34.606,148.787,NSW,,9648,9355,97.0,2000-01-01,2026-05-31
73024,MARSDEN (MERUNGLE),-33.767,147.533,NSW,,9648,0,0.0,2000-01-01,2026-05-31
73025,OLD JUNEE (MILLBANK),-34.791,147.559,NSW,,9648,8320,86.2,2000-01-01,2026-05-31
73028,MURRINGO POST OFFICE,-34.3,148.517,NSW,,9648,0,0.0,2000-01-01,2026-05-31
73029,MURRUMBURRAH (HISTORICAL SOCIETY),-34.55,148.351,NSW,,9648,8596,89.1,2000-01-01,2026-05-31
73030,NARRA ALLEN,-34.3,148.6,NSW,,9648,0,0.0,2000-01-01,2026-05-31
73031,JUNEE REEFS (NOORLA),-34.65,147.6,NSW,,9648,0,0.0,2000-01-01,2026-05-31
73032,QUANDIALLA POST OFFICE,-34.011,147.794,NSW,,9648,8970,93.0,2000-01-01,2026-05-31
73033,BETHUNGRA (RETREAT),-34.644,147.704,NSW,,9648,1751,18.1,2000-01-01,2026-05-31
73034,BRUNGLE (ROSEMOUNT),-35.18,148.3,NSW,,9648,0,0.0,2000-01-01,2026-05-31
73035,YOUNG (KOORINGA),-34.364,148.078,NSW,,9648,5289,54.8,2000-01-01,2026-05-31
73036,STOCKINBINGAL POST OFFICE,-34.5,147.881,NSW,,9648,4672,48.4,2000-01-01,2026-05-31
73037,TEMORA AMBULANCE STATION,-34.444,147.533,NSW,,9648,8303,86.1,2000-01-01,2026-05-31
73038,TEMORA RESEARCH STATION,-34.406,147.525,NSW,,9648,3822,39.6,2000-01-01,2026-05-31
73040,TUBBUL POST OFFICE,-34.267,147.933,NSW,,9648,0,0.0,2000-01-01,2026-05-31
73041,WOMBAT (TUMBLETON),-34.406,148.179,NSW,,9648,9210,95.5,2000-01-01,2026-05-31
73042,WALLANDOON,-34.5,148.1,NSW,,9648,0,0.0,2000-01-01,2026-05-31
73043,WALLENDBEEN (CORANG),-34.492,148.127,NSW,,9648,9369,97.1,2000-01-01,2026-05-31
73044,WANTABADGERY,-35.058,147.753,NSW,,9648,9454,98.0,2000-01-01,2026-05-31
73045,WANTIOOL (CAITHNESS),-34.9,147.667,NSW,,9648,0,0.0,2000-01-01,2026-05-31
73047,WARRANGONG,-34.0,148.5,NSW,,9648,0,0.0,2000-01-01,2026-05-31
73048,WATTLE VALE,-34.1,148.0,NSW,,9648,0,0.0,2000-01-01,2026-05-31
73050,BOWNING (WANGANUI),-34.761,148.825,NSW,,9648,7588,78.6,2000-01-01,2026-05-31
73051,MURRINGO (WINDERMERE),-34.205,148.553,NSW,,9648,9570,99.2,2000-01-01,2026-05-31
73053,WOODBURN 3,-34.6,148.0,NSW,,9648,0,0.0,2000-01-01,2026-05-31
73054,WYALONG POST OFFICE,-33.926,147.242,NSW,,9648,9500,98.5,2000-01-01,2026-05-31
73055,MUNDARLO (YABTREE),-35.1,147.777,NSW,,9648,7387,76.6,2000-01-01,2026-05-31
73056,YOUNG POST OFFICE,-34.317,148.297,NSW,,9648,0,0.0,2000-01-01,2026-05-31
73058,MORANGARELL,-34.2,147.1,NSW,,9648,0,0.0,2000-01-01,2026-05-31
73067,BURLINGTON FLAT (NARRABURRA),-34.3,147.6,NSW,,9648,0,0.0,2000-01-01,2026-05-31
73079,GOBARRALONG,-35.0,148.2,NSW,,9648,0,0.0,2000-01-01,2026-05-31
73092,STOCKINBINGAL 1,-34.533,147.9,NSW,,9648,0,0.0,2000-01-01,2026-05-31
73099,JUNEE REEFS (CLEAR HILLS),-34.622,147.62,NSW,,9648,5353,55.5,2000-01-01,2026-05-31
73100,BUMBALDRY (BUSHVIEW),-33.912,148.438,NSW,,9648,9272,96.1,2000-01-01,2026-05-31
73109,MURRINGO (YALLAMBEE),-34.425,148.541,NSW,,9648,9463,98.1,2000-01-01,2026-05-31
73110,GRENFELL (COROWOOD),-33.946,148.077,NSW,,9648,9581,99.3,2000-01-01,2026-05-31
73113,TUBBUL (KEIRAVILLE),-34.199,148.005,NSW,,9648,9000,93.3,2000-01-01,2026-05-31
73114,SEBASTOPOL (ERIN VALE),-34.661,147.533,NSW,,9648,3442,35.7,2000-01-01,2026-05-31
73115,BRUNGLE (BONNIE DOON),-35.164,148.229,NSW,,9648,8577,88.9,2000-01-01,2026-05-31
73116,JUNEE (BREFFNI),-34.709,147.553,NSW,,9648,8703,90.2,2000-01-01,2026-05-31
73124,EURONGILLY (BUNDALEER),-34.931,147.767,NSW,,9648,8859,91.8,2000-01-01,2026-05-31
73125,GUNDAGAI OTWAY ST,-35.067,148.1,NSW,,9648,0,0.0,2000-01-01,2026-05-31
73127,WAGGA WAGGA AGRICULTURAL INSTITUTE,-35.052,147.349,NSW,,9648,6002,62.2,2000-01-01,2026-05-31
73128,GUNDAGAI RIDGE STREET,-35.078,148.104,NSW,,9648,0,0.0,2000-01-01,2026-05-31
73138,YOUNG AIRPORT,-34.249,148.248,NSW,,9648,9563,99.1,2000-01-01,2026-05-31
73139,YOUNG (KIAH),-34.319,148.339,NSW,,9648,3825,39.6,2000-01-01,2026-05-31
73141,GUNDAGAI (NANGUS RD),-35.064,148.099,NSW,,9648,7931,82.2,2000-01-01,2026-05-31
73142,COOTAMUNDRA AIRPORT,-34.63,148.036,NSW,,9648,9626,99.8,2000-01-01,2026-05-31
73150,STOCKINBINGAL (SUNNYDALE),-34.531,147.844,NSW,,9648,8457,87.7,2000-01-01,2026-05-31
74000,ARDLETHAN POST OFFICE,-34.357,146.904,NSW,,9648,7807,80.9,2000-01-01,2026-05-31
74001,ARGOON,-34.9,145.9,NSW,,9648,0,0.0,2000-01-01,2026-05-31
74002,ARIAH PARK POST OFFICE,-34.348,147.221,NSW,,9648,8463,87.7,2000-01-01,2026-05-31
74004,BALLDALE POST OFFICE,-35.846,146.519,NSW,,9648,7577,78.5,2000-01-01,2026-05-31
74005,BARELLAN POST OFFICE,-34.285,146.571,NSW,,9648,8850,91.7,2000-01-01,2026-05-31
74006,BECKOM (STAWELL ST),-34.325,146.957,NSW,,9648,5640,58.5,2000-01-01,2026-05-31
74007,LEETON (BENTS HILL),-34.48,146.552,NSW,,9648,9418,97.6,2000-01-01,2026-05-31
74008,GRONG GRONG  (BEREMBED),-34.862,146.818,NSW,,9648,7316,75.8,2000-01-01,2026-05-31
74009,BERRIGAN POST OFFICE,-35.658,145.812,NSW,,9648,5658,58.6,2000-01-01,2026-05-31
74010,YANCO (BILLINBAH EAST),-34.633,146.3,NSW,,9648,0,0.0,2000-01-01,2026-05-31
74011,MATONG (BONNIE DOON),-34.833,146.867,NSW,,9648,0,0.0,2000-01-01,2026-05-31
74012,BOOMANOOMANA,-36.0,145.8,NSW,,9648,0,0.0,2000-01-01,2026-05-31
74014,BOREE CREEK  (RICHMOND ST),-35.108,146.61,NSW,,9648,4572,47.4,2000-01-01,2026-05-31
74015,BRAE SPRINGS,-35.9,146.9,NSW,,9648,0,0.0,2000-01-01,2026-05-31
74016,NARRANDERA (BACK BREWARRENA),-34.967,146.7,NSW,,9648,0,0.0,2000-01-01,2026-05-31
74017,TOOTOOL (BRYNTIRION),-35.289,146.974,NSW,,9648,9131,94.6,2000-01-01,2026-05-31
74020,WEST WYALONG (TALLIMBALONG),-33.939,147.082,NSW,,9648,1309,13.6,2000-01-01,2026-05-31
74021,THE ROCK (BULLENBONG),-35.156,146.936,NSW,,9648,3863,40.0,2000-01-01,2026-05-31
74022,CURRAWARNA (BULLS RUN),-34.95,146.933,NSW,,9648,0,0.0,2000-01-01,2026-05-31
74024,BUNGOWANNAH PARK,-36.05,146.8,NSW,,9648,0,0.0,2000-01-01,2026-05-31
74025,BURRUMBUTTOCK (HOLYROOD),-35.853,146.776,NSW,,9648,7145,74.1,2000-01-01,2026-05-31
74026,URANA (BUTHERWAH),-35.353,146.31,NSW,,9648,5482,56.8,2000-01-01,2026-05-31
74027,BYGOO,-34.3,146.9,NSW,,9648,0,0.0,2000-01-01,2026-05-31
74029,URANA (COCKETGEDONG),-35.3,146.05,NSW,,9648,0,0.0,2000-01-01,2026-05-31
74032,ROWAN (CONNORTON),-35.208,147.329,NSW,,9648,20,0.2,2000-01-01,2026-05-31
74033,COOLAMON POST OFFICE,-34.816,147.2,NSW,,9648,6656,69.0,2000-01-01,2026-05-31
74034,COROWA AIRPORT,-35.989,146.357,NSW,,9648,8506,88.2,2000-01-01,2026-05-31
74035,COWABIE,-34.6,147.0,NSW,,9648,0,0.0,2000-01-01,2026-05-31
74037,YANCO AGRICULTURAL INSTITUTE,-34.622,146.433,NSW,,9648,9316,96.6,2000-01-01,2026-05-31
74038,DAYSDALE (DENNISON STREET),-35.645,146.302,NSW,,9648,4218,43.7,2000-01-01,2026-05-31
74039,DENILIQUIN FALKINER MEMORIAL,-35.367,145.05,NSW,,9648,0,0.0,2000-01-01,2026-05-31
74040,JERILDERIE (POOGINOOK),-34.882,145.76,NSW,,9648,7389,76.6,2000-01-01,2026-05-31
74041,GANMAIN (DULLAH DULLAH),-34.8,147.0,NSW,,9648,0,0.0,2000-01-01,2026-05-31
74042,FINLEY POST OFFICE,-35.641,145.576,NSW,,9648,8109,84.0,2000-01-01,2026-05-31
74043,GALA VALE,-34.9,145.9,NSW,,9648,0,0.0,2000-01-01,2026-05-31
74044,GANMAIN POST OFFICE,-34.793,147.04,NSW,,9648,3752,38.9,2000-01-01,2026-05-31
74046,GOGELDRIE,-34.6,146.2,NSW,,9648,0,0.0,2000-01-01,2026-05-31
74047,GOOLGUMBLA,-34.95,145.517,NSW,,9648,0,0.0,2000-01-01,2026-05-31
74048,GOONAHRA,-34.7,146.5,NSW,,9648,0,0.0,2000-01-01,2026-05-31
74049,GRANVILLE (KENTUCKY),-35.767,146.367,NSW,,9648,0,0.0,2000-01-01,2026-05-31
74050,GRONG GRONG (JUNEE ST),-34.738,146.782,NSW,,9648,8137,84.3,2000-01-01,2026-05-31
74052,CONARGO (HARTWOOD),-35.35,145.35,NSW,,9648,0,0.0,2000-01-01,2026-05-31
74053,HENTY POST OFFICE,-35.517,147.034,NSW,,9648,8030,83.2,2000-01-01,2026-05-31
74054,HOWLONG POST OFFICE,-35.979,146.627,NSW,,9648,4202,43.6,2000-01-01,2026-05-31
74055,JERILDERIE TREATMENT WORKS,-35.347,145.726,NSW,,9648,9463,98.1,2000-01-01,2026-05-31
74056,JINDERA POST OFFICE,-35.954,146.889,NSW,,9648,4645,48.1,2000-01-01,2026-05-31
74058,KILDARY,-34.117,147.0,NSW,,9648,0,0.0,2000-01-01,2026-05-31
74059,KILDONAN,-35.85,145.833,NSW,,9648,0,0.0,2000-01-01,2026-05-31
74060,KILNYANA WEST,-35.8,145.9,NSW,,9648,0,0.0,2000-01-01,2026-05-31
74061,LAKE MIDGEON,-34.6,146.65,NSW,,9648,0,0.0,2000-01-01,2026-05-31
74062,LEETON CARAVAN PARK,-34.567,146.411,NSW,,9648,1948,20.2,2000-01-01,2026-05-31
74064,LOCKHART BOWLING CLUB,-35.222,146.724,NSW,,9648,6651,68.9,2000-01-01,2026-05-31
74065,MAHONGA,-35.55,146.5,NSW,,9648,0,0.0,2000-01-01,2026-05-31
74066,MAYRUNG (MALVERN),-35.467,145.4,NSW,,9648,0,0.0,2000-01-01,2026-05-31
74068,MARRAR (CENTENARY DRIVE),-34.829,147.356,NSW,,9648,2996,31.1,2000-01-01,2026-05-31
74069,MATHOURA STATE FOREST,-35.812,144.901,NSW,,9648,5175,53.6,2000-01-01,2026-05-31
74071,MATONG (MAIN STREET),-34.769,146.922,NSW,,9648,4360,45.2,2000-01-01,2026-05-31
74073,BINYA (MERRIBEE),-34.3,146.35,NSW,,9648,0,0.0,2000-01-01,2026-05-31
74074,MITTAGONG HEAD STATION,-35.333,146.95,NSW,,9648,0,0.0,2000-01-01,2026-05-31
74075,MOAMA,-36.1,144.7,NSW,,9648,0,0.0,2000-01-01,2026-05-31
74076,MOIRA PASTORAL CO.,-35.933,144.917,NSW,,9648,0,0.0,2000-01-01,2026-05-31
74077,MOIRA STATE FOREST,-36.017,144.9,NSW,,9648,0,0.0,2000-01-01,2026-05-31
74078,MOORONG,-35.1,147.3,NSW,,9648,0,0.0,2000-01-01,2026-05-31
74079,MOROCO EAST,-35.8,145.1,NSW,,9648,0,0.0,2000-01-01,2026-05-31
74080,MULWALA HOMESTEAD,-36.0,146.0,NSW,,9648,0,0.0,2000-01-01,2026-05-31
74081,MULWALA POST OFFICE,-35.988,146.006,NSW,,9648,6813,70.6,2000-01-01,2026-05-31
74082,NARRANDERA POST OFFICE,-34.75,146.55,NSW,,9648,0,0.0,2000-01-01,2026-05-31
74083,NARRANDERA STATE FOREST,-34.75,146.567,NSW,,9648,0,0.0,2000-01-01,2026-05-31
74084,NARUA,-35.0,147.35,NSW,,9648,0,0.0,2000-01-01,2026-05-31
74086,DENILIQUIN NORWOOD,-35.517,145.05,NSW,,9648,0,0.0,2000-01-01,2026-05-31
74087,URANA (NOWRANIE),-35.334,146.034,NSW,,9648,9592,99.4,2000-01-01,2026-05-31
74088,OAKLANDS GENERAL STORE,-35.558,146.165,NSW,,9648,9374,97.2,2000-01-01,2026-05-31
74089,POMINGALARNA,-35.1,147.2,NSW,,9648,0,0.0,2000-01-01,2026-05-31
74090,PRICKLEY RANGE,-34.8,146.1,NSW,,9648,0,0.0,2000-01-01,2026-05-31
74091,PRIMROSE PARK,-34.45,147.183,NSW,,9648,0,0.0,2000-01-01,2026-05-31
74092,PULLETOP (MATTA MIA),-35.4,147.4,NSW,,9648,0,0.0,2000-01-01,2026-05-31
74093,FINLEY (STRATHDRUMMOND),-35.567,145.533,NSW,,9648,0,0.0,2000-01-01,2026-05-31
74094,BARELLAN (NEREENA),-34.221,146.459,NSW,,9648,3872,40.1,2000-01-01,2026-05-31
74095,RENNIE (PINE VIEW),-35.822,146.224,NSW,,9648,4230,43.8,2000-01-01,2026-05-31
74096,COROWA (RINGWOOD PARK),-35.867,146.183,NSW,,9648,0,0.0,2000-01-01,2026-05-31
74097,ROCK VIEW,-34.8,147.5,NSW,,9648,0,0.0,2000-01-01,2026-05-31
74098,ROUND HILL,-35.6,147.0,NSW,,9648,0,0.0,2000-01-01,2026-05-31
74099,SANDIGO POST OFFICE,-34.917,146.65,NSW,,9648,0,0.0,2000-01-01,2026-05-31
74100,HOPEFIELD (BARNWEAL),-35.905,146.445,NSW,,9648,7757,80.4,2000-01-01,2026-05-31
74102,TALLIMBA STORE,-33.995,146.882,NSW,,9648,273,2.8,2000-01-01,2026-05-31
74103,MULWALA (TARRAMIA),-36.0,146.093,NSW,,9648,0,0.0,2000-01-01,2026-05-31
74104,THE ROCK POST OFFICE,-35.268,147.114,NSW,,9648,9027,93.6,2000-01-01,2026-05-31
74106,TOCUMWAL AIRPORT,-35.817,145.6,NSW,,9648,8026,83.2,2000-01-01,2026-05-31
74108,DARLINGTON POINT (TUBBO),-34.631,146.094,NSW,,9648,1289,13.4,2000-01-01,2026-05-31
74109,DARLINGTON POINT (TUBBO WELL),-34.75,146.167,NSW,,9648,0,0.0,2000-01-01,2026-05-31
74110,URANA POST OFFICE,-35.331,146.265,NSW,,9648,8572,88.8,2000-01-01,2026-05-31
74111,UROLY,-34.8,146.4,NSW,,9648,0,0.0,2000-01-01,2026-05-31
74114,WAGGA WAGGA RESEARCH CENTRE,-35.131,147.309,NSW,,9648,1135,11.8,2000-01-01,2026-05-31
74115,WALBUNDRIE (CREDITON STREET),-35.685,146.727,NSW,,9648,6403,66.4,2000-01-01,2026-05-31
74116,WALLANDOOL,-35.5,146.8,NSW,,9648,0,0.0,2000-01-01,2026-05-31
74117,WALLA WALLA POST OFFICE,-35.767,146.9,NSW,,9648,6296,65.3,2000-01-01,2026-05-31
74118,WHITTON (CONAPAIRA ST),-34.514,146.185,NSW,,9648,8923,92.5,2000-01-01,2026-05-31
74119,WOODBURY,-35.5,145.3,NSW,,9648,0,0.0,2000-01-01,2026-05-31
74120,WOODLAND PARK,-34.9,146.133,NSW,,9648,0,0.0,2000-01-01,2026-05-31
74121,WUNNAMURRA,-35.4,145.7,NSW,,9648,0,0.0,2000-01-01,2026-05-31
74122,YAMMA,-34.9,146.1,NSW,,9648,0,0.0,2000-01-01,2026-05-31
74123,YANCO REGULATOR,-34.612,146.422,NSW,,9648,0,0.0,2000-01-01,2026-05-31
74124,JERILDERIE (YANKO STATION),-35.167,145.767,NSW,,9648,0,0.0,2000-01-01,2026-05-31
74125,YARRAN,-35.3,146.7,NSW,,9648,0,0.0,2000-01-01,2026-05-31
74126,YERONG CREEK (FERTILIZER DEPOT),-35.385,147.056,NSW,,9648,8494,88.0,2000-01-01,2026-05-31
74128,DENILIQUIN (VISITOR INFORMATION CENTRE),-35.528,144.965,NSW,,9648,8124,84.2,2000-01-01,2026-05-31
74129,MATHOURA (MATHOURA STATION),-35.723,144.786,NSW,,9648,9093,94.2,2000-01-01,2026-05-31
74131,RAND POST OFFICE,-35.593,146.578,NSW,,9648,4093,42.4,2000-01-01,2026-05-31
74132,LEETON (YARRAMUNDI),-34.639,146.263,NSW,,9648,1347,14.0,2000-01-01,2026-05-31
74138,ARUNDEL,-35.9,146.6,NSW,,9648,0,0.0,2000-01-01,2026-05-31
74139,COLINROOBIE,-34.5,146.6,NSW,,9648,0,0.0,2000-01-01,2026-05-31
74144,NARRANDERA (BREWARRANA),-34.867,146.783,NSW,,9648,0,0.0,2000-01-01,2026-05-31
74146,COLLENDINA,-36.05,146.3,NSW,,9648,0,0.0,2000-01-01,2026-05-31
74147,COLOMBO CREEK,-35.2,146.0,NSW,,9648,0,0.0,2000-01-01,2026-05-31
74148,NARRANDERA AIRPORT AWS,-34.705,146.514,NSW,,9648,8707,90.2,2000-01-01,2026-05-31
74168,PINE HILLS,-35.5,145.4,NSW,,9648,0,0.0,2000-01-01,2026-05-31
74176,SPRINGFIELD 3,-35.5,145.6,NSW,,9648,0,0.0,2000-01-01,2026-05-31
74179,TOOTOOL (TORONTO),-35.257,146.983,NSW,,9648,7515,77.9,2000-01-01,2026-05-31
74184,WARBRECCAN,-35.5,144.8,NSW,,9648,0,0.0,2000-01-01,2026-05-31
74188,CULCAIRN BOWLING CLUB,-35.672,147.036,NSW,,9648,8049,83.4,2000-01-01,2026-05-31
74192,CONARGO POST OFFICE,-35.303,145.182,NSW,,9648,4596,47.6,2000-01-01,2026-05-31
74193,URANA (BOONONGO),-35.087,146.269,NSW,,9648,3602,37.3,2000-01-01,2026-05-31
74194,LOCKHART (WELYA),-35.32,146.497,NSW,,9648,3111,32.2,2000-01-01,2026-05-31
74195,PULLETOP (WOLONGA),-35.451,147.383,NSW,,9648,3493,36.2,2000-01-01,2026-05-31
74198,JERILDERIE (COREE STN),-35.35,145.45,NSW,,9648,0,0.0,2000-01-01,2026-05-31
74201,NARRANDERA (TOP REEDS),-34.916,146.763,NSW,,9648,8548,88.6,2000-01-01,2026-05-31
74202,GANMAIN (ROSEDALE),-34.85,146.978,NSW,,9648,9604,99.5,2000-01-01,2026-05-31
74205,BELFRAYDEN (NORTH MAYFIELD),-35.162,147.027,NSW,,9648,9575,99.2,2000-01-01,2026-05-31
74208,TUPPAL (WARRAGOON),-35.607,145.201,NSW,,9648,9590,99.4,2000-01-01,2026-05-31
74211,TOCUMWAL AERO,-35.783,145.567,NSW,,9648,0,0.0,2000-01-01,2026-05-31
74217,MARRAR (BRIGADOON),-34.757,147.348,NSW,,9648,9363,97.0,2000-01-01,2026-05-31
74221,NARRANDERA GOLF CLUB,-34.733,146.559,NSW,,9648,5282,54.7,2000-01-01,2026-05-31
74234,EUBERTA (EAST VIEW),-35.037,147.193,NSW,,9648,6193,64.2,2000-01-01,2026-05-31
74236,BUNGOWANNAH (ROSELEIGH),-36.017,146.756,NSW,,9648,9106,94.4,2000-01-01,2026-05-31
74240,URANA (BOONONGO),-35.083,146.267,NSW,,9648,0,0.0,2000-01-01,2026-05-31
74249,COLEAMBALLY IRRIGATION,-34.802,145.89,NSW,,9648,7760,80.4,2000-01-01,2026-05-31
74256,MORUNDAH (SANDSIDE),-35.05,146.169,NSW,,9648,4985,51.7,2000-01-01,2026-05-31
74258,DENILIQUIN AIRPORT AWS,-35.557,144.946,NSW,,9648,9607,99.6,2000-01-01,2026-05-31
75001,BALPOOL (NYANG),-35.15,144.2,NSW,,9648,0,0.0,2000-01-01,2026-05-31
75002,BARHAM 2,-35.6,144.1,NSW,,9648,0,0.0,2000-01-01,2026-05-31
75003,BARHAM (THULE STREET),-35.629,144.125,NSW,,9648,3965,41.1,2000-01-01,2026-05-31
75004,WAKOOL (BARRATTA),-35.285,144.533,NSW,,9648,8196,85.0,2000-01-01,2026-05-31
75005,BENEREMBAH,-34.5,145.8,NSW,,9648,0,0.0,2000-01-01,2026-05-31
75006,BINYA POST OFFICE,-34.229,146.344,NSW,,9648,9396,97.4,2000-01-01,2026-05-31
75007,BOOLIGAL (BELMONT),-33.844,144.907,NSW,,9648,9525,98.7,2000-01-01,2026-05-31
75008,LAKE CARGELLIGO AIRPORT DLWC,-33.283,146.371,NSW,,9648,3993,41.4,2000-01-01,2026-05-31
75009,BOOROORBAN POST OFFICE,-34.933,144.767,NSW,,9648,0,0.0,2000-01-01,2026-05-31
75010,DARLINGTON POINT (BRINGAGEE),-34.513,145.788,NSW,,9648,5459,56.6,2000-01-01,2026-05-31
75011,BURRABOGIE,-34.5,145.2,NSW,,9648,0,0.0,2000-01-01,2026-05-31
75012,WAKOOL (CALIMO),-35.42,144.6,NSW,,9648,9613,99.6,2000-01-01,2026-05-31
75013,CANOON,-34.5,144.5,NSW,,9648,0,0.0,2000-01-01,2026-05-31
75014,CARRATHOOL MOTORS,-34.408,145.433,NSW,,9648,2526,26.2,2000-01-01,2026-05-31
75015,CLIFFORD DOWNS,-34.75,145.65,NSW,,9648,0,0.0,2000-01-01,2026-05-31
75018,HAY (CORRONG),-34.218,144.466,NSW,,9648,7068,73.3,2000-01-01,2026-05-31
75020,MALLAN (NIEMUR VALLEY),-35.162,143.873,NSW,,9648,4342,45.0,2000-01-01,2026-05-31
75021,ELAMANG,-34.2,145.4,NSW,,9648,0,0.0,2000-01-01,2026-05-31
75022,HILLSTON (ESSEX),-33.574,145.917,NSW,,9648,0,0.0,2000-01-01,2026-05-31
75023,HAY (EUROLIE),-34.75,145.15,NSW,,9648,0,0.0,2000-01-01,2026-05-31
75024,EURUGABAH STATION,-33.8,145.0,NSW,,9648,0,0.0,2000-01-01,2026-05-31
75025,GOOLGOWI (MOIRA ST),-33.979,145.707,NSW,,9648,4357,45.2,2000-01-01,2026-05-31
75026,GROONGAL (GROONGAL STATION),-34.442,145.561,NSW,,9648,7993,82.8,2000-01-01,2026-05-31
75027,GUBBATA COOMA ST,-33.636,146.548,NSW,,9648,2893,30.0,2000-01-01,2026-05-31
75028,GRIFFITH CSIRO,-34.318,146.067,NSW,,9648,0,0.0,2000-01-01,2026-05-31
75029,CARRATHOOL (GUM CREEK),-34.628,145.354,NSW,,9648,5041,52.2,2000-01-01,2026-05-31
75030,LAKE CARGELLIGO (GUNNIGULDRIE),-33.237,146.135,NSW,,9648,3115,32.3,2000-01-01,2026-05-31
75031,HAY (MILLER STREET),-34.519,144.855,NSW,,9648,5476,56.8,2000-01-01,2026-05-31
75032,HILLSTON AIRPORT,-33.492,145.525,NSW,,9648,8749,90.7,2000-01-01,2026-05-31
75033,HILLVIEW (BALLANDRY),-34.1,146.1,NSW,,9648,0,0.0,2000-01-01,2026-05-31
75034,HILLSTON (HUNTHAWANG),-33.341,145.748,NSW,,9648,3756,38.9,2000-01-01,2026-05-31
75035,HAY (ILLILAWA),-34.481,144.979,NSW,,9648,0,0.0,2000-01-01,2026-05-31
75036,KERI KERI,-34.9,143.9,NSW,,9648,0,0.0,2000-01-01,2026-05-31
75038,KOONDROOK STATE FOREST,-35.683,144.217,NSW,,9648,0,0.0,2000-01-01,2026-05-31
75039,LAKE CARGELLIGO AIRPORT,-33.283,146.371,NSW,,9648,8851,91.7,2000-01-01,2026-05-31
75042,MAUDE POST OFFICE,-34.476,144.301,NSW,,9648,7932,82.2,2000-01-01,2026-05-31
75043,LAKE CARGELLIGO (MERRI-MERRIGAL),-33.394,146.038,NSW,,9648,3252,33.7,2000-01-01,2026-05-31
75044,MERRIWAGGA (THE OLD SCHOOL CARAVAN PARK,-33.819,145.624,NSW,,9648,8869,91.9,2000-01-01,2026-05-31
75045,MOOLPA,-35.0,143.7,NSW,,9648,0,0.0,2000-01-01,2026-05-31
75046,MOULAMEIN POST OFFICE,-35.089,144.035,NSW,,9648,8604,89.2,2000-01-01,2026-05-31
75047,HAY (MULBERRYGONG),-34.493,145.254,NSW,,9648,6786,70.3,2000-01-01,2026-05-31
75048,SWAN HILL (MURRAY DOWNS),-35.341,143.587,NSW,,9648,0,0.0,2000-01-01,2026-05-31
75049,MAUDE (NAP NAP),-34.446,144.173,NSW,,9648,9526,98.7,2000-01-01,2026-05-31
75050,NARADHAN (URALBA),-33.61,146.316,NSW,,9648,5538,57.4,2000-01-01,2026-05-31
75051,NOORONG,-35.4,144.0,NSW,,9648,0,0.0,2000-01-01,2026-05-31
75052,UARDRY (OOLAMBEYAN),-34.683,145.3,NSW,,9648,0,0.0,2000-01-01,2026-05-31
75053,PEMBLEGONG,-34.483,145.033,NSW,,9648,0,0.0,2000-01-01,2026-05-31
75054,CONARGO (PUCKAWIDGEE),-35.285,145.21,NSW,,9648,9550,99.0,2000-01-01,2026-05-31
75056,BOOROORBAN (RAMSAY),-34.939,144.735,NSW,,9648,6198,64.2,2000-01-01,2026-05-31
75057,RANKINS SPRINGS,-33.847,146.25,NSW,,9648,3219,33.4,2000-01-01,2026-05-31
75059,STEAM PLAINS 1,-35.1,145.3,NSW,,9648,0,0.0,2000-01-01,2026-05-31
75060,STEAM PLAINS 2,-35.0,145.3,NSW,,9648,0,0.0,2000-01-01,2026-05-31
75062,MOULAMEIN (TCHELERY),-34.81,144.165,NSW,,9648,9474,98.2,2000-01-01,2026-05-31
75063,THELANGERIN EAST,-34.2,144.5,NSW,,9648,0,0.0,2000-01-01,2026-05-31
75064,GROONGAL (GUNDALINE),-34.477,145.547,NSW,,9648,4516,46.8,2000-01-01,2026-05-31
75065,HAY (TOOGIMBIE),-34.55,144.483,NSW,,9648,0,0.0,2000-01-01,2026-05-31
75066,TULLIBIGEAL POST OFFICE,-33.422,146.728,NSW,,9648,479,5.0,2000-01-01,2026-05-31
75067,CARRATHOOL (UARDRY),-34.466,145.303,NSW,,9648,4290,44.5,2000-01-01,2026-05-31
75068,UARDRY 2 OUT STATION,-34.5,145.3,NSW,,9648,0,0.0,2000-01-01,2026-05-31
75069,BOOLIGAL (ULONGA),-34.096,144.653,NSW,,9648,8992,93.2,2000-01-01,2026-05-31
75070,WAKOOL DAMPIER ST,-35.47,144.395,NSW,,9648,0,0.0,2000-01-01,2026-05-31
75071,BILLABONG CREEK AT WANGANELLA,-35.213,144.824,NSW,,9648,9540,98.9,2000-01-01,2026-05-31
75072,WEETHALLE (MOUNTAIN VIEW),-33.938,146.606,NSW,,9648,8236,85.4,2000-01-01,2026-05-31
75074,HILLSTON (WILLANTHRY),-33.35,145.833,NSW,,9648,0,0.0,2000-01-01,2026-05-31
75075,CONARGO (WILLURAH),-34.995,145.091,NSW,,9648,5636,58.4,2000-01-01,2026-05-31
75077,YANGA,-34.7,143.6,NSW,,9648,0,0.0,2000-01-01,2026-05-31
75078,YENDA (BLUE PLAINS),-34.067,146.1,NSW,,9648,0,0.0,2000-01-01,2026-05-31
75079,YENDA (HENRY STREET),-34.25,146.19,NSW,,9648,9533,98.8,2000-01-01,2026-05-31
75080,WANGANELLA (ZARA),-35.172,144.697,NSW,,9648,6596,68.4,2000-01-01,2026-05-31
75081,WANGANELLA (BUNDYULUMBLAH),-35.036,144.456,NSW,,9648,8034,83.3,2000-01-01,2026-05-31
75086,WAKOOL (MURRAY IRRIGATION),-35.468,144.397,NSW,,9648,6374,66.1,2000-01-01,2026-05-31
75087,LAKE BREWSTER,-33.399,145.98,NSW,,9648,121,1.3,2000-01-01,2026-05-31
75096,HILLSTON (COWL COWL),-33.587,145.36,NSW,,9648,5018,52.0,2000-01-01,2026-05-31
75112,LYNWOOD 1,-34.8,143.6,NSW,,9648,0,0.0,2000-01-01,2026-05-31
75114,MOUNT ELLIOT TANK,-34.2,146.2,NSW,,9648,0,0.0,2000-01-01,2026-05-31
75118,PUCKAWIDGEE BACK,-35.1,145.2,NSW,,9648,0,0.0,2000-01-01,2026-05-31
75132,LAKE CARGELLIGO (WOOYEO),-33.218,146.297,NSW,,9648,5046,52.3,2000-01-01,2026-05-31
75134,HAY (EPSOM DOWNS),-34.875,145.289,NSW,,9648,3172,32.9,2000-01-01,2026-05-31
75137,HAY (PEVENSEY),-34.564,144.639,NSW,,9648,3414,35.4,2000-01-01,2026-05-31
75140,GUNBAR  (KELSEY),-34.153,145.141,NSW,,9648,9614,99.6,2000-01-01,2026-05-31
75142,MERRIWAGGA  (SYLVANHAM),-33.925,145.52,NSW,,9648,9480,98.3,2000-01-01,2026-05-31
75146,RANKINS SPRINGS (ACRES),-34.004,146.06,NSW,,9648,9193,95.3,2000-01-01,2026-05-31
75150,MERRIWAGGA (FLIXTON),-33.783,145.867,NSW,,9648,0,0.0,2000-01-01,2026-05-31
75163,HILLSTON  ( ALDINGA),-33.348,145.87,NSW,,9648,9537,98.8,2000-01-01,2026-05-31
75164,STONY CROSSING (BARWON),-35.046,143.572,NSW,,9648,9085,94.2,2000-01-01,2026-05-31
75166,DARLINGTON POINT (COUNCIL DEPOT),-34.569,145.998,NSW,,9648,5948,61.7,2000-01-01,2026-05-31
75174,GRIFFITH CSIRO,-34.323,146.068,NSW,,9648,1282,13.3,2000-01-01,2026-05-31
75175,HAY CSIRO AWS,-34.547,144.867,NSW,,9648,2596,26.9,2000-01-01,2026-05-31
76000,ANNUELLO,-34.85,142.781,VIC,,9648,9628,99.8,2000-01-01,2026-05-31
76001,ANNUELLO (MOSTANK),-34.8,142.75,VIC,,9648,0,0.0,2000-01-01,2026-05-31
76002,BANNERTON,-34.723,142.79,VIC,,9648,1918,19.9,2000-01-01,2026-05-31
76003,BARING (KINTA),-35.383,142.067,VIC,,9648,0,0.0,2000-01-01,2026-05-31
76005,CARWARP,-34.467,142.2,VIC,,9648,0,0.0,2000-01-01,2026-05-31
76009,COWANGIE,-35.234,141.383,VIC,,9648,1015,10.5,2000-01-01,2026-05-31
76010,CRAMENTON,-34.8,142.467,VIC,,9648,0,0.0,2000-01-01,2026-05-31
76011,MANANGATANG (DAYTRAP),-35.197,142.801,VIC,,9648,2984,30.9,2000-01-01,2026-05-31
76012,MANANGATANG (EUREKA EAST),-35.17,143.0,VIC,,9648,9493,98.4,2000-01-01,2026-05-31
76013,GALAH,-35.097,142.172,VIC,,9648,2938,30.5,2000-01-01,2026-05-31
76014,HAYSDALE,-34.883,143.267,VIC,,9648,0,0.0,2000-01-01,2026-05-31
76015,IRYMPLE (ARLINGTON),-34.226,142.151,VIC,,9648,8854,91.8,2000-01-01,2026-05-31
76023,KURNWILL,-34.461,141.392,VIC,,9648,4706,48.8,2000-01-01,2026-05-31
76024,ROBINVALE (KYNDALYN PARK),-34.712,142.928,VIC,,9648,3083,32.0,2000-01-01,2026-05-31
76025,MANANGATANG,-35.055,142.883,VIC,,9648,7234,75.0,2000-01-01,2026-05-31
76026,MERBEIN CSIRO RESEARCH STATION,-34.213,142.04,VIC,,9648,0,0.0,2000-01-01,2026-05-31
76027,MERBEIN SRWSC,-34.167,142.067,VIC,,9648,0,0.0,2000-01-01,2026-05-31
76029,MERINGUR,-34.389,141.335,VIC,,9648,7458,77.3,2000-01-01,2026-05-31
76030,MERRINEE,-34.385,141.758,VIC,,9648,7171,74.3,2000-01-01,2026-05-31
76031,MILDURA AIRPORT,-34.236,142.087,VIC,,9648,9555,99.0,2000-01-01,2026-05-31
76032,MILDURA SE,-34.216,142.167,VIC,,9648,0,0.0,2000-01-01,2026-05-31
76035,MORKALLA NORTH,-34.294,141.173,VIC,,9648,3577,37.1,2000-01-01,2026-05-31
76036,MULCRA,-35.167,141.1,VIC,,9648,0,0.0,2000-01-01,2026-05-31
76037,MURRAY LOCK NUMBER 9,-34.193,141.6,VIC,,9648,9519,98.7,2000-01-01,2026-05-31
76038,MURRAYVILLE,-35.263,141.179,VIC,,9648,9411,97.5,2000-01-01,2026-05-31
76039,NANDALY,-35.317,142.7,VIC,,9648,0,0.0,2000-01-01,2026-05-31
76040,NEDS CORNER,-34.317,141.333,VIC,,9648,0,0.0,2000-01-01,2026-05-31
76043,NULKWYNE KIAMAL,-34.927,142.177,VIC,,9648,9328,96.7,2000-01-01,2026-05-31
76044,NYAH,-35.176,143.37,VIC,,9648,9415,97.6,2000-01-01,2026-05-31
76045,NYAH WEST POST OFFICE,-35.183,143.333,VIC,,9648,0,0.0,2000-01-01,2026-05-31
76046,NYAH (YARRABY TANK),-35.167,142.278,VIC,,9648,9486,98.3,2000-01-01,2026-05-31
76047,OUYEN (POST OFFICE),-35.068,142.312,VIC,,9648,9529,98.8,2000-01-01,2026-05-31
76049,PIANGIL,-35.5,143.3,VIC,,9648,0,0.0,2000-01-01,2026-05-31
76050,PIRA WILD HORSE PLAINS,-35.255,143.347,VIC,,9648,9604,99.5,2000-01-01,2026-05-31
76051,PIRLTA,-34.362,141.904,VIC,,9648,9537,98.8,2000-01-01,2026-05-31
76052,RED CLIFFS (POST OFFICE),-34.307,142.188,VIC,,9648,7274,75.4,2000-01-01,2026-05-31
76053,ROBINVALE,-34.59,142.769,VIC,,9648,8329,86.3,2000-01-01,2026-05-31
76054,TIEGA,-35.1,142.2,VIC,,9648,0,0.0,2000-01-01,2026-05-31
76055,TOWAN,-35.1,143.2,VIC,,9648,0,0.0,2000-01-01,2026-05-31
76058,TUTYE,-35.2,141.5,VIC,,9648,0,0.0,2000-01-01,2026-05-31
76059,TYNTYNDER STATION,-35.2,143.5,VIC,,9648,0,0.0,2000-01-01,2026-05-31
76060,TYNTYNDER WEST,-35.2,143.4,VIC,,9648,0,0.0,2000-01-01,2026-05-31
76061,UNDERBOOL,-35.167,141.817,VIC,,9648,0,0.0,2000-01-01,2026-05-31
76062,WAGANT,-35.1,142.5,VIC,,9648,0,0.0,2000-01-01,2026-05-31
76063,WALPA (DANYO),-35.092,141.261,VIC,,9648,6134,63.6,2000-01-01,2026-05-31
76064,WALPEUP RESEARCH,-35.12,142.004,VIC,,9648,9269,96.1,2000-01-01,2026-05-31
76065,WALPEUP,-35.137,142.024,VIC,,9648,5784,60.0,2000-01-01,2026-05-31
76067,WERRIMULL,-34.388,141.595,VIC,,9648,9159,94.9,2000-01-01,2026-05-31
76068,WILLAH,-34.5,141.9,VIC,,9648,0,0.0,2000-01-01,2026-05-31
76069,WINNAMBOOL (KULWIN),-34.954,142.739,VIC,,9648,9499,98.5,2000-01-01,2026-05-31
76072,WOORNACK,-35.15,142.483,VIC,,9648,0,0.0,2000-01-01,2026-05-31
76077,MILDURA POST OFFICE,-34.183,142.2,VIC,,9648,0,0.0,2000-01-01,2026-05-31
76092,NEDS CORNER HOMESTEAD,-34.2,141.5,VIC,,9648,0,0.0,2000-01-01,2026-05-31
76103,BRONZEWING,-35.189,142.373,VIC,,9648,9621,99.7,2000-01-01,2026-05-31
76105,BOUNDARY BEND,-34.716,143.151,VIC,,9648,9326,96.7,2000-01-01,2026-05-31
76106,MURRAYVILLE (CARINA),-35.248,141.081,VIC,,9648,9307,96.5,2000-01-01,2026-05-31
76107,TUTYE (BUNUROUK),-35.285,141.495,VIC,,9648,9586,99.4,2000-01-01,2026-05-31
76108,LINGA,-35.168,141.692,VIC,,9648,7532,78.1,2000-01-01,2026-05-31
76109,MURRAYVILLE (NGALLO),-35.368,141.062,VIC,,9648,7882,81.7,2000-01-01,2026-05-31
76111,HATTAH LAKES,-34.767,142.333,VIC,,9648,0,0.0,2000-01-01,2026-05-31
76125,ROBINVALE CONSOLIDATED SCHOOL,-34.6,142.783,VIC,,9648,0,0.0,2000-01-01,2026-05-31
76133,LINDSAY POINT,-34.105,141.017,VIC,,9648,9577,99.3,2000-01-01,2026-05-31
77000,BAEL BAEL,-35.7,143.7,VIC,,9648,0,0.0,2000-01-01,2026-05-31
77001,QUAMBATOOK (BARRAPORT NORTH),-35.981,143.648,VIC,,9648,9442,97.9,2000-01-01,2026-05-31
77002,BEAUCHAMP,-35.6,143.6,VIC,,9648,0,0.0,2000-01-01,2026-05-31
77003,BEULAH,-35.9,142.4,VIC,,9648,0,0.0,2000-01-01,2026-05-31
77004,BEULAH,-35.937,142.421,VIC,,9648,5815,60.3,2000-01-01,2026-05-31
77005,BERRIWILLOCK,-35.637,142.995,VIC,,9648,8406,87.1,2000-01-01,2026-05-31
77007,BIRCHIP POST OFFICE,-35.983,142.916,VIC,,9648,0,0.0,2000-01-01,2026-05-31
77008,BIRCHIP (WOODLANDS),-35.924,142.851,VIC,,9648,7622,79.0,2000-01-01,2026-05-31
77009,BOIGBEAT,-35.55,142.921,VIC,,9648,9191,95.3,2000-01-01,2026-05-31
77014,CULGOA,-35.717,143.107,VIC,,9648,8926,92.5,2000-01-01,2026-05-31
77015,GAMA,-35.557,142.543,VIC,,9648,9396,97.4,2000-01-01,2026-05-31
77016,BOORT (GREDGWIN),-35.974,143.61,VIC,,9648,9434,97.8,2000-01-01,2026-05-31
77018,HOPETOUN,-35.734,142.37,VIC,,9648,0,0.0,2000-01-01,2026-05-31
77019,KENMARE,-35.917,142.167,VIC,,9648,0,0.0,2000-01-01,2026-05-31
77020,KINNABULLA,-35.9,142.8,VIC,,9648,0,0.0,2000-01-01,2026-05-31
77021,LAKE BOGA (KUNAT),-35.541,143.528,VIC,,9648,7305,75.7,2000-01-01,2026-05-31
77022,LAKE CHARM,-35.6,143.8,VIC,,9648,0,0.0,2000-01-01,2026-05-31
77023,LALBERT,-35.669,143.377,VIC,,9648,7453,77.2,2000-01-01,2026-05-31
77025,LAKE BOGA,-35.461,143.629,VIC,,9648,9553,99.0,2000-01-01,2026-05-31
77026,LASCELLES,-35.607,142.581,VIC,,9648,7267,75.3,2000-01-01,2026-05-31
77027,LEAGHUR,-35.965,143.781,VIC,,9648,3065,31.8,2000-01-01,2026-05-31
77028,BIRCHIP (MARLBED),-35.795,142.877,VIC,,9648,9137,94.7,2000-01-01,2026-05-31
77029,MEATIAN,-35.7,143.3,VIC,,9648,0,0.0,2000-01-01,2026-05-31
77030,NARRAPORT,-35.996,143.035,VIC,,9648,5939,61.6,2000-01-01,2026-05-31
77031,NULLAWIL,-35.85,143.167,VIC,,9648,0,0.0,2000-01-01,2026-05-31
77032,NYPO,-35.7,142.0,VIC,,9648,0,0.0,2000-01-01,2026-05-31
77033,PATCHEWOLLOCK,-35.383,142.187,VIC,,9648,6316,65.5,2000-01-01,2026-05-31
77034,QUAMBATOOK SOUTH,-35.93,143.499,VIC,,9648,9581,99.3,2000-01-01,2026-05-31
77035,RAINBOW POST OFFICE,-35.897,141.995,VIC,,9648,7084,73.4,2000-01-01,2026-05-31
77036,RAINBOW (PELLA),-35.832,141.937,VIC,,9648,7877,81.6,2000-01-01,2026-05-31
77037,RAINBOW (PIGICK),-35.871,141.817,VIC,,9648,4167,43.2,2000-01-01,2026-05-31
77038,ROSEBERY,-35.8,142.4,VIC,,9648,0,0.0,2000-01-01,2026-05-31
77039,SEA LAKE (POST OFFICE),-35.505,142.849,VIC,,9648,9077,94.1,2000-01-01,2026-05-31
77040,SEA LAKE (MARSTON DOWNS),-35.525,142.727,VIC,,9648,9489,98.4,2000-01-01,2026-05-31
77041,SPEED (POST OFFICE),-35.4,142.438,VIC,,9648,2847,29.5,2000-01-01,2026-05-31
77042,SWAN HILL POST OFFICE,-35.341,143.553,VIC,,9648,0,0.0,2000-01-01,2026-05-31
77047,TYRRELL DOWNS,-35.363,142.985,VIC,,9648,7638,79.2,2000-01-01,2026-05-31
77048,ULTIMA (POST OFFICE),-35.47,143.267,VIC,,9648,8874,92.0,2000-01-01,2026-05-31
77049,WAITCHIE,-35.367,143.1,VIC,,9648,0,0.0,2000-01-01,2026-05-31
77050,WATCHUPGA,-35.75,142.8,VIC,,9648,0,0.0,2000-01-01,2026-05-31
77051,RAINBOW (WERRAP (OAK-LEA)),-35.942,141.935,VIC,,9648,9473,98.2,2000-01-01,2026-05-31
77052,WOOMELANG,-35.68,142.666,VIC,,9648,9337,96.8,2000-01-01,2026-05-31
77053,YANGA (WARNE),-35.817,143.033,VIC,,9648,0,0.0,2000-01-01,2026-05-31
77054,YARTO,-35.467,142.3,VIC,,9648,0,0.0,2000-01-01,2026-05-31
77055,TURRIFF,-35.467,142.467,VIC,,9648,0,0.0,2000-01-01,2026-05-31
77056,QUAMBATOOK,-35.841,143.514,VIC,,9648,3850,39.9,2000-01-01,2026-05-31
77059,BUDGERUM,-35.8,143.6,VIC,,9648,0,0.0,2000-01-01,2026-05-31
77060,FAIRLEY,-35.7,143.9,VIC,,9648,0,0.0,2000-01-01,2026-05-31
77062,GREDGWIN (BARRAPORT NORTH),-36.0,143.7,VIC,,9648,0,0.0,2000-01-01,2026-05-31
77069,TOWANINNIE,-35.9,143.4,VIC,,9648,0,0.0,2000-01-01,2026-05-31
77079,NINYEUNOOK,-36.009,143.372,VIC,,9648,8585,89.0,2000-01-01,2026-05-31
77081,KALPIENUNG,-35.867,143.233,VIC,,9648,0,0.0,2000-01-01,2026-05-31
77082,BEULAH WEST,-35.934,142.281,VIC,,9648,9579,99.3,2000-01-01,2026-05-31
77083,RAINBOW,-35.897,141.992,VIC,,9648,2068,21.4,2000-01-01,2026-05-31
77085,DUMOSA,-35.933,143.217,VIC,,9648,0,0.0,2000-01-01,2026-05-31
77088,BIRCHIP CROPPING GROUP,-35.987,142.915,VIC,,9648,7662,79.4,2000-01-01,2026-05-31
77094,SWAN HILL AERODROME,-35.377,143.542,VIC,,9648,9573,99.2,2000-01-01,2026-05-31
78000,WARRACKNABEAL (AILSA),-36.358,142.334,VIC,,9648,8925,92.5,2000-01-01,2026-05-31
78002,CORACK EAST,-36.1,143.1,VIC,,9648,0,0.0,2000-01-01,2026-05-31
78003,BANGERANG NORTH,-36.105,142.608,VIC,,9648,0,0.0,2000-01-01,2026-05-31
78004,BOXDALE,-36.35,141.5,VIC,,9648,0,0.0,2000-01-01,2026-05-31
78005,BRIM,-36.067,142.417,VIC,,9648,0,0.0,2000-01-01,2026-05-31
78007,COPE COPE,-36.437,143.119,VIC,,9648,635,6.6,2000-01-01,2026-05-31
78008,DIAPUR,-36.3,141.45,VIC,,9648,0,0.0,2000-01-01,2026-05-31
78009,DIAPUR (BLEAK HOUSE),-36.3,141.5,VIC,,9648,0,0.0,2000-01-01,2026-05-31
78010,DIMBOOLA,-36.464,142.033,VIC,,9648,9378,97.2,2000-01-01,2026-05-31
78011,DONALD POST OFFICE,-36.4,143.0,VIC,,9648,0,0.0,2000-01-01,2026-05-31
78012,GALAQUIL EAST,-36.1,142.6,VIC,,9648,0,0.0,2000-01-01,2026-05-31
78013,GERANG GERUNG,-36.399,141.88,VIC,,9648,9611,99.6,2000-01-01,2026-05-31
78014,GLENLEE,-36.256,141.859,VIC,,9648,5624,58.3,2000-01-01,2026-05-31
78015,NHILL AERODROME,-36.309,141.649,VIC,,9648,8349,86.5,2000-01-01,2026-05-31
78016,JUNG,-36.606,142.361,VIC,,9648,3317,34.4,2000-01-01,2026-05-31
78017,JUNG JUNG,-36.6,142.4,VIC,,9648,0,0.0,2000-01-01,2026-05-31
78019,KATYIL,-36.3,142.1,VIC,,9648,0,0.0,2000-01-01,2026-05-31
78020,LAEN,-36.45,142.8,VIC,,9648,0,0.0,2000-01-01,2026-05-31
78021,LAKE HINDMARSH SOUTH,-36.1,141.95,VIC,,9648,0,0.0,2000-01-01,2026-05-31
78023,LAWLOIT,-36.4,141.45,VIC,,9648,0,0.0,2000-01-01,2026-05-31
78024,LECOR VIEW POINT,-36.4,141.1,VIC,,9648,0,0.0,2000-01-01,2026-05-31
78025,LILLIMUR ESTATE,-36.366,141.114,VIC,,9648,31,0.3,2000-01-01,2026-05-31
78026,LILLIMUR (KILDONAN),-36.3,141.1,VIC,,9648,0,0.0,2000-01-01,2026-05-31
78027,LITCHFIELD,-36.283,142.85,VIC,,9648,0,0.0,2000-01-01,2026-05-31
78028,LORQUON,-36.153,141.759,VIC,,9648,6708,69.5,2000-01-01,2026-05-31
78029,MINYIP (POST OFFICE),-36.46,142.588,VIC,,9648,6505,67.4,2000-01-01,2026-05-31
78031,NHILL,-36.335,141.637,VIC,,9648,3288,34.1,2000-01-01,2026-05-31
78033,NHILL (SALISBURY (LYNBAR)),-36.301,141.772,VIC,,9648,2621,27.2,2000-01-01,2026-05-31
78034,SERVICETON,-36.367,140.983,VIC,,9648,0,0.0,2000-01-01,2026-05-31
78035,SHEEP HILLS,-36.35,142.5,VIC,,9648,0,0.0,2000-01-01,2026-05-31
78036,WARMUR WEST,-36.15,142.8,VIC,,9648,0,0.0,2000-01-01,2026-05-31
78037,WARRACKNABEAL POST OFFICE,-36.25,142.4,VIC,,9648,0,0.0,2000-01-01,2026-05-31
78038,WARRACKNABEAL (EARLSTAN),-36.27,142.216,VIC,,9648,9122,94.5,2000-01-01,2026-05-31
78039,WATCHEM,-36.148,142.86,VIC,,9648,4573,47.4,2000-01-01,2026-05-31
78040,NHILL (WOORAK),-36.289,141.743,VIC,,9648,9510,98.6,2000-01-01,2026-05-31
78041,WOOROONOOK,-36.248,143.179,VIC,,9648,4137,42.9,2000-01-01,2026-05-31
78042,WYCHEPROOF,-36.077,143.227,VIC,,9648,7664,79.4,2000-01-01,2026-05-31
78043,YANAC NORTH,-36.111,141.418,VIC,,9648,7566,78.4,2000-01-01,2026-05-31
78045,WAIL,-36.517,142.167,VIC,,9648,0,0.0,2000-01-01,2026-05-31
78048,AREEGRA,-36.3,142.6,VIC,,9648,0,0.0,2000-01-01,2026-05-31
78055,CORACK EAST 2,-36.1,143.1,VIC,,9648,0,0.0,2000-01-01,2026-05-31
78067,WARRACKNABEAL 2,-36.25,142.4,VIC,,9648,0,0.0,2000-01-01,2026-05-31
78070,WINIAM CLEAR BANK,-36.4,141.7,VIC,,9648,0,0.0,2000-01-01,2026-05-31
78072,DONALD,-36.372,143.036,VIC,,9648,8904,92.3,2000-01-01,2026-05-31
78075,SERVICETON NORTH,-36.213,140.996,VIC,,9648,0,0.0,2000-01-01,2026-05-31
78077,WARRACKNABEAL MUSEUM,-36.261,142.405,VIC,,9648,7216,74.8,2000-01-01,2026-05-31
78078,KANIVA,-36.373,141.243,VIC,,9648,7348,76.2,2000-01-01,2026-05-31
78080,ANTWERP,-36.296,142.024,VIC,,9648,6483,67.2,2000-01-01,2026-05-31
78086,JEPARIT,-36.144,141.993,VIC,,9648,7189,74.5,2000-01-01,2026-05-31
79000,AMPHITHEATRE,-37.2,143.4,VIC,,9648,0,0.0,2000-01-01,2026-05-31
79001,APSLEY,-37.0,141.1,VIC,,9648,0,0.0,2000-01-01,2026-05-31
79002,BARKLY,-36.953,143.198,VIC,,9648,9392,97.3,2000-01-01,2026-05-31
79003,BEAZLEYS BRIDGE,-36.699,143.159,VIC,,9648,9354,97.0,2000-01-01,2026-05-31
79004,BELLELLEN,-37.15,142.65,VIC,,9648,0,0.0,2000-01-01,2026-05-31
79007,CHARAM,-36.983,141.467,VIC,,9648,0,0.0,2000-01-01,2026-05-31
79008,CLEAR LAKE,-36.939,141.871,VIC,,9648,9535,98.8,2000-01-01,2026-05-31
79009,CROWLANDS (WOODLANDS),-37.1,143.1,VIC,,9648,0,0.0,2000-01-01,2026-05-31
79010,DRUNG DRUNG,-36.777,142.394,VIC,,9648,5883,61.0,2000-01-01,2026-05-31
79011,EDENHOPE (ELIZABETH ST),-37.033,141.284,VIC,,9648,6845,70.9,2000-01-01,2026-05-31
79012,ELDERSLIE,-37.1,141.0,VIC,,9648,0,0.0,2000-01-01,2026-05-31
79013,ELMHURST,-37.2,143.3,VIC,,9648,0,0.0,2000-01-01,2026-05-31
79014,EVERSLEY,-37.178,143.153,VIC,,9648,5633,58.4,2000-01-01,2026-05-31
79015,GLENORCHY,-36.872,142.631,VIC,,9648,8765,90.8,2000-01-01,2026-05-31
79016,WARRANOOKE (GLENORCHY),-36.727,142.732,VIC,,9648,9432,97.8,2000-01-01,2026-05-31
79017,GOROKE (POST OFFICE),-36.718,141.473,VIC,,9648,8815,91.4,2000-01-01,2026-05-31
79018,GOROKE (KANGAWALL),-36.827,141.468,VIC,,9648,387,4.0,2000-01-01,2026-05-31
79019,GREAT WESTERN (SEPPELT),-37.185,142.855,VIC,,9648,8232,85.3,2000-01-01,2026-05-31
79020,HALLS GAP,-37.13,142.52,VIC,,9648,0,0.0,2000-01-01,2026-05-31
79021,HARROW (POST OFFICE),-37.166,141.592,VIC,,9648,4749,49.2,2000-01-01,2026-05-31
79022,HARROW (PINE HILLS),-37.083,141.563,VIC,,9648,3430,35.6,2000-01-01,2026-05-31
79023,HORSHAM POLKEMMET RD,-36.661,142.069,VIC,,9648,4845,50.2,2000-01-01,2026-05-31
79024,JALLUKAR,-37.2,142.7,VIC,,9648,0,0.0,2000-01-01,2026-05-31
79025,KARNAK (ROSEDALE),-36.864,141.48,VIC,,9648,3437,35.6,2000-01-01,2026-05-31
79026,LAKE LONSDALE,-37.033,142.583,VIC,,9648,0,0.0,2000-01-01,2026-05-31
79027,LANDSBOROUGH,-37.006,143.132,VIC,,9648,4672,48.4,2000-01-01,2026-05-31
79028,LONGERENONG,-36.672,142.299,VIC,,9648,9520,98.7,2000-01-01,2026-05-31
79029,MARNOO,-36.7,142.9,VIC,,9648,0,0.0,2000-01-01,2026-05-31
79030,MINIMAY (BOOROOPKI),-36.7,141.2,VIC,,9648,0,0.0,2000-01-01,2026-05-31
79031,MOONAMBEL,-36.986,143.273,VIC,,9648,9206,95.4,2000-01-01,2026-05-31
79032,MORRL MORRL (VALLEY VIEW),-36.861,142.933,VIC,,9648,8705,90.2,2000-01-01,2026-05-31
79034,MOYSTON,-37.301,142.766,VIC,,9648,2947,30.5,2000-01-01,2026-05-31
79035,MURTOA,-36.621,142.471,VIC,,9648,8863,91.9,2000-01-01,2026-05-31
79036,NATIMUK,-36.742,141.943,VIC,,9648,8336,86.4,2000-01-01,2026-05-31
79037,NAVARRE,-36.9,143.114,VIC,,9648,9349,96.9,2000-01-01,2026-05-31
79038,POMONAL WINDY RIDGE,-37.2,142.6,VIC,,9648,0,0.0,2000-01-01,2026-05-31
79039,REDBANK,-36.907,143.338,VIC,,9648,9388,97.3,2000-01-01,2026-05-31
79040,ST ARNAUD,-36.617,143.264,VIC,,9648,8439,87.5,2000-01-01,2026-05-31
79041,SLATY CREEK,-36.55,143.3,VIC,,9648,0,0.0,2000-01-01,2026-05-31
79042,STAWELL,-37.1,142.8,VIC,,9648,0,0.0,2000-01-01,2026-05-31
79043,STUART MILL STATE SCHOOL,-36.8,143.3,VIC,,9648,0,0.0,2000-01-01,2026-05-31
79044,TELANGATUK (SCHOLFIELD),-37.1,142.0,VIC,,9648,0,0.0,2000-01-01,2026-05-31
79046,WARTOOK RESERVOIR,-37.093,142.435,VIC,,9648,8865,91.9,2000-01-01,2026-05-31
79047,WARTOOK POST OFFICE,-37.0,142.35,VIC,,9648,0,0.0,2000-01-01,2026-05-31
79048,WINJALLOK,-36.8,143.2,VIC,,9648,0,0.0,2000-01-01,2026-05-31
79049,WONWONDAH (MOUNT ZERO),-36.9,142.3,VIC,,9648,0,0.0,2000-01-01,2026-05-31
79050,MOYSTON (BARTON ESTATE),-37.316,142.697,VIC,,9648,9256,95.9,2000-01-01,2026-05-31
79052,ROCKLANDS RESERVOIR,-37.23,141.961,VIC,,9648,3830,39.7,2000-01-01,2026-05-31
79058,GOROKE (ROSE BANKS),-36.7,141.4,VIC,,9648,0,0.0,2000-01-01,2026-05-31
79071,APSLEY (POST OFFICE),-36.968,141.083,VIC,,9648,8720,90.4,2000-01-01,2026-05-31
79073,POMONAL,-37.192,142.609,VIC,,9648,5243,54.3,2000-01-01,2026-05-31
79074,HALLS GAP,-37.143,142.517,VIC,,9648,8114,84.1,2000-01-01,2026-05-31
79075,RUPANYUP (POST OFFICE),-36.629,142.632,VIC,,9648,8345,86.5,2000-01-01,2026-05-31
79076,DOUGLAS,-37.05,141.717,VIC,,9648,0,0.0,2000-01-01,2026-05-31
79077,DADSWELLS BRIDGE,-36.868,142.522,VIC,,9648,5696,59.0,2000-01-01,2026-05-31
79078,TELANGATUK EAST (MILINGIMBI),-37.061,141.988,VIC,,9648,9437,97.8,2000-01-01,2026-05-31
79079,TOTTINGTON,-36.791,143.121,VIC,,9648,9557,99.1,2000-01-01,2026-05-31
79080,STAWELL,-37.072,142.791,VIC,,9648,0,0.0,2000-01-01,2026-05-31
79082,HORSHAM,-36.701,142.201,VIC,,9648,8674,89.9,2000-01-01,2026-05-31
79083,BENAYEO,-36.87,141.01,VIC,,9648,9364,97.1,2000-01-01,2026-05-31
79086,NAVARRE (AVON NO.3),-36.864,143.123,VIC,,9648,9165,95.0,2000-01-01,2026-05-31
79087,ST ARNAUD (ROSTRON (AVON NO 4)),-36.783,143.181,VIC,,9648,7655,79.3,2000-01-01,2026-05-31
79100,HORSHAM AERODROME,-36.67,142.173,VIC,,9648,9566,99.2,2000-01-01,2026-05-31
79105,STAWELL AERODROME,-37.072,142.74,VIC,,9648,9579,99.3,2000-01-01,2026-05-31
80000,BARMAH EAST,-36.017,145.0,VIC,,9648,0,0.0,2000-01-01,2026-05-31
80001,BENJEROOP (DAVEY),-35.51,143.825,VIC,,9648,0,0.0,2000-01-01,2026-05-31
80002,BOORT,-36.116,143.723,VIC,,9648,8990,93.2,2000-01-01,2026-05-31
80003,CALIVIL,-36.267,144.083,VIC,,9648,0,0.0,2000-01-01,2026-05-31
80004,CANARY ISLAND,-35.975,143.852,VIC,,9648,8880,92.0,2000-01-01,2026-05-31
80005,CANARY ISLAND SOUTH,-36.026,143.862,VIC,,9648,1538,15.9,2000-01-01,2026-05-31
80006,CHARLTON POST OFFICE,-36.3,143.4,VIC,,9648,0,0.0,2000-01-01,2026-05-31
80007,COBRAM POST OFFICE,-35.916,145.65,VIC,,9648,0,0.0,2000-01-01,2026-05-31
80008,COHUNA (GOULBURN MURRAY),-35.8,144.208,VIC,,9648,1625,16.8,2000-01-01,2026-05-31
80009,ST ARNAUD (COONOOER BRIDGE),-36.477,143.352,VIC,,9648,7180,74.4,2000-01-01,2026-05-31
80010,CORNELIA CREEK STATION,-36.25,144.8,VIC,,9648,0,0.0,2000-01-01,2026-05-31
80012,DINGEE,-36.367,144.233,VIC,,9648,0,0.0,2000-01-01,2026-05-31
80014,DURHAM OX,-36.135,143.918,VIC,,9648,9486,98.3,2000-01-01,2026-05-31
80015,ECHUCA AERODROME,-36.164,144.764,VIC,,9648,9520,98.7,2000-01-01,2026-05-31
80016,FERNIHURST,-36.283,143.883,VIC,,9648,0,0.0,2000-01-01,2026-05-31
80017,GLADFIELD HOPEFIELD ESTATE,-36.041,143.94,VIC,,9648,8805,91.3,2000-01-01,2026-05-31
80018,GLENLOTH EAST,-36.1,143.4,VIC,,9648,0,0.0,2000-01-01,2026-05-31
80019,GLENLOTH SHINGLE HUT HMSD,-36.162,143.331,VIC,,9648,6472,67.1,2000-01-01,2026-05-31
80020,GUNBOWER (CIRCLE T WILTIPOL),-35.966,144.371,VIC,,9648,9396,97.4,2000-01-01,2026-05-31
80022,KATAMATITE,-36.083,145.683,VIC,,9648,0,0.0,2000-01-01,2026-05-31
80023,KERANG,-35.747,143.935,VIC,,9648,9644,100.0,2000-01-01,2026-05-31
80024,KERANG (MERAN DOWNS),-35.868,143.799,VIC,,9648,9586,99.4,2000-01-01,2026-05-31
80026,KORONG VALE (POST OFFICE),-36.357,143.705,VIC,,9648,8,0.1,2000-01-01,2026-05-31
80027,KORONG VALE (BURNBANK),-36.32,143.735,VIC,,9648,7462,77.3,2000-01-01,2026-05-31
80028,KYABRAM POST OFFICE,-36.317,145.05,VIC,,9648,0,0.0,2000-01-01,2026-05-31
80029,LAKE MARMAL,-36.151,143.518,VIC,,9648,7421,76.9,2000-01-01,2026-05-31
80030,LEITCHVILLE POST OFFICE,-35.9,144.3,VIC,,9648,0,0.0,2000-01-01,2026-05-31
80032,MOIRA LOWER,-36.017,145.017,VIC,,9648,0,0.0,2000-01-01,2026-05-31
80033,MACORNA,-35.9,144.0,VIC,,9648,0,0.0,2000-01-01,2026-05-31
80034,MADOWLA PARK,-36.1,145.0,VIC,,9648,0,0.0,2000-01-01,2026-05-31
80035,MEAD,-35.833,144.117,VIC,,9648,0,0.0,2000-01-01,2026-05-31
80036,MINCHA,-35.968,144.107,VIC,,9648,9518,98.7,2000-01-01,2026-05-31
80037,MITIAMO,-36.217,144.233,VIC,,9648,0,0.0,2000-01-01,2026-05-31
80038,MOLOGA FINE VIEW,-36.15,144.2,VIC,,9648,0,0.0,2000-01-01,2026-05-31
80039,YARRAWALLA SOUTH,-36.186,144.056,VIC,,9648,4805,49.8,2000-01-01,2026-05-31
80040,MURRABIT R.W.C.,-35.533,143.917,VIC,,9648,0,0.0,2000-01-01,2026-05-31
80041,MYSIA SR WSC,-36.233,143.767,VIC,,9648,0,0.0,2000-01-01,2026-05-31
80042,NATHALIA (POST OFFICE),-36.059,145.203,VIC,,9648,2607,27.0,2000-01-01,2026-05-31
80043,NUMURKAH POST OFFICE,-36.1,145.45,VIC,,9648,0,0.0,2000-01-01,2026-05-31
80044,PATHO WEST,-35.992,144.423,VIC,,9648,8997,93.3,2000-01-01,2026-05-31
80047,PIREE,-35.95,145.3,VIC,,9648,0,0.0,2000-01-01,2026-05-31
80048,PYRAMID HILL,-36.05,144.1,VIC,,9648,0,0.0,2000-01-01,2026-05-31
80049,ROCHESTER,-36.361,144.711,VIC,,9648,9337,96.8,2000-01-01,2026-05-31
80051,SERPENTINE (EAST LODDON),-36.367,143.952,VIC,,9648,3149,32.6,2000-01-01,2026-05-31
80052,TALLYGAROOPNA STATE SCHOOL,-36.3,145.4,VIC,,9648,0,0.0,2000-01-01,2026-05-31
80053,TANDARRA,-36.43,144.25,VIC,,9648,5389,55.9,2000-01-01,2026-05-31
80054,TENNYSON,-36.299,144.432,VIC,,9648,378,3.9,2000-01-01,2026-05-31
80055,TERRICK SOUTH,-36.15,144.4,VIC,,9648,0,0.0,2000-01-01,2026-05-31
80056,TONGALA,-36.251,144.959,VIC,,9648,8842,91.6,2000-01-01,2026-05-31
80057,TONGALA (PEPPERTREE GROVE),-36.2,145.0,VIC,,9648,0,0.0,2000-01-01,2026-05-31
80058,TORRUMBARRY,-36.1,144.5,VIC,,9648,0,0.0,2000-01-01,2026-05-31
80059,STRATHMERTON (WOODLEA),-35.917,145.4,VIC,,9648,0,0.0,2000-01-01,2026-05-31
80060,WAAIA,-36.05,145.333,VIC,,9648,0,0.0,2000-01-01,2026-05-31
80061,WEDDERBURN (POST OFFICE),-36.418,143.612,VIC,,9648,8119,84.2,2000-01-01,2026-05-31
80062,WHARPARILLA WEST,-36.1,144.65,VIC,,9648,0,0.0,2000-01-01,2026-05-31
80063,WYCHITELLA SOUTH,-36.25,143.6,VIC,,9648,0,0.0,2000-01-01,2026-05-31
80065,YARROWEYAH,-35.9,145.543,VIC,,9648,8140,84.4,2000-01-01,2026-05-31
80066,YIELIMA POST OFFICE,-35.9,145.2,VIC,,9648,0,0.0,2000-01-01,2026-05-31
80067,CHARLTON (DONALD ST),-36.272,143.345,VIC,,9648,9469,98.1,2000-01-01,2026-05-31
80068,BAMAWM,-36.25,144.6,VIC,,9648,0,0.0,2000-01-01,2026-05-31
80091,KYABRAM,-36.335,145.064,VIC,,9648,9524,98.7,2000-01-01,2026-05-31
80094,NARREWILOCK,-36.2,143.4,VIC,,9648,0,0.0,2000-01-01,2026-05-31
80095,KOTTA,-36.223,144.537,VIC,,9648,7954,82.4,2000-01-01,2026-05-31
80098,PRAIRIE WEST,-36.298,144.139,VIC,,9648,3866,40.1,2000-01-01,2026-05-31
80099,SERPENTINE LODDON VALLEY H WAY,-36.409,143.975,VIC,,9648,2222,23.0,2000-01-01,2026-05-31
80101,NUMURKAH,-36.092,145.453,VIC,,9648,8238,85.4,2000-01-01,2026-05-31
80102,PYRAMID HILL,-36.06,144.115,VIC,,9648,0,0.0,2000-01-01,2026-05-31
80103,DINGEE,-36.379,144.23,VIC,,9648,8525,88.4,2000-01-01,2026-05-31
80109,COBRAM (GOULBURN MURRAY),-35.912,145.645,VIC,,9648,8016,83.1,2000-01-01,2026-05-31
80110,KERANG GMW,-35.736,143.929,VIC,,9648,4629,48.0,2000-01-01,2026-05-31
80126,KERANG MODEL FARM,-35.718,143.911,VIC,,9648,9123,94.6,2000-01-01,2026-05-31
81000,AVOCA (POST OFFICE),-37.089,143.475,VIC,,9648,8636,89.5,2000-01-01,2026-05-31
81001,LONGLEA,-36.8,144.4,VIC,,9648,0,0.0,2000-01-01,2026-05-31
81002,BEALIBA,-36.789,143.544,VIC,,9648,7942,82.3,2000-01-01,2026-05-31
81003,BENDIGO PRISON,-36.753,144.282,VIC,,9648,0,0.0,2000-01-01,2026-05-31
81004,LAKE ROWAN (BUNGEET),-36.267,146.05,VIC,,9648,0,0.0,2000-01-01,2026-05-31
81005,BRIDGEWATER (MEMSIE),-36.65,143.933,VIC,,9648,0,0.0,2000-01-01,2026-05-31
81006,BURKES FLAT,-36.672,143.552,VIC,,9648,8657,89.7,2000-01-01,2026-05-31
81007,CANIAMBO,-36.456,145.657,VIC,,9648,9468,98.1,2000-01-01,2026-05-31
81008,COLBINABBIN,-36.542,144.775,VIC,,9648,9602,99.5,2000-01-01,2026-05-31
81009,COOMA,-36.4,145.1,VIC,,9648,0,0.0,2000-01-01,2026-05-31
81010,COROP,-36.45,144.8,VIC,,9648,0,0.0,2000-01-01,2026-05-31
81012,DEVENISH,-36.3,145.9,VIC,,9648,0,0.0,2000-01-01,2026-05-31
81013,DOOKIE AGRICULTURAL COLLEGE,-36.372,145.705,VIC,,9648,6074,63.0,2000-01-01,2026-05-31
81014,DRUMMARTIN,-36.45,144.45,VIC,,9648,0,0.0,2000-01-01,2026-05-31
81016,ELMORE,-36.496,144.608,VIC,,9648,7509,77.8,2000-01-01,2026-05-31
81017,GOORAMBAT,-36.415,145.923,VIC,,9648,7261,75.3,2000-01-01,2026-05-31
81018,GOORNONG,-36.6,144.5,VIC,,9648,0,0.0,2000-01-01,2026-05-31
81019,NAGAMBIE (GOULBURN WEIR),-36.719,145.172,VIC,,9648,9538,98.9,2000-01-01,2026-05-31
81020,INGLEWOOD (POST OFFICE),-36.575,143.869,VIC,,9648,5677,58.8,2000-01-01,2026-05-31
81021,INVERGORDON,-36.15,145.6,VIC,,9648,0,0.0,2000-01-01,2026-05-31
81022,KATANDRA NORTH,-36.25,145.6,VIC,,9648,0,0.0,2000-01-01,2026-05-31
81023,KATANDRA WEST,-36.217,145.55,VIC,,9648,0,0.0,2000-01-01,2026-05-31
81024,KIALLA EAST,-36.5,145.5,VIC,,9648,0,0.0,2000-01-01,2026-05-31
81025,KNOWSLEY POST OFFICE,-36.833,144.583,VIC,,9648,0,0.0,2000-01-01,2026-05-31
81026,LAANECOORIE WEIR,-36.834,143.892,VIC,,9648,1499,15.5,2000-01-01,2026-05-31
81028,LEICHARDT,-36.7,144.1,VIC,,9648,0,0.0,2000-01-01,2026-05-31
81029,BOXWOOD,-36.3,145.8,VIC,,9648,0,0.0,2000-01-01,2026-05-31
81030,MARONG,-36.7,144.1,VIC,,9648,0,0.0,2000-01-01,2026-05-31
81031,MERRIGUM,-36.367,145.133,VIC,,9648,0,0.0,2000-01-01,2026-05-31
81032,MIEPOLL SOUTH,-36.684,145.51,VIC,,9648,3193,33.1,2000-01-01,2026-05-31
81033,MOLKA (LOWANA),-36.644,145.42,VIC,,9648,9389,97.3,2000-01-01,2026-05-31
81034,MOOROOPNA,-36.399,145.345,VIC,,9648,9292,96.3,2000-01-01,2026-05-31
81035,MURCHISON,-36.615,145.214,VIC,,9648,8871,91.9,2000-01-01,2026-05-31
81037,NAGAMBIE CBA,-36.783,145.167,VIC,,9648,0,0.0,2000-01-01,2026-05-31
81038,NATTE YALLOCK,-36.941,143.469,VIC,,9648,6710,69.5,2000-01-01,2026-05-31
81040,PEECHELBA,-36.2,146.2,VIC,,9648,0,0.0,2000-01-01,2026-05-31
81041,RAYWOOD,-36.534,144.208,VIC,,9648,9416,97.6,2000-01-01,2026-05-31
81042,RUNNYMEDE,-36.5,144.6,VIC,,9648,0,0.0,2000-01-01,2026-05-31
81043,RUSHWORTH,-36.592,145.016,VIC,,9648,5983,62.0,2000-01-01,2026-05-31
81044,GOULBURN RIVER @ SHEPPARTON,-36.38,145.393,VIC,,9648,0,0.0,2000-01-01,2026-05-31
81045,SHEPPARTON EAST,-36.4,145.5,VIC,,9648,0,0.0,2000-01-01,2026-05-31
81046,STANHOPE,-36.444,144.984,VIC,,9648,9603,99.5,2000-01-01,2026-05-31
81047,TARNAGULLA,-36.769,143.829,VIC,,9648,7354,76.2,2000-01-01,2026-05-31
81048,TATURA POST OFFICE,-36.443,145.23,VIC,,9648,0,0.0,2000-01-01,2026-05-31
81049,TATURA INST SUSTAINABLE AG,-36.438,145.267,VIC,,9648,9065,94.0,2000-01-01,2026-05-31
81050,TOOLLEEN (RYAN),-36.717,144.7,VIC,,9648,0,0.0,2000-01-01,2026-05-31
81051,TUNGAMAH,-36.163,145.884,VIC,,9648,5140,53.3,2000-01-01,2026-05-31
81052,WANALTA,-36.6,144.9,VIC,,9648,0,0.0,2000-01-01,2026-05-31
81053,WARANGA SHORES (WARANGA RESERVOIR),-36.511,145.09,VIC,,9648,8036,83.3,2000-01-01,2026-05-31
81054,WHROO,-36.6,145.1,VIC,,9648,0,0.0,2000-01-01,2026-05-31
81055,WILBY,-36.157,146.012,VIC,,9648,0,0.0,2000-01-01,2026-05-31
81057,YARRAWONGA POST OFFICE,-36.028,146.004,VIC,,9648,0,0.0,2000-01-01,2026-05-31
81058,BRIDGEWATER (POST OFFICE),-36.601,143.941,VIC,,9648,8775,91.0,2000-01-01,2026-05-31
81063,AVOCA,-37.083,143.483,VIC,,9648,4971,51.5,2000-01-01,2026-05-31
81078,WOODSTOCK WEST,-36.8,144.0,VIC,,9648,0,0.0,2000-01-01,2026-05-31
81083,EPPALOCK RESERVOIR,-36.846,144.527,VIC,,9648,8221,85.2,2000-01-01,2026-05-31
81084,LEMNOS (CAMPBELLS SOUP),-36.361,145.459,VIC,,9648,0,0.0,2000-01-01,2026-05-31
81085,DUNOLLY,-36.859,143.73,VIC,,9648,9619,99.7,2000-01-01,2026-05-31
81086,SEDGWICK,-36.864,144.322,VIC,,9648,3907,40.5,2000-01-01,2026-05-31
81088,BIG HILL RESERVOIR,-36.833,144.233,VIC,,9648,0,0.0,2000-01-01,2026-05-31
81089,CAMPBELLS FOREST (YARRABERB),-36.569,144.074,VIC,,9648,0,0.0,2000-01-01,2026-05-31
81090,MOLIAGUL,-36.745,143.679,VIC,,9648,9418,97.6,2000-01-01,2026-05-31
81092,EASTVILLE (BONNIE BANKS),-36.864,143.978,VIC,,9648,6196,64.2,2000-01-01,2026-05-31
81095,MURCHISON (ARCADIA (SUNNYVILLE)),-36.59,145.312,VIC,,9648,7068,73.3,2000-01-01,2026-05-31
81100,WOODSTOCK-ON-LODDON (ALEXANDRA PARK),-36.768,143.987,VIC,,9648,9440,97.8,2000-01-01,2026-05-31
81115,WANALTA DAEN STATION,-36.628,144.873,VIC,,9648,9576,99.3,2000-01-01,2026-05-31
81116,CHESNEY VALE (LAKE MOKOAN NO 1),-36.456,146.024,VIC,,9648,3295,34.2,2000-01-01,2026-05-31
81118,KNOWSLEY,-36.809,144.62,VIC,,9648,9050,93.8,2000-01-01,2026-05-31
81121,SANDHURST RESERVOIR,-36.845,144.242,VIC,,9648,3941,40.8,2000-01-01,2026-05-31
81123,BENDIGO AIRPORT,-36.741,144.327,VIC,,9648,9596,99.5,2000-01-01,2026-05-31
81124,YARRAWONGA,-36.029,146.03,VIC,,9648,9437,97.8,2000-01-01,2026-05-31
81125,SHEPPARTON AIRPORT,-36.429,145.395,VIC,,9648,9543,98.9,2000-01-01,2026-05-31
82000,BARNAWARTHA,-36.114,146.684,VIC,,9648,7697,79.8,2000-01-01,2026-05-31
82001,BEECHWORTH COMPOSITE,-36.37,146.713,VIC,,9648,9434,97.8,2000-01-01,2026-05-31
82002,BENALLA (SHADFORTH STREET),-36.548,145.97,VIC,,9648,2496,25.9,2000-01-01,2026-05-31
82004,BENALLA SHARON,-36.667,145.967,VIC,,9648,0,0.0,2000-01-01,2026-05-31
82005,BETHANGA LOWER,-36.1,147.07,VIC,,9648,0,0.0,2000-01-01,2026-05-31
82006,BOORHAMAN,-36.222,146.283,VIC,,9648,6518,67.6,2000-01-01,2026-05-31
82007,BURROWYE,-36.0,147.55,VIC,,9648,0,0.0,2000-01-01,2026-05-31
82008,CALLAGHAN CREEK STATION,-36.455,147.432,VIC,,9648,6993,72.5,2000-01-01,2026-05-31
82009,CARBOOR,-36.608,146.537,VIC,,9648,9587,99.4,2000-01-01,2026-05-31
82010,CHILTERN (POST OFFICE),-36.149,146.611,VIC,,9648,8755,90.7,2000-01-01,2026-05-31
82011,CORRYONG (PARISH LANE),-36.2,147.896,VIC,,9648,2255,23.4,2000-01-01,2026-05-31
82013,CUDGEWA STATE SCHOOL,-36.2,147.8,VIC,,9648,0,0.0,2000-01-01,2026-05-31
82014,CUDGEWA NORTH,-36.08,147.8,VIC,,9648,0,0.0,2000-01-01,2026-05-31
82015,ELDORADO,-36.309,146.522,VIC,,9648,8715,90.3,2000-01-01,2026-05-31
82016,EUROA,-36.757,145.566,VIC,,9648,8070,83.6,2000-01-01,2026-05-31
82017,EVERTON,-36.4,146.57,VIC,,9648,0,0.0,2000-01-01,2026-05-31
82018,UPLANDS (GIBBO RIVER PARK),-36.769,147.695,VIC,,9648,8881,92.1,2000-01-01,2026-05-31
82019,GOORAM GONG,-36.9,145.6,VIC,,9648,0,0.0,2000-01-01,2026-05-31
82020,HANSONVILLE,-36.6,146.3,VIC,,9648,0,0.0,2000-01-01,2026-05-31
82021,INDIGO,-36.096,146.601,VIC,,9648,8378,86.8,2000-01-01,2026-05-31
82022,KERGUNYAH SOUTH,-36.446,147.043,VIC,,9648,2760,28.6,2000-01-01,2026-05-31
82024,KOETONG,-36.152,147.494,VIC,,9648,9101,94.3,2000-01-01,2026-05-31
82025,LIMA EAST,-36.817,145.95,VIC,,9648,0,0.0,2000-01-01,2026-05-31
82026,LUCYVALE,-36.283,147.617,VIC,,9648,0,0.0,2000-01-01,2026-05-31
82028,MIDDLE CREEK (LENEVA),-36.2,146.9,VIC,,9648,0,0.0,2000-01-01,2026-05-31
82029,MILAWA BROWN BROS,-36.456,146.43,VIC,,9648,9416,97.6,2000-01-01,2026-05-31
82030,MITTA MITTA,-36.55,147.4,VIC,,9648,0,0.0,2000-01-01,2026-05-31
82032,MOYHU,-36.576,146.378,VIC,,9648,4532,47.0,2000-01-01,2026-05-31
82033,MYRRHEE (JOELYN),-36.697,146.285,VIC,,9648,9534,98.8,2000-01-01,2026-05-31
82034,MYRTLEFORD POST OFFICE,-36.567,146.733,VIC,,9648,0,0.0,2000-01-01,2026-05-31
82035,NARIEL CREEK  (SIMPSON),-36.334,147.797,VIC,,9648,5197,53.9,2000-01-01,2026-05-31
82036,OSBORNES FLAT,-36.3,146.9,VIC,,9648,0,0.0,2000-01-01,2026-05-31
82037,RUFFY,-36.967,145.5,VIC,,9648,0,0.0,2000-01-01,2026-05-31
82038,RUTHERGLEN POST OFFICE,-36.055,146.478,VIC,,9648,0,0.0,2000-01-01,2026-05-31
82039,RUTHERGLEN RESEARCH,-36.105,146.509,VIC,,9648,9533,98.8,2000-01-01,2026-05-31
82040,RUTHERGLEN NETHERBY WINE,-36.05,146.4,VIC,,9648,0,0.0,2000-01-01,2026-05-31
82041,SPRINGHURST,-36.186,146.469,VIC,,9648,8009,83.0,2000-01-01,2026-05-31
82042,STRATHBOGIE,-36.847,145.731,VIC,,9648,9638,99.9,2000-01-01,2026-05-31
82043,STRATHBOGIE NORTH,-36.787,145.822,VIC,,9648,9304,96.4,2000-01-01,2026-05-31
82044,TALLANDOON POST OFFICE,-36.433,147.2,VIC,,9648,0,0.0,2000-01-01,2026-05-31
82045,TALLANGATTA DCNR,-36.216,147.176,VIC,,9648,6034,62.5,2000-01-01,2026-05-31
82046,TANGAMBALANGA NE DAIRY,-36.251,147.026,VIC,,9648,6539,67.8,2000-01-01,2026-05-31
82047,TALLANGATTA (BULLIOH),-36.187,147.355,VIC,,9648,8376,86.8,2000-01-01,2026-05-31
82048,THOWGLA UPPER,-36.3,148.0,VIC,,9648,0,0.0,2000-01-01,2026-05-31
82049,VIOLET TOWN,-36.632,145.718,VIC,,9648,7758,80.4,2000-01-01,2026-05-31
82051,WAHGUNYAH,-36.0,146.4,VIC,,9648,0,0.0,2000-01-01,2026-05-31
82052,WALWA,-35.963,147.737,VIC,,9648,6972,72.3,2000-01-01,2026-05-31
82053,WANGARATTA,-36.367,146.3,VIC,,9648,0,0.0,2000-01-01,2026-05-31
82054,WARRENBAYNE (BADDAGINNIE),-36.65,145.883,VIC,,9648,0,0.0,2000-01-01,2026-05-31
82055,WHOROULY,-36.503,146.602,VIC,,9648,3877,40.2,2000-01-01,2026-05-31
82056,WODONGA,-36.118,146.906,VIC,,9648,5514,57.2,2000-01-01,2026-05-31
82057,WOORAGEE,-36.303,146.73,VIC,,9648,9601,99.5,2000-01-01,2026-05-31
82058,YACKANDANDAH,-36.329,146.849,VIC,,9648,9481,98.3,2000-01-01,2026-05-31
82059,STANLEY STATE FOREST,-36.417,146.767,VIC,,9648,0,0.0,2000-01-01,2026-05-31
82060,TOWONG UPPER,-36.199,148.024,VIC,,9648,6255,64.8,2000-01-01,2026-05-31
82061,SWANPOOL (TIREE),-36.703,146.034,VIC,,9648,8676,89.9,2000-01-01,2026-05-31
82066,CORRYONG FORESTRY,-36.2,147.9,VIC,,9648,0,0.0,2000-01-01,2026-05-31
82068,MITTA MITTA,-36.529,147.375,VIC,,9648,9469,98.1,2000-01-01,2026-05-31
82070,BALMATTUM EAST,-36.7,145.6,VIC,,9648,0,0.0,2000-01-01,2026-05-31
82076,DARTMOUTH RESERVOIR,-36.535,147.498,VIC,,9648,9055,93.9,2000-01-01,2026-05-31
82083,LONGWOOD,-36.804,145.418,VIC,,9648,9334,96.7,2000-01-01,2026-05-31
82088,WODONGA SOUTH,-36.135,146.889,VIC,,9648,0,0.0,2000-01-01,2026-05-31
82089,TERIP TERIP,-37.002,145.568,VIC,,9648,4501,46.7,2000-01-01,2026-05-31
82090,DEDERANG,-36.479,147.03,VIC,,9648,9343,96.8,2000-01-01,2026-05-31
82092,SHELLEY,-36.182,147.552,VIC,,9648,7748,80.3,2000-01-01,2026-05-31
82094,BADDAGINNIE,-36.595,145.865,VIC,,9648,0,0.0,2000-01-01,2026-05-31
82096,CREIGHTONS CREEK (BARONGA (CREIGHTON'S C,-36.901,145.523,VIC,,9648,9619,99.7,2000-01-01,2026-05-31
82098,TATONG (ALANDALE),-36.75,146.118,VIC,,9648,0,0.0,2000-01-01,2026-05-31
82099,GUNDOWRING UPPER,-36.519,147.073,VIC,,9648,5126,53.1,2000-01-01,2026-05-31
82100,BONEGILLA,-36.133,147.0,VIC,,9648,0,0.0,2000-01-01,2026-05-31
82102,BULLIOH (HINDLETON),-36.143,147.377,VIC,,9648,7702,79.8,2000-01-01,2026-05-31
82103,BURROWYE STATION,-36.024,147.548,VIC,,9648,9245,95.8,2000-01-01,2026-05-31
82107,LIMA SOUTH (LAKE NILLAHCOOTIE),-36.855,146.005,VIC,,9648,5687,58.9,2000-01-01,2026-05-31
82109,MOLYULLAH (KILLANOOLA),-36.613,146.113,VIC,,9648,9376,97.2,2000-01-01,2026-05-31
82117,BETHANGA,-36.126,147.1,VIC,,9648,3184,33.0,2000-01-01,2026-05-31
82127,PEECHELBA EAST,-36.142,146.249,VIC,,9648,8924,92.5,2000-01-01,2026-05-31
82129,WOODFIELD,-37.017,145.8,VIC,,9648,0,0.0,2000-01-01,2026-05-31
82134,WARRENBAYNE,-36.692,145.874,VIC,,9648,7628,79.1,2000-01-01,2026-05-31
82137,BEECHWORTH WOOLSHED,-36.319,146.68,VIC,,9648,4499,46.6,2000-01-01,2026-05-31
82138,WANGARATTA AERO,-36.42,146.306,VIC,,9648,9571,99.2,2000-01-01,2026-05-31
82139,HUNTERS HILL,-36.214,147.54,VIC,,9648,9438,97.8,2000-01-01,2026-05-31
83000,ARCHERTON,-36.906,146.239,VIC,,9648,6882,71.3,2000-01-01,2026-05-31
83002,BARJARG,-37.0,146.0,VIC,,9648,0,0.0,2000-01-01,2026-05-31
83003,BENAMBRA (EVANDALE),-36.945,147.741,VIC,,9648,9278,96.2,2000-01-01,2026-05-31
83004,BOGONG,-36.806,147.224,VIC,,9648,0,0.0,2000-01-01,2026-05-31
83005,BRIGHT POST OFFICE,-36.728,146.96,VIC,,9648,0,0.0,2000-01-01,2026-05-31
83008,DANDONGADALE (MOUNTAIN VIEW),-36.806,146.625,VIC,,9648,182,1.9,2000-01-01,2026-05-31
83010,EUROBIN,-36.634,146.863,VIC,,9648,9610,99.6,2000-01-01,2026-05-31
83012,HARRIETVILLE,-36.892,147.064,VIC,,9648,5361,55.6,2000-01-01,2026-05-31
83013,HINNOMUNJIE,-37.017,147.667,VIC,,9648,0,0.0,2000-01-01,2026-05-31
83014,HOTHAM HEIGHTS,-36.983,147.15,VIC,,9648,0,0.0,2000-01-01,2026-05-31
83017,JAMIESON,-37.301,146.141,VIC,,9648,1445,15.0,2000-01-01,2026-05-31
83019,MANSFIELD (POST OFFICE),-37.053,146.087,VIC,,9648,7962,82.5,2000-01-01,2026-05-31
83020,MANSFIELD 2,-37.05,146.083,VIC,,9648,0,0.0,2000-01-01,2026-05-31
83023,MOUNT BEAUTY,-36.745,147.163,VIC,,9648,0,0.0,2000-01-01,2026-05-31
83024,MOUNT BULLER,-37.145,146.439,VIC,,9648,9112,94.4,2000-01-01,2026-05-31
83025,OMEO COMPARISON,-37.101,147.598,VIC,,9648,3562,36.9,2000-01-01,2026-05-31
83026,OMEO VALLEY,-37.2,147.55,VIC,,9648,0,0.0,2000-01-01,2026-05-31
83027,SMOKO,-36.82,147.065,VIC,,9648,0,0.0,2000-01-01,2026-05-31
83029,TOLMIE (LANGLEY),-37.0,146.2,VIC,,9648,0,0.0,2000-01-01,2026-05-31
83030,TOLMIE STATE SCHOOL,-36.95,146.2,VIC,,9648,0,0.0,2000-01-01,2026-05-31
83031,WHITFIELD,-36.751,146.416,VIC,,9648,5908,61.2,2000-01-01,2026-05-31
83032,WHITLANDS (BURDER'S LANE),-36.847,146.322,VIC,,9648,8961,92.9,2000-01-01,2026-05-31
83033,WOODS POINT,-37.569,146.254,VIC,,9648,6653,69.0,2000-01-01,2026-05-31
83035,OMEO SHANNON VALE,-36.926,147.423,VIC,,9648,9342,96.8,2000-01-01,2026-05-31
83037,FALLS CREEK SEC,-36.863,147.279,VIC,,9648,0,0.0,2000-01-01,2026-05-31
83038,TAWONGA,-36.657,147.128,VIC,,9648,9432,97.8,2000-01-01,2026-05-31
83043,FALLS CREEK (ROCKY VALLEY),-36.874,147.29,VIC,,9648,6387,66.2,2000-01-01,2026-05-31
83055,DINNER PLAIN (MOUNT HOTHAM AIRPORT),-37.049,147.335,VIC,,9648,0,0.0,2000-01-01,2026-05-31
83057,MYRTLEFORD (OVENS RESEARCH STATION),-36.607,146.789,VIC,,9648,6370,66.0,2000-01-01,2026-05-31
83064,BENAMBRA (THE BROTHERS),-36.941,147.778,VIC,,9648,7896,81.8,2000-01-01,2026-05-31
83065,CHESHUNT EURANGIE PARK,-36.819,146.482,VIC,,9648,4375,45.3,2000-01-01,2026-05-31
83067,BRIGHT,-36.731,146.961,VIC,,9648,5148,53.4,2000-01-01,2026-05-31
83073,MOUNT BUFFALO CHALET,-36.722,146.819,VIC,,9648,5604,58.1,2000-01-01,2026-05-31
83074,LAKE WILLIAM HOVELL RESERVOIR,-36.914,146.386,VIC,,9648,5838,60.5,2000-01-01,2026-05-31
83079,LAKE BUFFALO,-36.714,146.671,VIC,,9648,7235,75.0,2000-01-01,2026-05-31
83081,MOUNT HOTHAM,-36.983,147.148,VIC,,9648,0,0.0,2000-01-01,2026-05-31
83083,EDI UPPER,-36.74,146.467,VIC,,9648,8554,88.7,2000-01-01,2026-05-31
83084,FALLS CREEK,-36.871,147.275,VIC,,9648,9012,93.4,2000-01-01,2026-05-31
83085,MOUNT HOTHAM,-36.977,147.134,VIC,,9648,8866,91.9,2000-01-01,2026-05-31
84000,BENDOC PARK,-37.118,148.965,VIC,,9648,3560,36.9,2000-01-01,2026-05-31
84001,BINDI,-37.114,147.812,VIC,,9648,0,0.0,2000-01-01,2026-05-31
84002,BONANG,-37.171,148.723,VIC,,9648,9294,96.3,2000-01-01,2026-05-31
84003,BRUTHEN (POST OFFICE),-37.707,147.832,VIC,,9648,7543,78.2,2000-01-01,2026-05-31
84004,BUCHAN (GILLINGALL),-37.3,148.2,VIC,,9648,0,0.0,2000-01-01,2026-05-31
84005,BUCHAN,-37.495,148.176,VIC,,9648,5639,58.4,2000-01-01,2026-05-31
84006,BUTCHERS RIDGE POST OFFICE,-37.25,148.25,VIC,,9648,0,0.0,2000-01-01,2026-05-31
84007,BUTCHERS RIDGE,-37.279,148.254,VIC,,9648,1573,16.3,2000-01-01,2026-05-31
84008,CABBAGE TREE CREEK,-37.708,148.709,VIC,,9648,5632,58.4,2000-01-01,2026-05-31
84009,CLUB TERRACE,-37.541,148.939,VIC,,9648,7226,74.9,2000-01-01,2026-05-31
84011,DARGO,-37.465,147.25,VIC,,9648,0,0.0,2000-01-01,2026-05-31
84012,DARGO,-37.452,147.251,VIC,,9648,7671,79.5,2000-01-01,2026-05-31
84013,DELEGATE RIVER,-37.067,148.8,VIC,,9648,0,0.0,2000-01-01,2026-05-31
84014,DELLICKNORA  (TELLICURA),-37.106,148.686,VIC,,9648,9501,98.5,2000-01-01,2026-05-31
84015,ENSAY,-37.37,147.839,VIC,,9648,9477,98.2,2000-01-01,2026-05-31
84016,GABO ISLAND LIGHTHOUSE,-37.568,149.916,VIC,,9648,9632,99.8,2000-01-01,2026-05-31
84017,GELANTIPY EAST,-37.25,148.3,VIC,,9648,0,0.0,2000-01-01,2026-05-31
84018,GENOA,-37.483,149.567,VIC,,9648,0,0.0,2000-01-01,2026-05-31
84020,HAWKHURST,-37.419,147.116,VIC,,9648,0,0.0,2000-01-01,2026-05-31
84022,LAKES ENTRANCE POST OFFICE,-37.883,148.0,VIC,,9648,0,0.0,2000-01-01,2026-05-31
84023,MARLO,-37.786,148.546,VIC,,9648,3502,36.3,2000-01-01,2026-05-31
84024,MURRUNGOWAR,-37.633,148.683,VIC,,9648,0,0.0,2000-01-01,2026-05-31
84025,NICHOLSON (YENDALOCK),-37.851,147.766,VIC,,9648,9479,98.2,2000-01-01,2026-05-31
84026,NOORINBEE,-37.567,149.15,VIC,,9648,0,0.0,2000-01-01,2026-05-31
84027,CANN RIVER FORESTRY,-37.533,149.15,VIC,,9648,0,0.0,2000-01-01,2026-05-31
84028,NOWA NOWA,-37.728,148.096,VIC,,9648,7451,77.2,2000-01-01,2026-05-31
84029,NOWA NOWA (WAIREWA),-37.667,148.183,VIC,,9648,0,0.0,2000-01-01,2026-05-31
84030,ORBOST (COMPARISON),-37.692,148.459,VIC,,9648,4317,44.7,2000-01-01,2026-05-31
84031,BRODRIBB RIVER,-37.7,148.567,VIC,,9648,0,0.0,2000-01-01,2026-05-31
84032,REEDY FLAT,-37.4,147.9,VIC,,9648,0,0.0,2000-01-01,2026-05-31
84033,SARDINE CREEK,-37.5,148.533,VIC,,9648,0,0.0,2000-01-01,2026-05-31
84034,SARSFIELD,-37.75,147.7,VIC,,9648,0,0.0,2000-01-01,2026-05-31
84035,SWIFTS CREEK,-37.262,147.723,VIC,,9648,7095,73.5,2000-01-01,2026-05-31
84037,TONGIO (BROOKLANDS),-37.179,147.708,VIC,,9648,8272,85.7,2000-01-01,2026-05-31
84038,WULGULMERANG,-37.1,148.3,VIC,,9648,0,0.0,2000-01-01,2026-05-31
84039,TUBBUT,-37.071,148.591,VIC,,9648,7514,77.9,2000-01-01,2026-05-31
84044,BLACK MOUNTAIN,-37.007,148.267,VIC,,9648,9066,94.0,2000-01-01,2026-05-31
84045,LAKE TYERS,-37.853,148.064,VIC,,9648,8700,90.2,2000-01-01,2026-05-31
84049,BONANG (GOOMGERAH),-37.2,148.7,VIC,,9648,0,0.0,2000-01-01,2026-05-31
84063,TALBOTVILLE,-37.3,147.0,VIC,,9648,0,0.0,2000-01-01,2026-05-31
84070,POINT HICKS (LIGHTHOUSE),-37.802,149.275,VIC,,9648,7292,75.6,2000-01-01,2026-05-31
84077,BENDOC FORESTRY,-37.15,148.883,VIC,,9648,0,0.0,2000-01-01,2026-05-31
84078,SARSFIELD EAST,-37.751,147.73,VIC,,9648,5567,57.7,2000-01-01,2026-05-31
84080,BAIRNSDALE POST OFFICE,-37.817,147.617,VIC,,9648,0,0.0,2000-01-01,2026-05-31
84082,BAIRNSDALE 1,-37.817,147.617,VIC,,9648,0,0.0,2000-01-01,2026-05-31
84083,LAKES ENTRANCE,-37.869,147.996,VIC,,9648,2344,24.3,2000-01-01,2026-05-31
84084,MALLACOOTA,-37.598,149.729,VIC,,9648,9539,98.9,2000-01-01,2026-05-31
84087,TABBERABBERA (THE PINES),-37.583,147.367,VIC,,9648,0,0.0,2000-01-01,2026-05-31
84090,TAMBO CROSSING,-37.506,147.848,VIC,,9648,5688,59.0,2000-01-01,2026-05-31
84093,BETE BOLONG (RUSSELLS ESTATE),-37.713,148.395,VIC,,9648,9539,98.9,2000-01-01,2026-05-31
84096,BUCHAN SOUTH,-37.545,148.136,VIC,,9648,9547,99.0,2000-01-01,2026-05-31
84100,BAIRNSDALE WATERWORKS,-37.833,147.62,VIC,,9648,5656,58.6,2000-01-01,2026-05-31
84107,WULGULMERANG (PLEASANT VIEW),-37.083,148.279,VIC,,9648,9182,95.2,2000-01-01,2026-05-31
84108,BAIRNSDALE,-37.833,147.65,VIC,,9648,0,0.0,2000-01-01,2026-05-31
84121,ORBOST SRWSC,-37.701,148.457,VIC,,9648,0,0.0,2000-01-01,2026-05-31
84122,GENOA (FOOLS HAVEN),-37.477,149.639,VIC,,9648,9561,99.1,2000-01-01,2026-05-31
84125,CROOKED RIVER,-37.381,147.107,VIC,,9648,5778,59.9,2000-01-01,2026-05-31
84142,GELANTIPY,-37.22,148.263,VIC,,9648,9556,99.0,2000-01-01,2026-05-31
84143,COMBIENBAR AWS,-37.342,149.023,VIC,,9648,9293,96.3,2000-01-01,2026-05-31
84144,MOUNT NOWA NOWA,-37.692,148.091,VIC,,9648,9489,98.4,2000-01-01,2026-05-31
84145,ORBOST,-37.692,148.467,VIC,,9648,8970,93.0,2000-01-01,2026-05-31
85000,ABERFELDY,-37.7,146.367,VIC,,9648,0,0.0,2000-01-01,2026-05-31
85001,AGNES RIVER,-38.678,146.377,VIC,,9648,362,3.8,2000-01-01,2026-05-31
85003,ALBERTON POST OFFICE,-38.617,146.667,VIC,,9648,0,0.0,2000-01-01,2026-05-31
85008,BALOOK,-38.43,146.57,VIC,,9648,0,0.0,2000-01-01,2026-05-31
85011,BLACKWARRY,-38.4,146.65,VIC,,9648,0,0.0,2000-01-01,2026-05-31
85012,BOISDALE,-37.9,147.0,VIC,,9648,0,0.0,2000-01-01,2026-05-31
85014,BOOLARRA,-38.35,146.2,VIC,,9648,0,0.0,2000-01-01,2026-05-31
85015,BUDGEREE EAST (CLAREMONT),-38.432,146.381,VIC,,9648,0,0.0,2000-01-01,2026-05-31
85016,BUSHY PARK,-37.867,147.017,VIC,,9648,0,0.0,2000-01-01,2026-05-31
85017,CALLIGNEE SOUTH,-38.383,146.6,VIC,,9648,0,0.0,2000-01-01,2026-05-31
85018,CARRAJUNG POST OFFICE,-38.367,146.7,VIC,,9648,0,0.0,2000-01-01,2026-05-31
85019,CHILDERS,-38.3,146.1,VIC,,9648,0,0.0,2000-01-01,2026-05-31
85020,CLYDEBANK,-38.037,147.178,VIC,,9648,3625,37.6,2000-01-01,2026-05-31
85022,DENISON (WANDOCKA STATE SCHOOL),-38.01,146.881,VIC,,9648,0,0.0,2000-01-01,2026-05-31
85023,DROUIN BOWLING CLUB,-38.138,145.86,VIC,,9648,7778,80.6,2000-01-01,2026-05-31
85024,DROUIN WEST,-38.1,145.8,VIC,,9648,0,0.0,2000-01-01,2026-05-31
85025,DUTSON,-38.183,147.2,VIC,,9648,0,0.0,2000-01-01,2026-05-31
85026,ERICA,-37.975,146.375,VIC,,9648,6773,70.2,2000-01-01,2026-05-31
85027,FERNBANK,-37.9,147.3,VIC,,9648,0,0.0,2000-01-01,2026-05-31
85028,FISH CREEK,-38.72,146.063,VIC,,9648,9528,98.8,2000-01-01,2026-05-31
85029,FOSTER (POST OFFICE),-38.652,146.2,VIC,,9648,7970,82.6,2000-01-01,2026-05-31
85032,FUMINA SOUTH,-37.95,146.133,VIC,,9648,0,0.0,2000-01-01,2026-05-31
85033,GIFFARD,-38.423,147.086,VIC,,9648,9351,96.9,2000-01-01,2026-05-31
85034,GLENMAGGIE WEIR,-37.907,146.801,VIC,,9648,9272,96.1,2000-01-01,2026-05-31
85035,GLENMAGGIE (THE LAURELS),-37.883,146.75,VIC,,9648,0,0.0,2000-01-01,2026-05-31
85036,GORMANDALE EAST,-38.3,146.68,VIC,,9648,0,0.0,2000-01-01,2026-05-31
85038,HEYFIELD STATE SCHOOL,-38.0,146.9,VIC,,9648,0,0.0,2000-01-01,2026-05-31
85040,FISH CREEK (HODDLE RANGE),-38.691,146.149,VIC,,9648,9362,97.0,2000-01-01,2026-05-31
85041,INVERLOCH,-38.611,145.705,VIC,,9648,4659,48.3,2000-01-01,2026-05-31
85042,JINDIVICK,-38.022,145.9,VIC,,9648,9554,99.0,2000-01-01,2026-05-31
85043,JINDIVICK NORTH,-38.012,145.912,VIC,,9648,0,0.0,2000-01-01,2026-05-31
85045,KORUMBURRA,-38.435,145.817,VIC,,9648,9476,98.2,2000-01-01,2026-05-31
85046,LABERTOUCHE,-38.062,145.804,VIC,,9648,4645,48.1,2000-01-01,2026-05-31
85047,LARDNER (BRANDIE BRAES),-38.2,145.867,VIC,,9648,0,0.0,2000-01-01,2026-05-31
85048,LEONGATHA,-38.467,145.967,VIC,,9648,0,0.0,2000-01-01,2026-05-31
85049,LEONGATHA STH GIPPSLAND WATER,-38.484,145.933,VIC,,9648,9452,98.0,2000-01-01,2026-05-31
85050,LINDENOW,-37.801,147.458,VIC,,9648,4248,44.0,2000-01-01,2026-05-31
85051,LOCH VALLEY PLANTATION,-37.81,146.022,VIC,,9648,0,0.0,2000-01-01,2026-05-31
85053,MADALYA,-38.511,146.517,VIC,,9648,8172,84.7,2000-01-01,2026-05-31
85054,MAFFRA SHIRE HALL,-38.0,147.0,VIC,,9648,0,0.0,2000-01-01,2026-05-31
85055,MAFFRA FORESTRY OFFICE,-37.966,146.983,VIC,,9648,0,0.0,2000-01-01,2026-05-31
85056,MARDAN SOUTH,-38.483,146.117,VIC,,9648,0,0.0,2000-01-01,2026-05-31
85059,MOE GIPPSLAND WATER,-38.2,146.26,VIC,,9648,6216,64.4,2000-01-01,2026-05-31
85060,MOORMURANG THE RIDGE,-37.9,147.5,VIC,,9648,0,0.0,2000-01-01,2026-05-31
85062,MORWELL (MAIL CENTRE),-38.235,146.431,VIC,,9648,1226,12.7,2000-01-01,2026-05-31
85063,MOUNT BEST (UPPER TOORA),-38.608,146.319,VIC,,9648,9497,98.4,2000-01-01,2026-05-31
85064,NARRACAN STATE SCHOOL,-38.3,146.25,VIC,,9648,0,0.0,2000-01-01,2026-05-31
85065,NARRACAN EAST (LYNNSMERE),-38.293,146.227,VIC,,9648,0,0.0,2000-01-01,2026-05-31
85066,NEERIM,-37.95,146.0,VIC,,9648,0,0.0,2000-01-01,2026-05-31
85067,NEERIM SOUTH,-38.022,145.952,VIC,,9648,0,0.0,2000-01-01,2026-05-31
85068,PAYNESVILLE (BANKSIA),-37.95,147.7,VIC,,9648,0,0.0,2000-01-01,2026-05-31
85069,PAYNESVILLE,-37.9,147.733,VIC,,9648,0,0.0,2000-01-01,2026-05-31
85070,PORT ALBERT,-38.667,146.683,VIC,,9648,0,0.0,2000-01-01,2026-05-31
85071,ROSEDALE,-38.152,146.787,VIC,,9648,1569,16.3,2000-01-01,2026-05-31
85072,EAST SALE,-38.116,147.132,VIC,,9648,9597,99.5,2000-01-01,2026-05-31
85073,SEASPRAY (BURONG),-38.318,147.175,VIC,,9648,9562,99.1,2000-01-01,2026-05-31
85076,STRADBROKE WEST (INGLENOOK),-38.267,146.917,VIC,,9648,0,0.0,2000-01-01,2026-05-31
85077,STRADBROKE POST OFFICE,-38.3,147.0,VIC,,9648,0,0.0,2000-01-01,2026-05-31
85078,STRATFORD,-38.0,147.1,VIC,,9648,0,0.0,2000-01-01,2026-05-31
85079,TANJIL BREN,-37.8,146.2,VIC,,9648,0,0.0,2000-01-01,2026-05-31
85081,THORPDALE STATE SCHOOL,-38.3,146.2,VIC,,9648,0,0.0,2000-01-01,2026-05-31
85082,TIDAL RIVER,-39.031,146.323,VIC,,9648,6634,68.8,2000-01-01,2026-05-31
85083,TINAMBA WEST,-37.9,146.8,VIC,,9648,0,0.0,2000-01-01,2026-05-31
85084,TOORA,-38.664,146.326,VIC,,9648,6678,69.2,2000-01-01,2026-05-31
85085,TRAFALGAR TOSELAND ROAD,-38.218,146.166,VIC,,9648,9345,96.9,2000-01-01,2026-05-31
85086,TRARALGON,-38.2,146.5,VIC,,9648,0,0.0,2000-01-01,2026-05-31
85088,VALENCIA CREEK,-37.817,147.0,VIC,,9648,0,0.0,2000-01-01,2026-05-31
85090,VALENCIA CREEK (BULGAR PARK),-37.817,146.983,VIC,,9648,0,0.0,2000-01-01,2026-05-31
85091,WALHALLA,-37.941,146.452,VIC,,9648,7155,74.2,2000-01-01,2026-05-31
85092,WARRAGUL (CARBETHON),-38.2,145.9,VIC,,9648,0,0.0,2000-01-01,2026-05-31
85093,WARRAGUL,-38.173,145.949,VIC,,9648,5336,55.3,2000-01-01,2026-05-31
85094,WELSHPOOL,-38.662,146.43,VIC,,9648,4022,41.7,2000-01-01,2026-05-31
85096,WILSONS PROMONTORY LIGHTHOUSE,-39.13,146.425,VIC,,9648,9461,98.1,2000-01-01,2026-05-31
85097,WOODSIDE,-38.5,146.9,VIC,,9648,0,0.0,2000-01-01,2026-05-31
85100,YINNAR,-38.317,146.333,VIC,,9648,0,0.0,2000-01-01,2026-05-31
85103,YALLOURN SEC,-38.186,146.332,VIC,,9648,0,0.0,2000-01-01,2026-05-31
85105,HAZELWOOD NORTH,-38.288,146.49,VIC,,9648,0,0.0,2000-01-01,2026-05-31
85106,OLSENS BRIDGE (MORWELL RIVER PRISON),-38.486,146.323,VIC,,9648,690,7.2,2000-01-01,2026-05-31
85111,BRIAGOLONG,-37.8,147.1,VIC,,9648,0,0.0,2000-01-01,2026-05-31
85123,LEONGATHA (VERONICA),-38.5,146.0,VIC,,9648,0,0.0,2000-01-01,2026-05-31
85130,NEWRY,-37.9,146.9,VIC,,9648,0,0.0,2000-01-01,2026-05-31
85133,SALE,-38.1,147.05,VIC,,9648,0,0.0,2000-01-01,2026-05-31
85134,SALE MERCURY OFFICE,-38.1,147.067,VIC,,9648,0,0.0,2000-01-01,2026-05-31
85137,TARWIN LOWER (RIVERSIDE),-38.72,145.903,VIC,,9648,9404,97.5,2000-01-01,2026-05-31
85148,WOODSIDE (LAKE VIEW),-38.524,146.881,VIC,,9648,0,0.0,2000-01-01,2026-05-31
85149,EAGLE POINT (BONNIE BANKS),-37.952,147.662,VIC,,9648,90,0.9,2000-01-01,2026-05-31
85150,HAZELWOOD SEC,-38.293,146.388,VIC,,9648,0,0.0,2000-01-01,2026-05-31
85152,WON WRON PRISON,-38.486,146.672,VIC,,9648,1810,18.8,2000-01-01,2026-05-31
85153,NOOJEE,-37.9,146.0,VIC,,9648,0,0.0,2000-01-01,2026-05-31
85160,DARRIMAN (TARRALANGI),-38.419,146.966,VIC,,9648,8186,84.8,2000-01-01,2026-05-31
85163,YANAKIE (SHALLOW INLET),-38.791,146.18,VIC,,9648,9452,98.0,2000-01-01,2026-05-31
85165,FERNBANK (TOWRI),-37.916,147.32,VIC,,9648,3305,34.3,2000-01-01,2026-05-31
85166,STRATFORD,-37.958,147.084,VIC,,9648,9554,99.0,2000-01-01,2026-05-31
85167,MEERLIEU,-38.005,147.396,VIC,,9648,9233,95.7,2000-01-01,2026-05-31
85168,BRIAGOLONG,-37.835,147.081,VIC,,9648,9518,98.7,2000-01-01,2026-05-31
85178,KOONWARRA (LEONGATHA SOUTH),-38.527,145.924,VIC,,9648,6777,70.2,2000-01-01,2026-05-31
85179,BULN BULN,-38.104,145.957,VIC,,9648,9174,95.1,2000-01-01,2026-05-31
85183,BUFFALO,-38.657,146.006,VIC,,9648,5696,59.0,2000-01-01,2026-05-31
85188,PAYNESVILLE,-37.911,147.713,VIC,,9648,4295,44.5,2000-01-01,2026-05-31
85193,YARRAM,-38.56,146.67,VIC,,9648,2634,27.3,2000-01-01,2026-05-31
85195,WILLOW GROVE,-38.065,146.169,VIC,,9648,8840,91.6,2000-01-01,2026-05-31
85199,MOONDARRA RESERVOIR,-38.099,146.379,VIC,,9648,0,0.0,2000-01-01,2026-05-31
85200,KORUMBURRA STH GIPPSLAND WATER,-38.432,145.792,VIC,,9648,9573,99.2,2000-01-01,2026-05-31
85202,NEERIM SOUTH (TARAGO RESERVOIR),-38.022,145.94,VIC,,9648,4522,46.9,2000-01-01,2026-05-31
85203,LICOLA RWC,-37.63,146.621,VIC,,9648,504,5.2,2000-01-01,2026-05-31
85208,LONGWARRY (GOONEPAROO),-38.074,145.766,VIC,,9648,6528,67.7,2000-01-01,2026-05-31
85209,LONGWARRY,-38.117,145.767,VIC,,9648,0,0.0,2000-01-01,2026-05-31
85227,EAST TARWIN (MIRBOO PASTORAL COMPANY),-38.522,146.204,VIC,,9648,9234,95.7,2000-01-01,2026-05-31
85236,CALLIGNEE NORTH,-38.318,146.565,VIC,,9648,7232,75.0,2000-01-01,2026-05-31
85238,ERICA (PARKERS CORNER),-37.954,146.389,VIC,,9648,9257,95.9,2000-01-01,2026-05-31
85240,ELLINBANK DAIRY RESEARCH INST,-38.246,145.935,VIC,,9648,192,2.0,2000-01-01,2026-05-31
85252,ERICA (PHILIPS BRIDGE),-37.997,146.347,VIC,,9648,6959,72.1,2000-01-01,2026-05-31
85254,VALENCIA CREEK (LITTLE PLAIN),-37.812,146.957,VIC,,9648,6828,70.8,2000-01-01,2026-05-31
85255,CROOKED RVR (CROOKED RIVER (HAPPY VALLEY,-37.357,146.985,VIC,,9648,5499,57.0,2000-01-01,2026-05-31
85256,BARKLY RIVER (GLENLEA),-37.513,146.548,VIC,,9648,1328,13.8,2000-01-01,2026-05-31
85277,NOOJEE (SLIVAR),-37.904,145.972,VIC,,9648,9357,97.0,2000-01-01,2026-05-31
85279,BAIRNSDALE AIRPORT,-37.882,147.567,VIC,,9648,9552,99.0,2000-01-01,2026-05-31
85280,MORWELL (LATROBE VALLEY AIRPORT),-38.209,146.475,VIC,,9648,9563,99.1,2000-01-01,2026-05-31
85282,MIRBOO NORTH WATER BOARD,-38.371,146.179,VIC,,9648,7829,81.1,2000-01-01,2026-05-31
85283,WILLOW GROVE (BLUE ROCK RESERVOIR),-38.081,146.214,VIC,,9648,5284,54.8,2000-01-01,2026-05-31
85291,MOUNT BAW BAW,-37.838,146.275,VIC,,9648,8405,87.1,2000-01-01,2026-05-31
85296,MOUNT MOORNAPA,-37.748,147.143,VIC,,9648,9440,97.8,2000-01-01,2026-05-31
85298,EAST SALE COMPARISON,-38.107,147.132,VIC,,9648,2070,21.5,2000-01-01,2026-05-31
86002,BALWYN NORTH,-37.8,145.05,VIC,,9648,0,0.0,2000-01-01,2026-05-31
86004,BEACONSFIELD UPPER,-38.0,145.35,VIC,,9648,0,0.0,2000-01-01,2026-05-31
86005,BEENAK,-37.9,145.6,VIC,,9648,0,0.0,2000-01-01,2026-05-31
86006,BENTLEIGH,-37.928,145.075,VIC,,9648,1655,17.2,2000-01-01,2026-05-31
86009,BLACK SPUR,-37.591,145.624,VIC,,9648,2072,21.5,2000-01-01,2026-05-31
86010,BORONIA 1,-37.85,145.3,VIC,,9648,0,0.0,2000-01-01,2026-05-31
86012,BOX HILL AGED MENS RETREAT,-37.836,145.136,VIC,,9648,0,0.0,2000-01-01,2026-05-31
86013,BURNLEY,-37.8,145.0,VIC,,9648,0,0.0,2000-01-01,2026-05-31
86015,BURWOOD EAST,-37.85,145.2,VIC,,9648,0,0.0,2000-01-01,2026-05-31
86016,CANTERBURY,-37.8,145.05,VIC,,9648,0,0.0,2000-01-01,2026-05-31
86017,CAPE SCHANCK LIGHTHOUSE,-38.493,144.886,VIC,,9648,0,0.0,2000-01-01,2026-05-31
86018,CAULFIELD (RACECOURSE),-37.88,145.037,VIC,,9648,7328,76.0,2000-01-01,2026-05-31
86019,CAULFIELD SOUTH,-37.9,145.033,VIC,,9648,0,0.0,2000-01-01,2026-05-31
86020,CHELTENHAM (HEATHERTON (KINGSTON CENTRE),-37.955,145.078,VIC,,9648,7996,82.9,2000-01-01,2026-05-31
86023,CLYDE STATE SCHOOL,-38.1,145.3,VIC,,9648,0,0.0,2000-01-01,2026-05-31
86024,COBURG,-37.75,144.967,VIC,,9648,0,0.0,2000-01-01,2026-05-31
86025,COWES,-38.483,145.267,VIC,,9648,0,0.0,2000-01-01,2026-05-31
86026,CROYDON STATE SCHOOL,-37.8,145.3,VIC,,9648,0,0.0,2000-01-01,2026-05-31
86027,CROYDON (SAMUEL STREET),-37.79,145.281,VIC,,9648,4337,45.0,2000-01-01,2026-05-31
86028,DANDENONG POST OFFICE,-38.0,145.2,VIC,,9648,0,0.0,2000-01-01,2026-05-31
86029,BEACONSFIELD 2,-38.0,145.417,VIC,,9648,0,0.0,2000-01-01,2026-05-31
86031,DONCASTER,-37.783,145.15,VIC,,9648,0,0.0,2000-01-01,2026-05-31
86032,DROMANA,-38.4,145.0,VIC,,9648,0,0.0,2000-01-01,2026-05-31
86033,BRIGHTON BOWLS CLUB,-37.925,145.025,VIC,,9648,3009,31.2,2000-01-01,2026-05-31
86035,ELTHAM,-37.7,145.155,VIC,,9648,9356,97.0,2000-01-01,2026-05-31
86036,EPPING,-37.631,144.985,VIC,,9648,7634,79.1,2000-01-01,2026-05-31
86037,ESSENDON 1,-37.733,144.9,VIC,,9648,0,0.0,2000-01-01,2026-05-31
86038,ESSENDON AIRPORT,-37.728,144.907,VIC,,9648,8471,87.8,2000-01-01,2026-05-31
86039,FLEMINGTON RACECOURSE,-37.791,144.907,VIC,,9648,9133,94.7,2000-01-01,2026-05-31
86040,FLINDERS STATE SCHOOL,-38.5,145.0,VIC,,9648,0,0.0,2000-01-01,2026-05-31
86041,HMAS CERBERUS,-38.367,145.183,VIC,,9648,0,0.0,2000-01-01,2026-05-31
86042,FRANKSTON 1,-38.15,145.1,VIC,,9648,0,0.0,2000-01-01,2026-05-31
86044,GARFIELD,-38.069,145.683,VIC,,9648,91,0.9,2000-01-01,2026-05-31
86045,GEMBROOK,-37.95,145.567,VIC,,9648,0,0.0,2000-01-01,2026-05-31
86048,HASTINGS POST OFFICE,-38.317,145.2,VIC,,9648,0,0.0,2000-01-01,2026-05-31
86049,HAWTHORN,-37.8,145.05,VIC,,9648,0,0.0,2000-01-01,2026-05-31
86050,HEALESVILLE (BADGER CRK SANCTUARY),-37.683,145.533,VIC,,9648,0,0.0,2000-01-01,2026-05-31
86052,HEALESVILLE (MOUNT ST LEONARD),-37.6,145.5,VIC,,9648,0,0.0,2000-01-01,2026-05-31
86053,HEIDELBERG (ROSANNA),-37.75,145.0,VIC,,9648,0,0.0,2000-01-01,2026-05-31
86055,OFFICER (JESMOND DENE),-38.05,145.4,VIC,,9648,0,0.0,2000-01-01,2026-05-31
86056,KALLISTA FORESTRY,-37.9,145.383,VIC,,9648,0,0.0,2000-01-01,2026-05-31
86060,KEW,-37.817,145.033,VIC,,9648,0,0.0,2000-01-01,2026-05-31
86061,KINGLAKE,-37.533,145.333,VIC,,9648,0,0.0,2000-01-01,2026-05-31
86062,KOO WEE RUP,-38.2,145.5,VIC,,9648,0,0.0,2000-01-01,2026-05-31
86063,LANG LANG,-38.263,145.564,VIC,,9648,9387,97.3,2000-01-01,2026-05-31
86066,LILYDALE,-37.756,145.359,VIC,,9648,5566,57.7,2000-01-01,2026-05-31
86067,LOCH,-38.367,145.733,VIC,,9648,0,0.0,2000-01-01,2026-05-31
86068,VIEWBANK,-37.741,145.097,VIC,,9648,9596,99.5,2000-01-01,2026-05-31
86069,MALVERN (YANKO),-37.833,145.083,VIC,,9648,0,0.0,2000-01-01,2026-05-31
86070,MAROONDAH WEIR (MELBOURNE WATER),-37.639,145.55,VIC,,9648,6828,70.8,2000-01-01,2026-05-31
86071,MELBOURNE REGIONAL OFFICE,-37.807,144.97,VIC,,9648,5075,52.6,2000-01-01,2026-05-31
86073,MICKLEHAM,-37.555,144.879,VIC,,9648,3388,35.1,2000-01-01,2026-05-31
86074,MITCHAM,-37.822,145.191,VIC,,9648,8625,89.4,2000-01-01,2026-05-31
86076,MONTROSE,-37.802,145.368,VIC,,9648,9494,98.4,2000-01-01,2026-05-31
86077,MOORABBIN AIRPORT,-37.98,145.096,VIC,,9648,9576,99.3,2000-01-01,2026-05-31
86078,MORDIALLOC WOODLANDS GOLF CLUB,-38.0,145.1,VIC,,9648,0,0.0,2000-01-01,2026-05-31
86079,MORNINGTON,-38.236,145.067,VIC,,9648,6968,72.2,2000-01-01,2026-05-31
86080,MOUNT BURNETT,-37.983,145.517,VIC,,9648,0,0.0,2000-01-01,2026-05-31
86082,MOUNT ELIZA,-38.2,145.1,VIC,,9648,0,0.0,2000-01-01,2026-05-31
86083,MURRUMBEENA LEEDS GROVE,-37.9,145.1,VIC,,9648,0,0.0,2000-01-01,2026-05-31
86085,NARRE WARREN NORTH (NARRE WARREN  NORTH,-37.989,145.332,VIC,,9648,3709,38.4,2000-01-01,2026-05-31
86086,NARRE WARREN (BRECHIN),-38.033,145.3,VIC,,9648,0,0.0,2000-01-01,2026-05-31
86087,NEEDLES EYE (VENTNOR),-38.483,145.21,VIC,,9648,0,0.0,2000-01-01,2026-05-31
86088,OAKLEIGH (METROPOLITAN GOLF CLUB),-37.914,145.094,VIC,,9648,8628,89.4,2000-01-01,2026-05-31
86089,OLINDA,-37.84,145.363,VIC,,9648,0,0.0,2000-01-01,2026-05-31
86090,WARBURTON (O'SHANNASSY RESERVOIR (QUARTE,-37.709,145.786,VIC,,9648,7264,75.3,2000-01-01,2026-05-31
86091,PASCOE VALE,-37.733,144.933,VIC,,9648,0,0.0,2000-01-01,2026-05-31
86092,POOWONG (POST OFFICE),-38.343,145.765,VIC,,9648,2070,21.5,2000-01-01,2026-05-31
86094,POWELLTOWN DNRE,-37.861,145.744,VIC,,9648,6813,70.6,2000-01-01,2026-05-31
86095,PRAHRAN (COMO HOUSE),-37.838,145.005,VIC,,9648,3634,37.7,2000-01-01,2026-05-31
86096,PRESTON RESERVOIR,-37.721,145.006,VIC,,9648,8599,89.1,2000-01-01,2026-05-31
86097,PORTSEA QUARANTINE STATION,-38.317,144.667,VIC,,9648,0,0.0,2000-01-01,2026-05-31
86098,RED HILL SOUTH,-38.369,145.03,VIC,,9648,1583,16.4,2000-01-01,2026-05-31
86100,BURNLEY RICHMOND PARK,-37.8,145.0,VIC,,9648,0,0.0,2000-01-01,2026-05-31
86101,RINGWOOD,-37.8,145.25,VIC,,9648,0,0.0,2000-01-01,2026-05-31
86102,SAN REMO,-38.533,145.383,VIC,,9648,0,0.0,2000-01-01,2026-05-31
86103,SASSAFRAS POST OFFICE,-37.862,145.354,VIC,,9648,0,0.0,2000-01-01,2026-05-31
86104,SCORESBY RESEARCH INSTITUTE,-37.871,145.256,VIC,,9648,9501,98.5,2000-01-01,2026-05-31
86105,SHOREHAM,-38.428,145.041,VIC,,9648,8069,83.6,2000-01-01,2026-05-31
86106,SILVAN,-37.833,145.437,VIC,,9648,2018,20.9,2000-01-01,2026-05-31
86107,SILVAN STATE SCHOOL,-37.8,145.4,VIC,,9648,0,0.0,2000-01-01,2026-05-31
86108,SOMERTON,-37.65,144.9,VIC,,9648,0,0.0,2000-01-01,2026-05-31
86111,SPRINGVALE NECROPOLIS,-37.944,145.176,VIC,,9648,7557,78.3,2000-01-01,2026-05-31
86113,SOMERVILLE,-38.233,145.183,VIC,,9648,0,0.0,2000-01-01,2026-05-31
86114,THE PATCH,-37.9,145.417,VIC,,9648,0,0.0,2000-01-01,2026-05-31
86115,TOORAK,-37.8,145.0,VIC,,9648,0,0.0,2000-01-01,2026-05-31
86116,TOORADIN,-38.167,145.4,VIC,,9648,0,0.0,2000-01-01,2026-05-31
86117,TOOROURRONG RESERVOIR (TOOROURRONG),-37.477,145.151,VIC,,9648,8630,89.4,2000-01-01,2026-05-31
86119,VENTNOR (OAKLANDS),-38.484,145.177,VIC,,9648,9601,99.5,2000-01-01,2026-05-31
86120,WALLAN (WALNARRING),-37.417,145.017,VIC,,9648,0,0.0,2000-01-01,2026-05-31
86121,WARBURTON,-37.752,145.676,VIC,,9648,2595,26.9,2000-01-01,2026-05-31
86122,WATSONIA LOYOLA,-37.7,145.083,VIC,,9648,0,0.0,2000-01-01,2026-05-31
86125,WHITTLESEA,-37.505,145.125,VIC,,9648,1196,12.4,2000-01-01,2026-05-31
86127,WONTHAGGI,-38.608,145.596,VIC,,9648,8508,88.2,2000-01-01,2026-05-31
86129,WOORI YALLOCK,-37.8,145.517,VIC,,9648,0,0.0,2000-01-01,2026-05-31
86130,YANNATHAN,-38.233,145.7,VIC,,9648,0,0.0,2000-01-01,2026-05-31
86131,YAN YEAN,-37.555,145.126,VIC,,9648,8626,89.4,2000-01-01,2026-05-31
86132,YARRA RIVER (YARRA GLEN),-37.665,145.376,VIC,,9648,0,0.0,2000-01-01,2026-05-31
86137,BLACKBURN,-37.8,145.2,VIC,,9648,0,0.0,2000-01-01,2026-05-31
86138,GREENSBOROUGH,-37.7,145.1,VIC,,9648,0,0.0,2000-01-01,2026-05-31
86142,TOOLANGI (MOUNT ST LEONARD DPI),-37.572,145.501,VIC,,9648,6206,64.3,2000-01-01,2026-05-31
86146,BEAUMARIS,-37.977,145.027,VIC,,9648,3898,40.4,2000-01-01,2026-05-31
86147,ASPENDALE CSIRO,-38.033,145.1,VIC,,9648,0,0.0,2000-01-01,2026-05-31
86148,WANDIN (YALLOCK),-37.8,145.45,VIC,,9648,0,0.0,2000-01-01,2026-05-31
86149,WALLAN WALLAN (INVERLOCHY),-37.4,145.0,VIC,,9648,0,0.0,2000-01-01,2026-05-31
86151,BASS (KILCUNDA),-38.5,145.45,VIC,,9648,0,0.0,2000-01-01,2026-05-31
86172,FERNTREE GULLY,-37.8,145.3,VIC,,9648,0,0.0,2000-01-01,2026-05-31
86175,YARRA JUNCTION (GILDEROY),-37.86,145.7,VIC,,9648,0,0.0,2000-01-01,2026-05-31
86177,GRANTVILLE,-38.4,145.5,VIC,,9648,0,0.0,2000-01-01,2026-05-31
86194,OUTTRIM,-38.495,145.781,VIC,,9648,8212,85.1,2000-01-01,2026-05-31
86210,BONBEACH (CARRUM (PATTERSON RIVER COUNTR,-38.065,145.129,VIC,,9648,7605,78.8,2000-01-01,2026-05-31
86213,ROSEBUD (COUNTRY CLUB),-38.378,144.898,VIC,,9648,9210,95.5,2000-01-01,2026-05-31
86219,CORANDERRK BADGER WEIR,-37.689,145.564,VIC,,9648,5679,58.9,2000-01-01,2026-05-31
86223,DROMANA SUSSEX FARM,-38.339,145.029,VIC,,9648,9531,98.8,2000-01-01,2026-05-31
86224,DANDENONG,-37.976,145.225,VIC,,9648,8700,90.2,2000-01-01,2026-05-31
86231,RINGWOOD 2,-37.8,145.3,VIC,,9648,0,0.0,2000-01-01,2026-05-31
86232,MELBOURNE BOTANICAL GARDENS,-37.831,144.984,VIC,,9648,9429,97.7,2000-01-01,2026-05-31
86234,CROYDON (DORSET GOLF COURSE),-37.805,145.299,VIC,,9648,7299,75.7,2000-01-01,2026-05-31
86238,BASS,-38.483,145.467,VIC,,9648,3593,37.2,2000-01-01,2026-05-31
86239,FRENCH ISLAND (TANKERTON),-38.4,145.3,VIC,,9648,0,0.0,2000-01-01,2026-05-31
86240,FRENCH ISLAND (MCLEOD PRISON),-38.4,145.3,VIC,,9648,0,0.0,2000-01-01,2026-05-31
86243,MOUNT DANDENONG GTV9,-37.831,145.35,VIC,,9648,1862,19.3,2000-01-01,2026-05-31
86244,CRANBOURNE SOUTH,-38.134,145.238,VIC,,9648,6972,72.3,2000-01-01,2026-05-31
86246,MOOROODUC,-38.248,145.104,VIC,,9648,4448,46.1,2000-01-01,2026-05-31
86261,BEACONSFIELD UPPER,-37.982,145.42,VIC,,9648,4483,46.5,2000-01-01,2026-05-31
86271,REEFTON (UPPER YARRA DAM),-37.672,145.895,VIC,,9648,6967,72.2,2000-01-01,2026-05-31
86281,NYORA (POST OFFICE),-38.334,145.67,VIC,,9648,9141,94.7,2000-01-01,2026-05-31
86282,MELBOURNE AIRPORT,-37.665,144.833,VIC,,9648,9642,99.9,2000-01-01,2026-05-31
86303,GLEN WAVERLEY (GOLF COURSE),-37.887,145.194,VIC,,9648,9480,98.3,2000-01-01,2026-05-31
86304,HAWTHORN (SCOTCH COLLEGE),-37.836,145.03,VIC,,9648,7917,82.1,2000-01-01,2026-05-31
86305,GREENVALE RESERVOIR,-37.63,144.911,VIC,,9648,8928,92.5,2000-01-01,2026-05-31
86306,STONY POINT,-38.383,145.217,VIC,,9648,0,0.0,2000-01-01,2026-05-31
86313,WARRANDYTE,-37.747,145.21,VIC,,9648,3105,32.2,2000-01-01,2026-05-31
86314,KOO WEE RUP,-38.199,145.493,VIC,,9648,8598,89.1,2000-01-01,2026-05-31
86339,CORINELLA,-38.427,145.436,VIC,,9648,1743,18.1,2000-01-01,2026-05-31
86351,BUNDOORA (LATROBE UNIVERSITY),-37.716,145.045,VIC,,9648,6896,71.5,2000-01-01,2026-05-31
86354,PHILLIP ISLAND PENGUIN RESERVE,-38.506,145.15,VIC,,9648,4879,50.6,2000-01-01,2026-05-31
86357,DEVILBEND RESERVOIR,-38.276,145.1,VIC,,9648,3781,39.2,2000-01-01,2026-05-31
86361,CERBERUS,-38.365,145.179,VIC,,9648,9587,99.4,2000-01-01,2026-05-31
86363,TARRAWARRA,-37.656,145.476,VIC,,9648,3377,35.0,2000-01-01,2026-05-31
86364,TARRAWARRA MONASTERY,-37.659,145.446,VIC,,9648,9324,96.6,2000-01-01,2026-05-31
86372,FERNY CREEK (DUNNS HILL),-37.877,145.336,VIC,,9648,4204,43.6,2000-01-01,2026-05-31
86373,RHYLL,-38.461,145.31,VIC,,9648,9519,98.7,2000-01-01,2026-05-31
86375,CRANBOURNE BOTANIC GARDENS,-38.135,145.264,VIC,,9648,7053,73.1,2000-01-01,2026-05-31
86383,COLDSTREAM,-37.724,145.409,VIC,,9648,9591,99.4,2000-01-01,2026-05-31
87000,ANAKIE,-37.88,144.262,VIC,,9648,5922,61.4,2000-01-01,2026-05-31
87001,ANGLESEA,-38.406,144.196,VIC,,9648,1807,18.7,2000-01-01,2026-05-31
87002,BACCHUS MARSH,-37.7,144.4,VIC,,9648,0,0.0,2000-01-01,2026-05-31
87003,BALLIANG EAST (CHESNEY),-37.8,144.4,VIC,,9648,0,0.0,2000-01-01,2026-05-31
87005,BALLAN (FISKVILLE),-37.6,144.2,VIC,,9648,0,0.0,2000-01-01,2026-05-31
87006,BALLAN,-37.602,144.23,VIC,,9648,7975,82.7,2000-01-01,2026-05-31
87007,MORRISONS (BALLARK),-37.743,144.141,VIC,,9648,9527,98.7,2000-01-01,2026-05-31
87008,BALLIANG EAST,-37.808,144.437,VIC,,9648,4542,47.1,2000-01-01,2026-05-31
87009,BANNOCKBURN,-38.021,144.161,VIC,,9648,5177,53.7,2000-01-01,2026-05-31
87010,BARWON HEADS  (JIRRAHLINGA),-38.266,144.48,VIC,,9648,72,0.7,2000-01-01,2026-05-31
87011,BEALES RESERVOIR,-37.542,144.025,VIC,,9648,3347,34.7,2000-01-01,2026-05-31
87012,BELMONT,-38.173,144.338,VIC,,9648,148,1.5,2000-01-01,2026-05-31
87014,BUNGAREE (KIRKS RESERVOIR),-37.551,143.932,VIC,,9648,9597,99.5,2000-01-01,2026-05-31
87018,BOLINDA,-37.45,144.75,VIC,,9648,0,0.0,2000-01-01,2026-05-31
87020,DEER PARK,-37.767,144.783,VIC,,9648,0,0.0,2000-01-01,2026-05-31
87021,DURDIDWARRAH,-37.823,144.208,VIC,,9648,6356,65.9,2000-01-01,2026-05-31
87023,GEELONG SALINES (MOOLAP),-38.159,144.395,VIC,,9648,2894,30.0,2000-01-01,2026-05-31
87024,GEELONG GOLF CLUB,-38.127,144.342,VIC,,9648,710,7.4,2000-01-01,2026-05-31
87025,GEELONG SEC,-38.117,144.367,VIC,,9648,0,0.0,2000-01-01,2026-05-31
87026,GISBORNE,-37.49,144.612,VIC,,9648,4487,46.5,2000-01-01,2026-05-31
87027,KEILOR (ARUNDEL),-37.694,144.834,VIC,,9648,0,0.0,2000-01-01,2026-05-31
87029,LANCEFIELD,-37.27,144.723,VIC,,9648,7796,80.8,2000-01-01,2026-05-31
87030,LARA LAKE,-38.0,144.4,VIC,,9648,0,0.0,2000-01-01,2026-05-31
87031,LAVERTON RAAF,-37.856,144.756,VIC,,9648,9593,99.4,2000-01-01,2026-05-31
87032,LAVERTON SALINES,-37.9,144.75,VIC,,9648,0,0.0,2000-01-01,2026-05-31
87033,LITTLE RIVER,-37.991,144.494,VIC,,9648,9507,98.5,2000-01-01,2026-05-31
87034,LOVELY BANKS (RESERVOIR),-38.066,144.328,VIC,,9648,5605,58.1,2000-01-01,2026-05-31
87036,MACEDON FORESTRY,-37.416,144.557,VIC,,9648,7274,75.4,2000-01-01,2026-05-31
87038,MARIBYRNONG EXPLOSIVES FACTORY,-37.775,144.877,VIC,,9648,0,0.0,2000-01-01,2026-05-31
87039,MELTON,-37.665,144.575,VIC,,9648,4646,48.2,2000-01-01,2026-05-31
87040,MELTON RESERVOIR,-37.746,144.572,VIC,,9648,9355,97.0,2000-01-01,2026-05-31
87042,MEREDITH,-37.834,144.064,VIC,,9648,7866,81.5,2000-01-01,2026-05-31
87043,MEREDITH (DARRA),-37.82,144.149,VIC,,9648,9587,99.4,2000-01-01,2026-05-31
87044,MEREDITH (WATTLE VALE),-37.867,143.967,VIC,,9648,0,0.0,2000-01-01,2026-05-31
87045,MOORABOOL RESERVOIR,-37.515,144.083,VIC,,9648,9604,99.5,2000-01-01,2026-05-31
87046,SCOTSBURN (MOUNT BONINYONG),-37.672,143.94,VIC,,9648,9450,97.9,2000-01-01,2026-05-31
87048,LITTLE RIVER (MOUNT ROTHWELL),-37.896,144.439,VIC,,9648,7464,77.4,2000-01-01,2026-05-31
87050,MOUNT WALLACE,-37.75,144.2,VIC,,9648,0,0.0,2000-01-01,2026-05-31
87051,MYRNIONG,-37.65,144.35,VIC,,9648,0,0.0,2000-01-01,2026-05-31
87052,OAKLANDS JUNCTION,-37.6,144.85,VIC,,9648,0,0.0,2000-01-01,2026-05-31
87053,PORTARLINGTON,-38.123,144.642,VIC,,9648,5657,58.6,2000-01-01,2026-05-31
87054,QUEENSCLIFF,-38.271,144.662,VIC,,9648,4532,47.0,2000-01-01,2026-05-31
87055,RIDDELLS CREEK,-37.45,144.783,VIC,,9648,0,0.0,2000-01-01,2026-05-31
87056,ROCKBANK,-37.7,144.6,VIC,,9648,0,0.0,2000-01-01,2026-05-31
87057,ROMSEY,-37.35,144.75,VIC,,9648,0,0.0,2000-01-01,2026-05-31
87058,ST ALBANS,-37.75,144.8,VIC,,9648,0,0.0,2000-01-01,2026-05-31
87059,SHELFORD,-38.013,143.976,VIC,,9648,2858,29.6,2000-01-01,2026-05-31
87061,SUNBURY (LACHLAN COURT),-37.572,144.74,VIC,,9648,4570,47.4,2000-01-01,2026-05-31
87062,SYDENHAM,-37.7,144.767,VIC,,9648,0,0.0,2000-01-01,2026-05-31
87064,WAURN PONDS,-38.2,144.3,VIC,,9648,0,0.0,2000-01-01,2026-05-31
87065,WERRIBEE RESEARCH FARM,-37.9,144.683,VIC,,9648,0,0.0,2000-01-01,2026-05-31
87066,WERRIBEE POST OFFICE,-37.9,144.667,VIC,,9648,0,0.0,2000-01-01,2026-05-31
87067,WILSONS RESERVOIR,-37.514,144.018,VIC,,9648,4276,44.3,2000-01-01,2026-05-31
87073,ELAINE (LARUNDEL),-37.8,143.95,VIC,,9648,0,0.0,2000-01-01,2026-05-31
87075,BULLENGAROOK EAST,-37.483,144.509,VIC,,9648,7424,76.9,2000-01-01,2026-05-31
87093,TORQUAY,-38.333,144.317,VIC,,9648,0,0.0,2000-01-01,2026-05-31
87095,PYKES CREEK RESERVOIR,-37.611,144.3,VIC,,9648,9195,95.3,2000-01-01,2026-05-31
87100,POINT LONSDALE LIGHTHOUSE,-38.294,144.614,VIC,,9648,0,0.0,2000-01-01,2026-05-31
87113,AVALON AIRPORT,-38.029,144.478,VIC,,9648,9550,99.0,2000-01-01,2026-05-31
87114,DRYSDALE (BRIMDALE),-38.166,144.587,VIC,,9648,9125,94.6,2000-01-01,2026-05-31
87118,HESKET (STRAWS LANE),-37.351,144.607,VIC,,9648,9429,97.7,2000-01-01,2026-05-31
87119,WENSLEYDALE (ANGLESEA (VEHICLE PROVING G,-38.369,144.084,VIC,,9648,6565,68.0,2000-01-01,2026-05-31
87121,ROCKBANK (MELTON),-37.683,144.666,VIC,,9648,8858,91.8,2000-01-01,2026-05-31
87124,BUCKLEY (BALLIWINDI),-38.25,144.085,VIC,,9648,9431,97.8,2000-01-01,2026-05-31
87126,WURDIBOLUC RESERVOIR,-38.282,144.052,VIC,,9648,5895,61.1,2000-01-01,2026-05-31
87130,ROMSEY,-37.349,144.749,VIC,,9648,7732,80.1,2000-01-01,2026-05-31
87131,ALTONA (CITY OFFICES OPERATIONS CENTRE),-37.863,144.826,VIC,,9648,3090,32.0,2000-01-01,2026-05-31
87133,GEELONG NORTH,-38.116,144.367,VIC,,9648,0,0.0,2000-01-01,2026-05-31
87141,RIDDELLS CREEK,-37.462,144.673,VIC,,9648,1822,18.9,2000-01-01,2026-05-31
87147,BANNOCKBURN (HILLSIDE),-38.043,144.213,VIC,,9648,9006,93.3,2000-01-01,2026-05-31
87150,WERRIBEE (RACECOURSE),-37.904,144.643,VIC,,9648,568,5.9,2000-01-01,2026-05-31
87159,BLACKWOOD (ARMSTRONG),-37.467,144.317,VIC,,9648,0,0.0,2000-01-01,2026-05-31
87161,MERRIMU RESERVOIR,-37.629,144.503,VIC,,9648,9547,99.0,2000-01-01,2026-05-31
87163,GROVEDALE (GEELONG AIRPORT),-38.224,144.334,VIC,,9648,4132,42.8,2000-01-01,2026-05-31
87168,SHE OAKS,-37.907,144.13,VIC,,9648,9458,98.0,2000-01-01,2026-05-31
87169,BACCHUS MARSH (GOLF CLUB),-37.637,144.43,VIC,,9648,3214,33.3,2000-01-01,2026-05-31
87172,ST. LEONARDS (LOWFIELDS),-38.179,144.671,VIC,,9648,0,0.0,2000-01-01,2026-05-31
87173,LANCEFIELD (WINERY),-37.294,144.707,VIC,,9648,8832,91.5,2000-01-01,2026-05-31
88000,ALEXANDRA (ACHERON),-37.251,145.718,VIC,,9648,1553,16.1,2000-01-01,2026-05-31
88001,ALEXANDRA (POST OFFICE),-37.192,145.712,VIC,,9648,6446,66.8,2000-01-01,2026-05-31
88002,AVENEL (POST OFFICE),-36.893,145.232,VIC,,9648,8435,87.4,2000-01-01,2026-05-31
88004,BARKERS CREEK RESERVOIR,-36.967,144.267,VIC,,9648,0,0.0,2000-01-01,2026-05-31
88005,BENDIGO CHANNEL,-37.1,144.35,VIC,,9648,0,0.0,2000-01-01,2026-05-31
88007,BONNIE DOON GARAGE,-37.027,145.852,VIC,,9648,4151,43.0,2000-01-01,2026-05-31
88008,BROADFORD,-37.243,145.052,VIC,,9648,2950,30.6,2000-01-01,2026-05-31
88009,CAIRN CURRAN RESERVOIR,-36.989,143.975,VIC,,9648,8412,87.2,2000-01-01,2026-05-31
88011,CAMPBELLTOWN,-37.224,143.962,VIC,,9648,4021,41.7,2000-01-01,2026-05-31
88012,CAMPASPE UPPER,-37.4,144.45,VIC,,9648,0,0.0,2000-01-01,2026-05-31
88013,CARISBROOK,-37.045,143.822,VIC,,9648,5093,52.8,2000-01-01,2026-05-31
88014,CASTLEMAINE POST OFFICE,-37.1,144.2,VIC,,9648,0,0.0,2000-01-01,2026-05-31
88015,CLUNES,-37.305,143.778,VIC,,9648,9626,99.8,2000-01-01,2026-05-31
88016,SMEATON WEIR,-37.4,143.9,VIC,,9648,0,0.0,2000-01-01,2026-05-31
88017,COLIBAN UPPER,-37.281,144.396,VIC,,9648,0,0.0,2000-01-01,2026-05-31
88018,CRESWICK,-37.4,143.9,VIC,,9648,0,0.0,2000-01-01,2026-05-31
88020,DAYLESFORD,-37.343,144.157,VIC,,9648,6662,69.1,2000-01-01,2026-05-31
88021,EBERYS,-37.2,144.014,VIC,,9648,8747,90.7,2000-01-01,2026-05-31
88022,EDDINGTON,-36.888,143.861,VIC,,9648,0,0.0,2000-01-01,2026-05-31
88024,EXPEDITION PASS RESERVOIR,-37.05,144.3,VIC,,9648,0,0.0,2000-01-01,2026-05-31
88025,FORT WILLIAM,-37.092,145.471,VIC,,9648,0,0.0,2000-01-01,2026-05-31
88026,FRYERSTOWN,-37.1,144.25,VIC,,9648,0,0.0,2000-01-01,2026-05-31
88027,GLENAROUA,-37.1,145.0,VIC,,9648,0,0.0,2000-01-01,2026-05-31
88028,GLENBURN,-37.381,145.472,VIC,,9648,7722,80.0,2000-01-01,2026-05-31
88029,HEATHCOTE,-36.959,144.701,VIC,,9648,9535,98.8,2000-01-01,2026-05-31
88030,HEATHCOTE JUNCTION,-37.4,145.033,VIC,,9648,0,0.0,2000-01-01,2026-05-31
88031,HIGHLANDS (GLENTANNAR),-37.067,145.408,VIC,,9648,9552,99.0,2000-01-01,2026-05-31
88032,JOYCES CREEK,-37.086,143.998,VIC,,9648,9504,98.5,2000-01-01,2026-05-31
88034,KILMORE ASSUMPTION COLLEGE,-37.301,144.947,VIC,,9648,650,6.7,2000-01-01,2026-05-31
88035,KINGSTON,-37.35,144.0,VIC,,9648,0,0.0,2000-01-01,2026-05-31
88036,KYNETON POST OFFICE,-37.25,144.45,VIC,,9648,0,0.0,2000-01-01,2026-05-31
88037,LAURISTON RESERVOIR,-37.254,144.382,VIC,,9648,9446,97.9,2000-01-01,2026-05-31
88038,LEXTON,-37.274,143.516,VIC,,9648,8669,89.9,2000-01-01,2026-05-31
88040,LYONVILLE,-37.4,144.25,VIC,,9648,0,0.0,2000-01-01,2026-05-31
88041,MALDON (DERBY HILL),-36.999,144.07,VIC,,9648,686,7.1,2000-01-01,2026-05-31
88042,MALMSBURY RESERVOIR,-37.195,144.374,VIC,,9648,9486,98.3,2000-01-01,2026-05-31
88043,MARYBOROUGH,-37.056,143.732,VIC,,9648,9641,99.9,2000-01-01,2026-05-31
88044,MARYSVILLE (POST OFFICE),-37.51,145.747,VIC,,9648,7227,74.9,2000-01-01,2026-05-31
88045,MOLESWORTH,-37.167,145.55,VIC,,9648,0,0.0,2000-01-01,2026-05-31
88046,MURRINDINDI,-37.32,145.497,VIC,,9648,323,3.3,2000-01-01,2026-05-31
88048,NEWSTEAD,-37.105,144.064,VIC,,9648,9596,99.5,2000-01-01,2026-05-31
88049,PUCKAPUNYAL,-37.0,145.0,VIC,,9648,0,0.0,2000-01-01,2026-05-31
88050,PYALONG WEST (CAVAN PARK),-37.109,144.839,VIC,,9648,7016,72.7,2000-01-01,2026-05-31
88051,REDESDALE,-37.019,144.52,VIC,,9648,9326,96.7,2000-01-01,2026-05-31
88052,TULLAROOP RESERVOIR,-37.09,143.864,VIC,,9648,7284,75.5,2000-01-01,2026-05-31
88053,SEYMOUR SHIRE DEPOT,-37.028,145.149,VIC,,9648,7546,78.2,2000-01-01,2026-05-31
88054,SHEPHERDS FLAT,-37.273,144.11,VIC,,9648,7043,73.0,2000-01-01,2026-05-31
88056,TALBOT (POST OFFICE),-37.17,143.688,VIC,,9648,9164,95.0,2000-01-01,2026-05-31
88059,TRENTHAM,-37.372,144.314,VIC,,9648,6282,65.1,2000-01-01,2026-05-31
88060,KINGLAKE WEST (WALLABY CREEK),-37.447,145.214,VIC,,9648,8683,90.0,2000-01-01,2026-05-31
88061,WOODEND,-37.358,144.539,VIC,,9648,9039,93.7,2000-01-01,2026-05-31
88065,YANDOIT (SPRING VALE),-37.2,144.1,VIC,,9648,0,0.0,2000-01-01,2026-05-31
88066,YANDOIT,-37.209,144.105,VIC,,9648,5345,55.4,2000-01-01,2026-05-31
88067,YEA,-37.216,145.43,VIC,,9648,8873,92.0,2000-01-01,2026-05-31
88068,RUBICON SEC,-37.339,145.855,VIC,,9648,0,0.0,2000-01-01,2026-05-31
88073,BAYNTON,-37.128,144.692,VIC,,9648,7613,78.9,2000-01-01,2026-05-31
88088,GLENLYON,-37.3,144.25,VIC,,9648,0,0.0,2000-01-01,2026-05-31
88096,METCALFE,-37.1,144.4,VIC,,9648,0,0.0,2000-01-01,2026-05-31
88101,NEWLYN RESERVOIR,-37.4,144.0,VIC,,9648,0,0.0,2000-01-01,2026-05-31
88108,VAUGHAN,-37.157,144.208,VIC,,9648,9006,93.3,2000-01-01,2026-05-31
88109,MANGALORE AIRPORT,-36.889,145.186,VIC,,9648,9589,99.4,2000-01-01,2026-05-31
88110,CASTLEMAINE PRISON,-37.081,144.239,VIC,,9648,9546,98.9,2000-01-01,2026-05-31
88111,MALMSBURY,-37.2,144.4,VIC,,9648,0,0.0,2000-01-01,2026-05-31
88112,MERTON WEIR FARM,-36.983,145.717,VIC,,9648,0,0.0,2000-01-01,2026-05-31
88113,SMEATON (BLAMPIED (BARDIA)),-37.339,143.986,VIC,,9648,8901,92.3,2000-01-01,2026-05-31
88114,WERONA (FAIRVIEW),-37.245,144.025,VIC,,9648,0,0.0,2000-01-01,2026-05-31
88117,BENLOCH,-37.203,144.714,VIC,,9648,5550,57.5,2000-01-01,2026-05-31
88118,HARCOURT,-37.0,144.262,VIC,,9648,6108,63.3,2000-01-01,2026-05-31
88120,KANUMBRA (BRILLIANT ESTATE),-37.022,145.655,VIC,,9648,3692,38.3,2000-01-01,2026-05-31
88121,HIGH CAMP (LANNERMOOR),-37.142,144.926,VIC,,9648,9453,98.0,2000-01-01,2026-05-31
88123,KYNETON,-37.25,144.432,VIC,,9648,9260,96.0,2000-01-01,2026-05-31
88124,TABILK (TAHBILK WINERY),-36.825,145.087,VIC,,9648,8707,90.2,2000-01-01,2026-05-31
88130,BUXTON,-37.418,145.708,VIC,,9648,7943,82.3,2000-01-01,2026-05-31
88131,NARBETHONG,-37.5,145.679,VIC,,9648,3403,35.3,2000-01-01,2026-05-31
88132,BARINGHUP (BLUE HILLS),-36.935,144.012,VIC,,9648,4934,51.1,2000-01-01,2026-05-31
88133,NEWBURY,-37.417,144.283,VIC,,9648,0,0.0,2000-01-01,2026-05-31
88153,SPRING CREEK BASIN TWO,-37.075,145.722,VIC,,9648,2957,30.6,2000-01-01,2026-05-31
88159,PUCKAPUNYAL RANGE CONTROL,-36.986,145.038,VIC,,9648,377,3.9,2000-01-01,2026-05-31
88162,WALLAN (KILMORE GAP),-37.381,144.965,VIC,,9648,9591,99.4,2000-01-01,2026-05-31
89000,ARARAT POST OFFICE,-37.283,142.95,VIC,,9648,0,0.0,2000-01-01,2026-05-31
89001,BALLARAT BOTANICAL GARDENS,-37.549,143.819,VIC,,9648,0,0.0,2000-01-01,2026-05-31
89002,BALLARAT AERODROME,-37.513,143.791,VIC,,9648,9608,99.6,2000-01-01,2026-05-31
89003,BALMORAL (POST OFFICE),-37.247,141.841,VIC,,9648,8354,86.6,2000-01-01,2026-05-31
89004,BARUNAH PLAINS,-38.068,143.867,VIC,,9648,0,0.0,2000-01-01,2026-05-31
89005,BEAUFORT,-37.448,143.366,VIC,,9648,6773,70.2,2000-01-01,2026-05-31
89006,BERRYBANK,-37.964,143.467,VIC,,9648,4014,41.6,2000-01-01,2026-05-31
89007,BURRUMBEET,-37.474,143.656,VIC,,9648,135,1.4,2000-01-01,2026-05-31
89009,CAVENDISH (POST OFFICE),-37.527,142.041,VIC,,9648,7501,77.7,2000-01-01,2026-05-31
89010,CRESSY,-38.03,143.633,VIC,,9648,7034,72.9,2000-01-01,2026-05-31
89011,DUNKELD,-37.655,142.345,VIC,,9648,8764,90.8,2000-01-01,2026-05-31
89012,DUNKELD (COREA SOUTH),-37.733,142.2,VIC,,9648,0,0.0,2000-01-01,2026-05-31
89013,GLENTHOMPSON (BRIE BRIE),-37.7,142.5,VIC,,9648,0,0.0,2000-01-01,2026-05-31
89014,KANAWALLA,-37.65,142.0,VIC,,9648,0,0.0,2000-01-01,2026-05-31
89016,LAKE BOLAC (POST OFFICE),-37.711,142.839,VIC,,9648,8929,92.5,2000-01-01,2026-05-31
89017,LINTON POST OFFICE,-37.683,143.567,VIC,,9648,0,0.0,2000-01-01,2026-05-31
89018,LISMORE (POST OFFICE),-37.954,143.344,VIC,,9648,8926,92.5,2000-01-01,2026-05-31
89019,MIRRANATWA (BOWACKA),-37.404,142.384,VIC,,9648,9423,97.7,2000-01-01,2026-05-31
89020,MOORALLA (WOODLEIGH),-37.4,142.1,VIC,,9648,0,0.0,2000-01-01,2026-05-31
89021,MOUNT MERCER (WOODBANK),-37.833,143.833,VIC,,9648,0,0.0,2000-01-01,2026-05-31
89022,MOUTAJUP,-37.647,142.231,VIC,,9648,9530,98.8,2000-01-01,2026-05-31
89023,PURA PURA,-37.833,143.083,VIC,,9648,0,0.0,2000-01-01,2026-05-31
89024,ROKEWOOD (KURUC A RUC),-37.9,143.7,VIC,,9648,0,0.0,2000-01-01,2026-05-31
89025,SKIPTON (GOLF COURSE),-37.69,143.37,VIC,,9648,8970,93.0,2000-01-01,2026-05-31
89026,SKIPTON (BAANGAL),-37.7,143.4,VIC,,9648,0,0.0,2000-01-01,2026-05-31
89028,SMYTHESDALE,-37.65,143.683,VIC,,9648,0,0.0,2000-01-01,2026-05-31
89029,STREATHAM,-37.683,143.067,VIC,,9648,0,0.0,2000-01-01,2026-05-31
89030,TRAWALLA,-37.474,143.468,VIC,,9648,6312,65.4,2000-01-01,2026-05-31
89031,VICTORIA VALLEY,-37.5,142.3,VIC,,9648,0,0.0,2000-01-01,2026-05-31
89032,WESTMERE (MONTREUX),-37.658,142.998,VIC,,9648,2435,25.2,2000-01-01,2026-05-31
89033,WICKLIFFE,-37.69,142.725,VIC,,9648,8295,86.0,2000-01-01,2026-05-31
89034,WILLAURA (MAIN STREET),-37.548,142.739,VIC,,9648,8655,89.7,2000-01-01,2026-05-31
89035,BEAUFORT (WONGAN),-37.616,143.163,VIC,,9648,595,6.2,2000-01-01,2026-05-31
89036,WOOHLPOOER,-37.333,142.15,VIC,,9648,0,0.0,2000-01-01,2026-05-31
89037,WILLAURA (YARRAM PARK),-37.477,142.535,VIC,,9648,2397,24.8,2000-01-01,2026-05-31
89038,BUANGOR 1,-37.367,143.183,VIC,,9648,0,0.0,2000-01-01,2026-05-31
89043,GATUM,-37.391,141.919,VIC,,9648,9087,94.2,2000-01-01,2026-05-31
89045,BUANGOR (BIRANGA),-37.406,143.056,VIC,,9648,5707,59.2,2000-01-01,2026-05-31
89046,CHEPSTOWE,-37.6,143.5,VIC,,9648,0,0.0,2000-01-01,2026-05-31
89047,ENFIELD,-37.8,143.8,VIC,,9648,0,0.0,2000-01-01,2026-05-31
89048,GLEN PARK (WHITE SWAN RESERVOIR),-37.517,143.928,VIC,,9648,9610,99.6,2000-01-01,2026-05-31
89050,BALLARAT MOUNT PLEASANT OBS.,-37.55,143.883,VIC,,9648,0,0.0,2000-01-01,2026-05-31
89052,BEAUFORT (STONELEIGH),-37.6,143.2,VIC,,9648,0,0.0,2000-01-01,2026-05-31
89056,DUNKELD,-37.7,142.3,VIC,,9648,0,0.0,2000-01-01,2026-05-31
89061,LEARMONTH,-37.4,143.7,VIC,,9648,0,0.0,2000-01-01,2026-05-31
89063,MIRRANATWA (BULLAWIN PARK),-37.4,142.383,VIC,,9648,0,0.0,2000-01-01,2026-05-31
89067,ROKEWOOD (THE MEADOWS),-38.0,143.717,VIC,,9648,0,0.0,2000-01-01,2026-05-31
89068,ROKEWOOD,-37.902,143.723,VIC,,9648,7195,74.6,2000-01-01,2026-05-31
89074,DERRINALLUM (POST OFFICE),-37.948,143.222,VIC,,9648,9630,99.8,2000-01-01,2026-05-31
89075,GLENTHOMPSON,-37.636,142.548,VIC,,9648,6680,69.2,2000-01-01,2026-05-31
89080,MAROONA (HILLENVALE),-37.377,142.811,VIC,,9648,6195,64.2,2000-01-01,2026-05-31
89082,BEAUFORT (SHEEPWASH),-37.504,143.279,VIC,,9648,8634,89.5,2000-01-01,2026-05-31
89084,WARRAMBINE CK AT WARRAMBINE,-37.933,143.867,VIC,,9648,6157,63.8,2000-01-01,2026-05-31
89085,ARARAT PRISON,-37.277,142.979,VIC,,9648,9586,99.4,2000-01-01,2026-05-31
89086,EURACK,-38.178,143.717,VIC,,9648,4940,51.2,2000-01-01,2026-05-31
89092,WARRAMBINE NO 2,-37.878,143.902,VIC,,9648,8978,93.1,2000-01-01,2026-05-31
89093,WARRAMBINE BASIN FOUR,-37.883,143.867,VIC,,9648,0,0.0,2000-01-01,2026-05-31
89094,WARRAMBINE BASIN NO 3,-37.833,143.883,VIC,,9648,0,0.0,2000-01-01,2026-05-31
89103,DERRINALLUM (CRAIGMORE),-37.971,143.219,VIC,,9648,9608,99.6,2000-01-01,2026-05-31
89105,LOOKOUT HILL,-37.282,143.247,VIC,,9648,2646,27.4,2000-01-01,2026-05-31
89106,ADDINGTON,-37.415,143.672,VIC,,9648,9590,99.4,2000-01-01,2026-05-31
90000,ALLANSFORD,-38.383,142.583,VIC,,9648,0,0.0,2000-01-01,2026-05-31
90001,APOLLO BAY,-38.759,143.674,VIC,,9648,9386,97.3,2000-01-01,2026-05-31
90002,YAMBUK (AVALON),-38.25,142.0,VIC,,9648,0,0.0,2000-01-01,2026-05-31
90003,BARRAMUNGA,-38.6,143.7,VIC,,9648,0,0.0,2000-01-01,2026-05-31
90004,BARWON DOWNS,-38.467,143.748,VIC,,9648,7758,80.4,2000-01-01,2026-05-31
90005,BEEAC (POST OFFICE),-38.195,143.64,VIC,,9648,7585,78.6,2000-01-01,2026-05-31
90006,BEECH FOREST,-38.622,143.562,VIC,,9648,1665,17.3,2000-01-01,2026-05-31
90008,BIRREGURRA (POST OFFICE),-38.337,143.784,VIC,,9648,6376,66.1,2000-01-01,2026-05-31
90009,BRANXHOLME,-37.861,141.801,VIC,,9648,1275,13.2,2000-01-01,2026-05-31
90010,BRANXHOLME (BASSETT),-37.859,141.771,VIC,,9648,9588,99.4,2000-01-01,2026-05-31
90011,CAMPERDOWN (POST OFFICE),-38.233,143.145,VIC,,9648,1060,11.0,2000-01-01,2026-05-31
90012,CAMPERDOWN (ETTRICK),-37.997,143.253,VIC,,9648,6183,64.1,2000-01-01,2026-05-31
90013,CAPE BRIDGEWATER,-38.322,141.406,VIC,,9648,9465,98.1,2000-01-01,2026-05-31
90014,CAPE NELSON LIGHTHOUSE COMPARISON,-38.432,141.542,VIC,,9648,0,0.0,2000-01-01,2026-05-31
90015,CAPE OTWAY LIGHTHOUSE,-38.856,143.513,VIC,,9648,9616,99.7,2000-01-01,2026-05-31
90016,CARAMUT (BARWIDGEE),-38.0,142.517,VIC,,9648,0,0.0,2000-01-01,2026-05-31
90018,CASTERTON POST OFFICE,-37.267,141.4,VIC,,9648,0,0.0,2000-01-01,2026-05-31
90019,CASTERTON (ROSENEATH),-37.43,141.269,VIC,,9648,8822,91.4,2000-01-01,2026-05-31
90020,CASTERTON (WARROCK),-37.435,141.343,VIC,,9648,7476,77.5,2000-01-01,2026-05-31
90021,COBDEN (POST OFFICE),-38.329,143.078,VIC,,9648,7887,81.7,2000-01-01,2026-05-31
90022,COLAC AIRPORT,-38.28,143.661,VIC,,9648,9562,99.1,2000-01-01,2026-05-31
90023,COLAC BOTANICAL GARDENS,-38.3,143.6,VIC,,9648,0,0.0,2000-01-01,2026-05-31
90024,COLERAINE HOSPITAL,-37.604,141.685,VIC,,9648,7834,81.2,2000-01-01,2026-05-31
90025,COLERAINE (TULSE HILL),-37.5,141.55,VIC,,9648,0,0.0,2000-01-01,2026-05-31
90026,COOJAR (KILLARA),-37.344,141.686,VIC,,9648,9198,95.3,2000-01-01,2026-05-31
90028,CONDAH,-38.0,141.7,VIC,,9648,0,0.0,2000-01-01,2026-05-31
90031,DARLINGTON (WARE STREET),-37.997,143.047,VIC,,9648,3328,34.5,2000-01-01,2026-05-31
90032,DARTMOOR,-37.9,141.3,VIC,,9648,0,0.0,2000-01-01,2026-05-31
90033,DERGHOLM (HILLGROVE),-37.356,141.21,VIC,,9648,9579,99.3,2000-01-01,2026-05-31
90034,DERGHOLM (DORODONG),-37.332,141.081,VIC,,9648,8258,85.6,2000-01-01,2026-05-31
90035,COLAC (MOUNT GELLIBRAND),-38.233,143.792,VIC,,9648,9267,96.1,2000-01-01,2026-05-31
90036,DRIK DRIK,-37.969,141.308,VIC,,9648,8290,85.9,2000-01-01,2026-05-31
90037,EASTERN VIEW,-38.45,144.1,VIC,,9648,0,0.0,2000-01-01,2026-05-31
90038,TYRENDARRA (ELLANGOWAN),-38.161,141.776,VIC,,9648,2395,24.8,2000-01-01,2026-05-31
90039,ELLERSLIE POST OFFICE,-38.15,142.683,VIC,,9648,0,0.0,2000-01-01,2026-05-31
90040,FORREST STATE FOREST,-38.52,143.715,VIC,,9648,4511,46.8,2000-01-01,2026-05-31
90041,GELLIBRAND RIVER EAST (LOVAT),-38.5,143.5,VIC,,9648,0,0.0,2000-01-01,2026-05-31
90042,GELLIBRAND RIVER WEST,-38.62,143.276,VIC,,9648,7122,73.8,2000-01-01,2026-05-31
90043,PORT FAIRY (GRIFFITHS ISLAND),-38.4,142.2,VIC,,9648,0,0.0,2000-01-01,2026-05-31
90044,HAMILTON,-37.733,142.017,VIC,,9648,0,0.0,2000-01-01,2026-05-31
90045,HAWKESDALE (POST OFFICE),-38.106,142.322,VIC,,9648,7838,81.2,2000-01-01,2026-05-31
90046,HAWKESDALE SHIRE OFFICE,-38.109,142.322,VIC,,9648,0,0.0,2000-01-01,2026-05-31
90047,HEYWOOD POST OFFICE,-38.1,141.633,VIC,,9648,0,0.0,2000-01-01,2026-05-31
90048,HEYWOOD FORESTRY,-38.136,141.632,VIC,,9648,2446,25.4,2000-01-01,2026-05-31
90049,JOHANNA GLEN,-38.767,143.383,VIC,,9648,0,0.0,2000-01-01,2026-05-31
90050,MOUNT RICHMOND,-38.197,141.358,VIC,,9648,3943,40.9,2000-01-01,2026-05-31
90051,KOROIT,-38.293,142.373,VIC,,9648,3521,36.5,2000-01-01,2026-05-31
90052,LAVERS HILL,-38.7,143.4,VIC,,9648,0,0.0,2000-01-01,2026-05-31
90053,LESLIE MANOR  (BOOLARRA),-38.146,143.306,VIC,,9648,335,3.5,2000-01-01,2026-05-31
90054,LORNE POST OFFICE,-38.55,143.983,VIC,,9648,0,0.0,2000-01-01,2026-05-31
90055,MACARTHUR (POST OFFICE),-38.034,142.0,VIC,,9648,7601,78.8,2000-01-01,2026-05-31
90056,MERINO (GLENORCHY ESTATE),-37.7,141.55,VIC,,9648,0,0.0,2000-01-01,2026-05-31
90057,MERINO,-37.717,141.549,VIC,,9648,7324,75.9,2000-01-01,2026-05-31
90058,MORTLAKE,-38.085,142.79,VIC,,9648,0,0.0,2000-01-01,2026-05-31
90059,NELSON,-38.033,141.018,VIC,,9648,6280,65.1,2000-01-01,2026-05-31
90060,NULLAWARRE,-38.47,142.75,VIC,,9648,9574,99.2,2000-01-01,2026-05-31
90061,PENNYROYAL CREEK,-38.421,143.835,VIC,,9648,9072,94.0,2000-01-01,2026-05-31
90062,PENSHURST (THE GUMS),-37.882,142.423,VIC,,9648,9561,99.1,2000-01-01,2026-05-31
90063,PENSHURST (POST OFFICE),-37.875,142.289,VIC,,9648,9157,94.9,2000-01-01,2026-05-31
90064,PETERBOROUGH,-38.609,142.876,VIC,,9648,0,0.0,2000-01-01,2026-05-31
90066,POOLAIJELO,-37.25,141.1,VIC,,9648,0,0.0,2000-01-01,2026-05-31
90067,PORT CAMPBELL POST OFFICE,-38.62,142.994,VIC,,9648,9281,96.2,2000-01-01,2026-05-31
90068,PORT CAMPBELL (WAARE),-38.617,142.983,VIC,,9648,0,0.0,2000-01-01,2026-05-31
90069,PORT FAIRY POST OFFICE,-38.379,142.225,VIC,,9648,0,0.0,2000-01-01,2026-05-31
90070,PORTLAND,-38.345,141.59,VIC,,9648,6395,66.3,2000-01-01,2026-05-31
90071,PRINCETOWN,-38.694,143.156,VIC,,9648,5758,59.7,2000-01-01,2026-05-31
90072,PURALKA,-37.8,141.1,VIC,,9648,0,0.0,2000-01-01,2026-05-31
90073,PRINCETOWN (RIVERNOOK),-38.75,143.2,VIC,,9648,0,0.0,2000-01-01,2026-05-31
90074,STRATHDOWNIE (MULGA),-37.7,141.2,VIC,,9648,0,0.0,2000-01-01,2026-05-31
90075,TAHARA,-37.716,141.699,VIC,,9648,0,0.0,2000-01-01,2026-05-31
90076,TANYBRYN,-38.66,143.703,VIC,,9648,9432,97.8,2000-01-01,2026-05-31
90077,TERANG,-38.236,142.917,VIC,,9648,8987,93.1,2000-01-01,2026-05-31
90078,TERANG (SUNNYSIDE),-38.2,142.9,VIC,,9648,0,0.0,2000-01-01,2026-05-31
90079,TIMBOON,-38.488,142.979,VIC,,9648,6134,63.6,2000-01-01,2026-05-31
90080,WARRION,-38.213,143.553,VIC,,9648,8357,86.6,2000-01-01,2026-05-31
90081,WARRNAMBOOL SHIRE OFFICE,-38.373,142.469,VIC,,9648,0,0.0,2000-01-01,2026-05-31
90082,WARRNAMBOOL (POST OFFICE),-38.384,142.481,VIC,,9648,0,0.0,2000-01-01,2026-05-31
90083,WEEAPROINAH,-38.636,143.513,VIC,,9648,4400,45.6,2000-01-01,2026-05-31
90084,WOOLSTHORPE,-38.183,142.468,VIC,,9648,8344,86.5,2000-01-01,2026-05-31
90085,KOLORA (WOORIWYRITE),-38.083,142.992,VIC,,9648,8172,84.7,2000-01-01,2026-05-31
90087,WYELANGTA,-38.664,143.45,VIC,,9648,7033,72.9,2000-01-01,2026-05-31
90088,YATCHAW (AMAROO),-37.81,142.13,VIC,,9648,6852,71.0,2000-01-01,2026-05-31
90089,TIRRENGOWER,-38.4,143.4,VIC,,9648,0,0.0,2000-01-01,2026-05-31
90091,CHETWYND,-37.3,141.4,VIC,,9648,0,0.0,2000-01-01,2026-05-31
90092,RENNICK,-37.841,140.972,VIC,,9648,667,6.9,2000-01-01,2026-05-31
90093,HORDERN VALE,-38.755,143.51,VIC,,9648,9213,95.5,2000-01-01,2026-05-31
90094,CARAPOOK (THE GUMS),-37.6,141.5,VIC,,9648,0,0.0,2000-01-01,2026-05-31
90095,COLERAINE (MELVILLE FOREST),-37.526,141.817,VIC,,9648,8657,89.7,2000-01-01,2026-05-31
90103,HAMILTON RESEARCH STATION,-37.825,142.064,VIC,,9648,165,1.7,2000-01-01,2026-05-31
90105,STRATHDOWNIE,-37.742,141.066,VIC,,9648,9509,98.6,2000-01-01,2026-05-31
90122,MACARTHUR (GLENHUNTLY),-38.1,142.0,VIC,,9648,0,0.0,2000-01-01,2026-05-31
90128,TOMAHAWK CREEK (IRREWILLIPE EAST),-38.4,143.5,VIC,,9648,0,0.0,2000-01-01,2026-05-31
90134,GELLIBRAND RIVER FORESTRY,-38.53,143.539,VIC,,9648,3909,40.5,2000-01-01,2026-05-31
90135,CASTERTON SHOWGROUNDS,-37.591,141.412,VIC,,9648,6515,67.5,2000-01-01,2026-05-31
90136,CARAMUT,-37.957,142.519,VIC,,9648,4099,42.5,2000-01-01,2026-05-31
90138,IRREWILLIPE (TOMAHAWK CREEK),-38.446,143.662,VIC,,9648,9444,97.9,2000-01-01,2026-05-31
90139,CHAPPLE VALE,-38.65,143.3,VIC,,9648,0,0.0,2000-01-01,2026-05-31
90147,COLAC (SHIRE OFFICE),-38.343,143.585,VIC,,9648,7089,73.5,2000-01-01,2026-05-31
90148,LORNE PIER HEAD,-38.533,143.983,VIC,,9648,0,0.0,2000-01-01,2026-05-31
90153,CAMPERDOWN  DONALDS HILL,-38.255,143.126,VIC,,9648,7921,82.1,2000-01-01,2026-05-31
90162,PORTLAND AERO,-38.383,141.633,VIC,,9648,0,0.0,2000-01-01,2026-05-31
90165,SIMPSON SOUTH,-38.565,143.182,VIC,,9648,9343,96.8,2000-01-01,2026-05-31
90167,WINCHELSEA (POST OFFICE),-38.243,143.989,VIC,,9648,7518,77.9,2000-01-01,2026-05-31
90168,LORNE COUNTRY CLUB,-38.526,143.972,VIC,,9648,451,4.7,2000-01-01,2026-05-31
90171,PORTLAND AIRPORT,-38.315,141.47,VIC,,9648,9568,99.2,2000-01-01,2026-05-31
90172,WARRNAMBOOL AIRPORT,-38.292,142.435,VIC,,9648,275,2.9,2000-01-01,2026-05-31
90173,HAMILTON AIRPORT,-37.649,142.064,VIC,,9648,9577,99.3,2000-01-01,2026-05-31
90174,COLAC (ELLIMINYT),-38.393,143.596,VIC,,9648,0,0.0,2000-01-01,2026-05-31
90175,PORT FAIRY AWS,-38.391,142.235,VIC,,9648,9482,98.3,2000-01-01,2026-05-31
90176,MORTLAKE RACECOURSE,-38.074,142.774,VIC,,9648,9586,99.4,2000-01-01,2026-05-31
90180,AIREYS INLET,-38.458,144.088,VIC,,9648,9561,99.1,2000-01-01,2026-05-31
90184,CAPE NELSON LIGHTHOUSE,-38.431,141.544,VIC,,9648,9578,99.3,2000-01-01,2026-05-31
90186,WARRNAMBOOL AIRPORT NDB,-38.287,142.452,VIC,,9648,9592,99.4,2000-01-01,2026-05-31
91000,DELORAINE (ATHOL),-41.521,146.716,TAS,,9648,4405,45.7,2000-01-01,2026-05-31
91001,BEACONSFIELD (MINE & HERITAGE CENTRE),-41.202,146.815,TAS,,9648,9511,98.6,2000-01-01,2026-05-31
91002,BLACKWOOD CREEK (KOPANICA),-41.751,146.899,TAS,,9648,3437,35.6,2000-01-01,2026-05-31
91004,BRANXHOLM (ROWLINGS ROAD),-41.167,147.742,TAS,,9648,2611,27.1,2000-01-01,2026-05-31
91006,BRID FARM,-41.2,147.5,TAS,,9648,0,0.0,2000-01-01,2026-05-31
91007,BRIDPORT POST OFFICE,-41.007,147.392,TAS,,9648,928,9.6,2000-01-01,2026-05-31
91009,BURNIE (ROUND HILL),-41.066,145.943,TAS,,9648,6627,68.7,2000-01-01,2026-05-31
91010,BURNIE (NO 1),-41.05,145.9,TAS,,9648,0,0.0,2000-01-01,2026-05-31
91011,CAPE GRIM (WOOLNORTH),-40.684,144.718,TAS,,9648,7169,74.3,2000-01-01,2026-05-31
91013,CARRICK (OAKS ROAD),-41.543,146.993,TAS,,9648,171,1.8,2000-01-01,2026-05-31
91015,CASTRA UPPER,-41.335,146.13,TAS,,9648,0,0.0,2000-01-01,2026-05-31
91016,CAVESIDE,-41.614,146.459,TAS,,9648,0,0.0,2000-01-01,2026-05-31
91017,CASTRA CENTRAL,-41.3,146.1,TAS,,9648,0,0.0,2000-01-01,2026-05-31
91019,CONNORVILLE (LAKE RIVER),-41.814,147.092,TAS,,9648,9422,97.7,2000-01-01,2026-05-31
91020,CRESSY POST OFFICE,-41.7,147.083,TAS,,9648,0,0.0,2000-01-01,2026-05-31
91021,CRESSY HOUSE,-41.661,147.101,TAS,,9648,9019,93.5,2000-01-01,2026-05-31
91022,CRESSY RESEARCH STATION (MAIN OFFICE),-41.722,147.081,TAS,,9648,7836,81.2,2000-01-01,2026-05-31
91024,DERBY POST OFFICE,-41.145,147.8,TAS,,9648,0,0.0,2000-01-01,2026-05-31
91025,DEVONPORT HARBOUR MASTER,-41.167,146.362,TAS,,9648,0,0.0,2000-01-01,2026-05-31
91029,DUNORLAN (SHARMANS ROAD),-41.498,146.535,TAS,,9648,8943,92.7,2000-01-01,2026-05-31
91030,ELLIOTT RESEARCH STATION,-41.083,145.773,TAS,,9648,3056,31.7,2000-01-01,2026-05-31
91032,EPPING FOREST (FORTON),-41.725,147.321,TAS,,9648,9567,99.2,2000-01-01,2026-05-31
91033,FRANKFORD (ROSSVILLE),-41.32,146.738,TAS,,9648,7010,72.7,2000-01-01,2026-05-31
91034,SOUTH FOREST (PLUMMERS ROAD),-40.884,145.216,TAS,,9648,9377,97.2,2000-01-01,2026-05-31
91036,GLENGARRY (WEST TAMAR),-41.3,146.9,TAS,,9648,0,0.0,2000-01-01,2026-05-31
91037,GLENGARRY (NO3),-41.345,146.948,TAS,,9648,0,0.0,2000-01-01,2026-05-31
91038,GOLDEN VALLEY,-41.633,146.7,TAS,,9648,0,0.0,2000-01-01,2026-05-31
91039,NORTHDOWN (HAMLEY),-41.184,146.482,TAS,,9648,9278,96.2,2000-01-01,2026-05-31
91040,HAMPSHIRE (NEENA ROAD),-41.247,145.773,TAS,,9648,8284,85.9,2000-01-01,2026-05-31
91041,HILLWOOD (HILLWOODVILLE),-41.238,146.995,TAS,,9648,9116,94.5,2000-01-01,2026-05-31
91042,KINDRED (INVERGORDON),-41.217,146.233,TAS,,9648,0,0.0,2000-01-01,2026-05-31
91044,IRISHTOWN,-40.914,145.145,TAS,,9648,6238,64.7,2000-01-01,2026-05-31
91045,JETSONVILLE ( MUSKFIELD ),-41.133,147.481,TAS,,9648,6108,63.3,2000-01-01,2026-05-31
91046,KELSO,-41.083,146.733,TAS,,9648,0,0.0,2000-01-01,2026-05-31
91048,LATROBE (COAL ROAD),-41.251,146.398,TAS,,9648,5502,57.0,2000-01-01,2026-05-31
91049,LAUNCESTON (CITY),-41.426,147.128,TAS,,9648,0,0.0,2000-01-01,2026-05-31
91051,LEFROY,-41.1,147.0,TAS,,9648,0,0.0,2000-01-01,2026-05-31
91052,LIFFEY,-41.685,146.847,TAS,,9648,0,0.0,2000-01-01,2026-05-31
91053,LILYDALE POST OFFICE,-41.25,147.217,TAS,,9648,5519,57.2,2000-01-01,2026-05-31
91054,LONGFORD (DENTON CLOSE),-41.592,147.12,TAS,,9648,6211,64.4,2000-01-01,2026-05-31
91055,LORINNA,-41.541,146.136,TAS,,9648,9322,96.6,2000-01-01,2026-05-31
91056,LOWANA,-41.3,146.0,TAS,,9648,0,0.0,2000-01-01,2026-05-31
91057,LOW HEAD (COMPARISON),-41.057,146.788,TAS,,9648,706,7.3,2000-01-01,2026-05-31
91058,MARRAWAH (STATE SCHOOL),-40.95,144.7,TAS,,9648,0,0.0,2000-01-01,2026-05-31
91060,MAWBANNA (MAWBANNA ROAD),-40.905,145.349,TAS,,9648,8969,93.0,2000-01-01,2026-05-31
91061,MEANDER,-41.649,146.614,TAS,,9648,6619,68.6,2000-01-01,2026-05-31
91064,MOINA,-41.484,146.075,TAS,,9648,2716,28.2,2000-01-01,2026-05-31
91065,MOLE CREEK,-41.555,146.399,TAS,,9648,5380,55.8,2000-01-01,2026-05-31
91066,MOORLEAH (PREOLENNA ROAD),-40.994,145.611,TAS,,9648,1304,13.5,2000-01-01,2026-05-31
91068,MUSSELBORO (APPLICO),-41.45,147.433,TAS,,9648,0,0.0,2000-01-01,2026-05-31
91069,MYRTLE BANK (LANOMA),-41.267,147.35,TAS,,9648,0,0.0,2000-01-01,2026-05-31
91070,NABOWLA,-41.167,147.367,TAS,,9648,0,0.0,2000-01-01,2026-05-31
91072,LAUNCESTON (KINGS MEADOWS),-41.466,147.164,TAS,,9648,8560,88.7,2000-01-01,2026-05-31
91073,SOUTH NIETTA,-41.408,146.078,TAS,,9648,0,0.0,2000-01-01,2026-05-31
91074,EDITH CREEK,-40.991,145.078,TAS,,9648,2677,27.7,2000-01-01,2026-05-31
91077,DEDDINGTON (MARATHON),-41.575,147.451,TAS,,9648,8247,85.5,2000-01-01,2026-05-31
91079,PREOLENNA,-41.087,145.552,TAS,,9648,576,6.0,2000-01-01,2026-05-31
91080,QUOIBA,-41.208,146.347,TAS,,9648,0,0.0,2000-01-01,2026-05-31
91081,RAILTON (CEMENT AUSTRALIA),-41.332,146.415,TAS,,9648,2748,28.5,2000-01-01,2026-05-31
91082,REDPA (GREENES ROAD),-40.927,144.749,TAS,,9648,6195,64.2,2000-01-01,2026-05-31
91084,EVANDALE (RIDGESIDE),-41.5,147.3,TAS,,9648,0,0.0,2000-01-01,2026-05-31
91085,RIDGLEY,-41.15,145.834,TAS,,9648,0,0.0,2000-01-01,2026-05-31
91086,RINGAROOMA (MAIN STREET),-41.244,147.735,TAS,,9648,8745,90.6,2000-01-01,2026-05-31
91087,NEWNHAM (ROCHERLEA),-41.383,147.117,TAS,,9648,0,0.0,2000-01-01,2026-05-31
91088,ST PATRICKS RIVER (TARGA FARM),-41.33,147.355,TAS,,9648,5557,57.6,2000-01-01,2026-05-31
91089,SCOTTSDALE,-41.15,147.5,TAS,,9648,0,0.0,2000-01-01,2026-05-31
91090,SELBOURNE (KIRNBRAE),-41.447,146.874,TAS,,9648,9396,97.4,2000-01-01,2026-05-31
91091,SHEFFIELD,-41.383,146.328,TAS,,9648,0,0.0,2000-01-01,2026-05-31
91092,SMITHTON (GRANT STREET),-40.849,145.113,TAS,,9648,0,0.0,2000-01-01,2026-05-31
91093,SOUTH SPRINGFIELD (SOUTH SPRINGFIELD FOR,-41.267,147.5,TAS,,9648,0,0.0,2000-01-01,2026-05-31
91094,STANLEY POST OFFICE,-40.764,145.294,TAS,,9648,0,0.0,2000-01-01,2026-05-31
91095,WINDERMERE (ACACIA HOUSE),-41.313,147.028,TAS,,9648,7303,75.7,2000-01-01,2026-05-31
91096,WEST TAKONE,-41.2,145.5,TAS,,9648,0,0.0,2000-01-01,2026-05-31
91097,TAKONE,-41.183,145.617,TAS,,9648,0,0.0,2000-01-01,2026-05-31
91099,TEWKESBURY,-41.231,145.706,TAS,,9648,0,0.0,2000-01-01,2026-05-31
91102,ULVERSTONE (KNIGHTS ROAD),-41.16,146.145,TAS,,9648,6013,62.3,2000-01-01,2026-05-31
91103,WESTBURY (VALLEY VIEW),-41.524,146.812,TAS,,9648,5232,54.2,2000-01-01,2026-05-31
91104,LAUNCESTON AIRPORT COMPARISON,-41.54,147.203,TAS,,9648,3248,33.7,2000-01-01,2026-05-31
91105,WILMOT (BACK ROAD),-41.37,146.172,TAS,,9648,5302,55.0,2000-01-01,2026-05-31
91106,WOOLMERS SETTLEMENT,-41.7,147.2,TAS,,9648,0,0.0,2000-01-01,2026-05-31
91107,WYNYARD AIRPORT,-40.996,145.731,TAS,,9648,9456,98.0,2000-01-01,2026-05-31
91108,WYNYARD STATE SCHOOL,-41.0,145.7,TAS,,9648,0,0.0,2000-01-01,2026-05-31
91109,YOLLA (SEA VIEW),-41.142,145.706,TAS,,9648,9616,99.7,2000-01-01,2026-05-31
91111,DEVONPORT,-41.183,146.367,TAS,,9648,0,0.0,2000-01-01,2026-05-31
91112,WYNYARD (JACKSON STREET),-40.994,145.729,TAS,,9648,0,0.0,2000-01-01,2026-05-31
91116,SCOTTSDALE (KRAFT FOODS),-41.15,147.517,TAS,,9648,0,0.0,2000-01-01,2026-05-31
91118,EVANDALE (CAMBOCK LANE),-41.566,147.244,TAS,,9648,6845,70.9,2000-01-01,2026-05-31
91119,ERRIBA (CRADLE MOUNTAIN ROAD),-41.451,146.109,TAS,,9648,148,1.5,2000-01-01,2026-05-31
91121,WATERHOUSE(BAROOGA),-40.943,147.592,TAS,,9648,8174,84.7,2000-01-01,2026-05-31
91123,LAUNCESTON (MOUNT PLEASANT),-41.467,147.15,TAS,,9648,0,0.0,2000-01-01,2026-05-31
91126,DEVONPORT AIRPORT,-41.17,146.429,TAS,,9648,9571,99.2,2000-01-01,2026-05-31
91127,BRACKNELL (ELIZABETH STREET),-41.647,146.928,TAS,,9648,3395,35.2,2000-01-01,2026-05-31
91128,MONTAGU (MONTAGU ROAD),-40.777,144.959,TAS,,9648,5782,59.9,2000-01-01,2026-05-31
91129,SOUTH RIANA,-41.25,145.964,TAS,,9648,2094,21.7,2000-01-01,2026-05-31
91131,MOUNT BARROW,-41.4,147.417,TAS,,9648,0,0.0,2000-01-01,2026-05-31
91135,DETENTION RIVER,-40.9,145.483,TAS,,9648,0,0.0,2000-01-01,2026-05-31
91137,BLACK RIVER,-40.9,145.3,TAS,,9648,0,0.0,2000-01-01,2026-05-31
91149,KIMBERLEY (SIDING),-41.4,146.495,TAS,,9648,8818,91.4,2000-01-01,2026-05-31
91150,WESTERN CREEK (SOMER HILL),-41.642,146.524,TAS,,9648,9407,97.5,2000-01-01,2026-05-31
91151,LIENA (OLD SCHOOL HOUSE),-41.554,146.224,TAS,,9648,3028,31.4,2000-01-01,2026-05-31
91153,BARRINGTON POST OFFICE,-41.336,146.28,TAS,,9648,9350,96.9,2000-01-01,2026-05-31
91156,WEETAH (WEETAH ROAD),-41.472,146.646,TAS,,9648,9418,97.6,2000-01-01,2026-05-31
91161,PARKHAM (AVENUE ROAD),-41.389,146.586,TAS,,9648,8951,92.8,2000-01-01,2026-05-31
91166,LAUNCESTON (TREVALLYN),-41.425,147.111,TAS,,9648,0,0.0,2000-01-01,2026-05-31
91167,PERTH (MIDLAND HIGHWAY),-41.578,147.183,TAS,,9648,8613,89.3,2000-01-01,2026-05-31
91171,EAST SASSAFRAS (ELPHIN GROVE),-41.271,146.548,TAS,,9648,9353,96.9,2000-01-01,2026-05-31
91173,TOMAHAWK (CARISBROOKE),-40.916,147.774,TAS,,9648,9330,96.7,2000-01-01,2026-05-31
91179,LAUNCESTON (RADIO STATION 7EX),-41.45,147.15,TAS,,9648,0,0.0,2000-01-01,2026-05-31
91181,LAUNCESTON (DISTILLERY CREEK),-41.432,147.208,TAS,,9648,5999,62.2,2000-01-01,2026-05-31
91185,HAGLEY (FAIRBANK),-41.551,146.901,TAS,,9648,9427,97.7,2000-01-01,2026-05-31
91186,FORTHSIDE RESEARCH STATION,-41.204,146.265,TAS,,9648,6188,64.1,2000-01-01,2026-05-31
91187,DELORAINE (GODERICK),-41.517,146.633,TAS,,9648,0,0.0,2000-01-01,2026-05-31
91192,SYMMONS PLAINS (SOUTH ESK RIVER),-41.636,147.265,TAS,,9648,3377,35.0,2000-01-01,2026-05-31
91193,GEORGE TOWN,-41.117,146.833,TAS,,9648,0,0.0,2000-01-01,2026-05-31
91195,MOLTEMA (CRAYTHORNE),-41.45,146.517,TAS,,9648,0,0.0,2000-01-01,2026-05-31
91197,MUSSELBORO (ELVERTON),-41.486,147.439,TAS,,9648,9271,96.1,2000-01-01,2026-05-31
91208,TOGARI (RENISON ROAD),-40.915,144.868,TAS,,9648,3004,31.1,2000-01-01,2026-05-31
91211,DELORAINE EAST,-41.533,146.65,TAS,,9648,0,0.0,2000-01-01,2026-05-31
91218,LAUNCESTON (ELPHIN),-41.45,147.167,TAS,,9648,0,0.0,2000-01-01,2026-05-31
91219,SCOTTSDALE (WEST MINSTONE ROAD),-41.171,147.488,TAS,,9648,9592,99.4,2000-01-01,2026-05-31
91223,MARRAWAH,-40.909,144.709,TAS,,9648,9434,97.8,2000-01-01,2026-05-31
91224,SMITHTON AERODROME,-40.833,145.083,TAS,,9648,0,0.0,2000-01-01,2026-05-31
91225,BURNS CREEK (JANEFIELD),-41.476,147.492,TAS,,9648,6088,63.1,2000-01-01,2026-05-31
91232,DEVONPORT EAST,-41.18,146.382,TAS,,9648,0,0.0,2000-01-01,2026-05-31
91237,LAUNCESTON (TI TREE BEND),-41.419,147.122,TAS,,9648,9603,99.5,2000-01-01,2026-05-31
91240,GUNNS PLAINS,-41.3,145.983,TAS,,9648,0,0.0,2000-01-01,2026-05-31
91245,CAPE GRIM BAPS (COMPARISON),-40.683,144.69,TAS,,9648,8401,87.1,2000-01-01,2026-05-31
91246,SCOTTSDALE (FORESTRY),-41.161,147.516,TAS,,9648,579,6.0,2000-01-01,2026-05-31
91259,LUNCHEON HILL (FORESTRY),-41.149,145.152,TAS,,9648,9478,98.2,2000-01-01,2026-05-31
91262,BELL BAY (TEMCO),-41.133,146.846,TAS,,9648,9446,97.9,2000-01-01,2026-05-31
91269,POWRANNA (TASMANIA FEEDLOT),-41.684,147.283,TAS,,9648,3107,32.2,2000-01-01,2026-05-31
91284,BRIDPORT (SEA VIEW VILLAS),-41.002,147.387,TAS,,9648,6542,67.8,2000-01-01,2026-05-31
91291,SHEFFIELD SCHOOL FARM,-41.389,146.317,TAS,,9648,9425,97.7,2000-01-01,2026-05-31
91292,SMITHTON AERODROME,-40.835,145.085,TAS,,9648,9582,99.3,2000-01-01,2026-05-31
91293,LOW HEAD,-41.055,146.787,TAS,,9648,9558,99.1,2000-01-01,2026-05-31
91306,CRESSY RESEARCH STATION,-41.726,147.079,TAS,,9648,8191,84.9,2000-01-01,2026-05-31
92000,ROSSARDEN (ABERFOYLE),-41.667,147.75,TAS,,9648,0,0.0,2000-01-01,2026-05-31
92001,APSLAWN,-41.953,148.184,TAS,,9648,9332,96.7,2000-01-01,2026-05-31
92002,AVOCA (RAILWAY HOUSE),-41.779,147.722,TAS,,9648,8042,83.4,2000-01-01,2026-05-31
92003,BICHENO (COUNCIL DEPOT),-41.874,148.304,TAS,,9648,9074,94.1,2000-01-01,2026-05-31
92004,BLESSINGTON UPPER,-41.45,147.6,TAS,,9648,0,0.0,2000-01-01,2026-05-31
92005,BREAM CREEK (STROUD),-42.809,147.83,TAS,,9648,6162,63.9,2000-01-01,2026-05-31
92006,BUCKLAND (BROCKLEY),-42.585,147.791,TAS,,9648,6517,67.5,2000-01-01,2026-05-31
92007,CHAIN OF LAGOONS,-41.671,148.284,TAS,,9648,4847,50.2,2000-01-01,2026-05-31
92008,CRANBROOK (CRANBROOK HOUSE),-42.012,148.075,TAS,,9648,8410,87.2,2000-01-01,2026-05-31
92009,ST MARYS (CULLENSWOOD),-41.589,148.134,TAS,,9648,5795,60.1,2000-01-01,2026-05-31
92010,MARIA ISLAND (DARLINGTON),-42.584,148.064,TAS,,9648,9001,93.3,2000-01-01,2026-05-31
92011,GLADSTONE (OLD POST OFFICE),-40.959,148.009,TAS,,9648,9494,98.4,2000-01-01,2026-05-31
92012,FINGAL (LEGGE STREET),-41.643,147.966,TAS,,9648,7517,77.9,2000-01-01,2026-05-31
92013,MOORINA (FROME DAM),-41.133,147.909,TAS,,9648,3130,32.4,2000-01-01,2026-05-31
92014,GERMAN TOWN,-41.531,148.197,TAS,,9648,7952,82.4,2000-01-01,2026-05-31
92016,GOULDS COUNTRY POST OFFICE,-41.25,148.05,TAS,,9648,0,0.0,2000-01-01,2026-05-31
92017,KELLEVIE,-42.786,147.809,TAS,,9648,9137,94.7,2000-01-01,2026-05-31
92018,SWANSEA (KELVEDON),-42.199,148.044,TAS,,9648,5563,57.7,2000-01-01,2026-05-31
92019,LAKE LEAKE (ELIZABETH RIVER),-42.007,147.798,TAS,,9648,8222,85.2,2000-01-01,2026-05-31
92020,LEWIS HILL (ST PAULS RIVER),-41.82,147.955,TAS,,9648,9544,98.9,2000-01-01,2026-05-31
92021,LITTLE SWANPORT (LISDILLON),-42.289,148.001,TAS,,9648,5084,52.7,2000-01-01,2026-05-31
92022,LOTTAH,-41.22,148.0,TAS,,9648,0,0.0,2000-01-01,2026-05-31
92024,MATHINNA (FINGAL ROAD),-41.47,147.892,TAS,,9648,8252,85.5,2000-01-01,2026-05-31
92026,NUGENT,-42.717,147.75,TAS,,9648,0,0.0,2000-01-01,2026-05-31
92027,ORFORD (AUBIN COURT),-42.552,147.875,TAS,,9648,8246,85.5,2000-01-01,2026-05-31
92028,ORFORD SOUTH,-42.585,147.913,TAS,,9648,8671,89.9,2000-01-01,2026-05-31
92029,ORMLEY,-41.72,147.824,TAS,,9648,9128,94.6,2000-01-01,2026-05-31
92030,PIONEER (MAIN ROAD),-41.083,147.935,TAS,,9648,9197,95.3,2000-01-01,2026-05-31
92031,RAVENSDALE,-42.362,147.94,TAS,,9648,6185,64.1,2000-01-01,2026-05-31
92032,ORFORD (RHEBAN),-42.633,147.933,TAS,,9648,0,0.0,2000-01-01,2026-05-31
92033,ST HELENS POST OFFICE,-41.322,148.249,TAS,,9648,754,7.8,2000-01-01,2026-05-31
92034,ST MARYS (CLIVE STREET),-41.582,148.183,TAS,,9648,3757,38.9,2000-01-01,2026-05-31
92035,UPPER SCAMANDER,-41.45,148.2,TAS,,9648,0,0.0,2000-01-01,2026-05-31
92036,STONEHENGE,-42.383,147.6,TAS,,9648,0,0.0,2000-01-01,2026-05-31
92038,SWANSEA POST OFFICE,-42.124,148.073,TAS,,9648,3175,32.9,2000-01-01,2026-05-31
92041,SWANSEA (THE GRANGE),-42.047,148.06,TAS,,9648,0,0.0,2000-01-01,2026-05-31
92042,TOWER HILL,-41.533,147.867,TAS,,9648,0,0.0,2000-01-01,2026-05-31
92043,TRIABUNNA (3 BOYLE STREET),-42.511,147.919,TAS,,9648,0,0.0,2000-01-01,2026-05-31
92045,LARAPUNA (EDDYSTONE POINT),-40.993,148.347,TAS,,9648,9532,98.8,2000-01-01,2026-05-31
92047,STONEHOUSE,-42.268,147.694,TAS,,9648,8706,90.2,2000-01-01,2026-05-31
92048,SOUTH MOUNT CAMERON (GLADSTONE ROAD),-41.023,147.958,TAS,,9648,8015,83.1,2000-01-01,2026-05-31
92051,PYENGANA (FOREST LODGE ROAD),-41.27,147.949,TAS,,9648,9355,97.0,2000-01-01,2026-05-31
92052,GRAY (CRAIGIE-LEA),-41.623,148.221,TAS,,9648,2308,23.9,2000-01-01,2026-05-31
92053,COLES BAY (FREYCINET),-42.125,148.303,TAS,,9648,8731,90.5,2000-01-01,2026-05-31
92060,BOOBYALLA,-40.883,147.882,TAS,,9648,177,1.8,2000-01-01,2026-05-31
92067,RUSHY LAGOON (CAPE PORTLAND ROAD),-40.859,148.018,TAS,,9648,7672,79.5,2000-01-01,2026-05-31
92074,COPPING,-42.824,147.806,TAS,,9648,4542,47.1,2000-01-01,2026-05-31
92076,FALMOUTH (GLENCOE),-41.513,148.264,TAS,,9648,4334,44.9,2000-01-01,2026-05-31
92079,TOOMS LAKE (TOOMS RIVER),-42.213,147.783,TAS,,9648,8097,83.9,2000-01-01,2026-05-31
92081,UPPER BLESSINGTON (HEATHCOTE),-41.459,147.576,TAS,,9648,4055,42.0,2000-01-01,2026-05-31
92083,ROSES TIER (MEMORY ROAD WEST),-41.426,147.651,TAS,,9648,723,7.5,2000-01-01,2026-05-31
92085,LAKE LEAKE (CHALET),-42.01,147.793,TAS,,9648,0,0.0,2000-01-01,2026-05-31
92094,SCAMANDER,-41.464,148.264,TAS,,9648,4806,49.8,2000-01-01,2026-05-31
92097,BICHENO (THE HOMESTEAD),-41.867,148.283,TAS,,9648,0,0.0,2000-01-01,2026-05-31
92100,STORYS CREEK (STORYS CREEK ROAD),-41.635,147.729,TAS,,9648,0,0.0,2000-01-01,2026-05-31
92114,FRIENDLY BEACHES,-41.995,148.279,TAS,,9648,9379,97.2,2000-01-01,2026-05-31
92120,ST HELENS AERODROME,-41.338,148.279,TAS,,9648,8974,93.0,2000-01-01,2026-05-31
92123,SWAN ISLAND,-40.729,148.125,TAS,,9648,8648,89.6,2000-01-01,2026-05-31
93000,ANDOVER,-42.35,147.5,TAS,,9648,0,0.0,2000-01-01,2026-05-31
93001,OATLANDS (BOW HILL),-42.283,147.233,TAS,,9648,0,0.0,2000-01-01,2026-05-31
93002,JERICHO (BOWSDEN),-42.394,147.305,TAS,,9648,6953,72.1,2000-01-01,2026-05-31
93003,CAMPBELL TOWN POST OFFICE,-41.931,147.493,TAS,,9648,0,0.0,2000-01-01,2026-05-31
93004,CAMPBELL TOWN (QUORN HALL),-41.967,147.517,TAS,,9648,0,0.0,2000-01-01,2026-05-31
93006,ROSS (ELLINTHORP),-42.028,147.33,TAS,,9648,0,0.0,2000-01-01,2026-05-31
93007,YORK PLAINS (HANDROYD),-42.265,147.535,TAS,,9648,9456,98.0,2000-01-01,2026-05-31
93008,CAMPBELL TOWN (GREENHILL),-41.863,147.301,TAS,,9648,7157,74.2,2000-01-01,2026-05-31
93010,TUNBRIDGE (MELROSE),-42.133,147.383,TAS,,9648,0,0.0,2000-01-01,2026-05-31
93012,MOUNT SEYMOUR (OVERTON),-42.4,147.433,TAS,,9648,0,0.0,2000-01-01,2026-05-31
93013,JERICHO (NORTHUMBRIA),-42.375,147.286,TAS,,9648,1240,12.9,2000-01-01,2026-05-31
93014,OATLANDS POST OFFICE,-42.301,147.371,TAS,,9648,8526,88.4,2000-01-01,2026-05-31
93016,WOODBURY (WARRINGA),-42.176,147.388,TAS,,9648,9379,97.2,2000-01-01,2026-05-31
93018,VIEWPOINT,-41.85,147.2,TAS,,9648,0,0.0,2000-01-01,2026-05-31
93019,WOODBURY (THE BRAES),-42.193,147.478,TAS,,9648,31,0.3,2000-01-01,2026-05-31
93021,POATINA (BILLOPP),-41.815,147.02,TAS,,9648,4963,51.4,2000-01-01,2026-05-31
93025,ROSS (MACQUARIE RIVER),-42.033,147.49,TAS,,9648,0,0.0,2000-01-01,2026-05-31
93026,MORNINGSIDE (MACQUARIE RIVER),-41.911,147.39,TAS,,9648,1916,19.9,2000-01-01,2026-05-31
93027,PALMERSTON,-41.79,146.989,TAS,,9648,0,0.0,2000-01-01,2026-05-31
93035,ROSS (ROSE VILLA),-41.974,147.277,TAS,,9648,9471,98.2,2000-01-01,2026-05-31
93036,CAMPBELL TOWN,-41.933,147.483,TAS,,9648,0,0.0,2000-01-01,2026-05-31
93040,ROTHERWOOD,-42.307,147.167,TAS,,9648,8349,86.5,2000-01-01,2026-05-31
93041,ROSS (MOUNT MORRISTON),-42.163,147.575,TAS,,9648,2688,27.9,2000-01-01,2026-05-31
93042,WOODBURY (WARRINGA OLD TIER ROAD),-42.162,147.324,TAS,,9648,7247,75.1,2000-01-01,2026-05-31
93053,ROSS (THE BOULEVARDS),-42.025,147.495,TAS,,9648,9547,99.0,2000-01-01,2026-05-31
94001,APSLEY (PARKI),-42.416,147.135,TAS,,9648,9601,99.5,2000-01-01,2026-05-31
94002,BAGDAD POST OFFICE,-42.632,147.223,TAS,,9648,3623,37.6,2000-01-01,2026-05-31
94003,BAGDAD,-42.6,147.2,TAS,,9648,0,0.0,2000-01-01,2026-05-31
94004,BELLERIVE (FORT STREET),-42.882,147.378,TAS,,9648,0,0.0,2000-01-01,2026-05-31
94005,BRIDGEWATER (TREATMENT PLANT),-42.742,147.239,TAS,,9648,8816,91.4,2000-01-01,2026-05-31
94006,BRIGHTON,-42.7,147.3,TAS,,9648,0,0.0,2000-01-01,2026-05-31
94007,CAMBRIDGE AERODROME,-42.833,147.483,TAS,,9648,0,0.0,2000-01-01,2026-05-31
94008,HOBART AIRPORT WEST,-42.834,147.503,TAS,,9648,8243,85.4,2000-01-01,2026-05-31
94009,CAMPANIA (THE PINES),-42.663,147.433,TAS,,9648,0,0.0,2000-01-01,2026-05-31
94010,CAPE BRUNY LIGHTHOUSE,-43.489,147.145,TAS,,9648,8911,92.4,2000-01-01,2026-05-31
94012,RICHMOND (LOWLANDS),-42.741,147.445,TAS,,9648,6822,70.7,2000-01-01,2026-05-31
94014,COLEBROOK (THE MEADOWS),-42.521,147.357,TAS,,9648,5914,61.3,2000-01-01,2026-05-31
94016,OLD BEACH (COMPTON),-42.78,147.27,TAS,,9648,0,0.0,2000-01-01,2026-05-31
94017,BROADMARSH (CORLEEN),-42.7,147.1,TAS,,9648,0,0.0,2000-01-01,2026-05-31
94020,DOVER,-43.333,146.998,TAS,,9648,9579,99.3,2000-01-01,2026-05-31
94021,DUNALLEY,-42.88,147.8,TAS,,9648,0,0.0,2000-01-01,2026-05-31
94022,FORT DIRECTION,-43.043,147.413,TAS,,9648,9118,94.5,2000-01-01,2026-05-31
94023,FRANKLIN,-43.091,147.006,TAS,,9648,1754,18.2,2000-01-01,2026-05-31
94024,GEEVESTON POLICE STATION,-43.167,146.933,TAS,,9648,0,0.0,2000-01-01,2026-05-31
94025,GLENORCHY (GLENORCHY RESERVOIR),-42.849,147.255,TAS,,9648,9259,96.0,2000-01-01,2026-05-31
94026,KILLORA (GRASMERE),-43.106,147.322,TAS,,9648,3950,40.9,2000-01-01,2026-05-31
94027,HASTINGS CHALET,-43.413,146.874,TAS,,9648,8089,83.8,2000-01-01,2026-05-31
94029,HOBART (ELLERSLIE ROAD),-42.89,147.328,TAS,,9648,9627,99.8,2000-01-01,2026-05-31
94030,HOBART BOTANICAL GARDENS,-42.867,147.332,TAS,,9648,9083,94.1,2000-01-01,2026-05-31
94031,HOBART (WATERWORKS RESERVE),-42.908,147.293,TAS,,9648,5460,56.6,2000-01-01,2026-05-31
94032,SOUTHPORT,-43.422,146.972,TAS,,9648,0,0.0,2000-01-01,2026-05-31
94033,JUDBURY,-42.983,146.933,TAS,,9648,0,0.0,2000-01-01,2026-05-31
94034,KEMPTON (OAKMORE),-42.524,147.19,TAS,,9648,0,0.0,2000-01-01,2026-05-31
94035,KETTERING (SADDLE ROAD),-43.125,147.22,TAS,,9648,0,0.0,2000-01-01,2026-05-31
94036,KINGSTON,-42.967,147.317,TAS,,9648,0,0.0,2000-01-01,2026-05-31
94037,LINDISFARNE,-42.85,147.367,TAS,,9648,0,0.0,2000-01-01,2026-05-31
94039,LUNAWANNA,-43.357,147.235,TAS,,9648,9104,94.4,2000-01-01,2026-05-31
94040,LYMINGTON (FATTYS LANE),-43.198,147.066,TAS,,9648,9505,98.5,2000-01-01,2026-05-31
94042,MANGALORE (MANGALORE FARM),-42.656,147.2,TAS,,9648,3589,37.2,2000-01-01,2026-05-31
94043,MIDDLETON POST OFFICE,-43.231,147.255,TAS,,9648,9481,98.3,2000-01-01,2026-05-31
94045,MOUNT NELSON,-42.917,147.333,TAS,,9648,0,0.0,2000-01-01,2026-05-31
94046,MELTON MOWBRAY (MOUNT VERNON),-42.483,147.167,TAS,,9648,0,0.0,2000-01-01,2026-05-31
94047,LENAH VALLEY (AUGUSTA ROAD),-42.868,147.295,TAS,,9648,765,7.9,2000-01-01,2026-05-31
94048,OPOSSUM BAY,-42.998,147.406,TAS,,9648,9581,99.3,2000-01-01,2026-05-31
94049,OYSTER COVE,-43.117,147.217,TAS,,9648,0,0.0,2000-01-01,2026-05-31
94050,PETCHEYS BAY,-43.2,147.0,TAS,,9648,0,0.0,2000-01-01,2026-05-31
94052,PORT ARTHUR,-43.15,147.85,TAS,,9648,0,0.0,2000-01-01,2026-05-31
94053,PREMAYDENA HATCHERY,-43.055,147.781,TAS,,9648,5550,57.5,2000-01-01,2026-05-31
94055,RICHMOND (BROOKBANK),-42.763,147.396,TAS,,9648,6621,68.6,2000-01-01,2026-05-31
94056,RISDON,-42.833,147.317,TAS,,9648,0,0.0,2000-01-01,2026-05-31
94057,ROBEVILLE,-43.217,147.383,TAS,,9648,0,0.0,2000-01-01,2026-05-31
94058,ROKEBY (THE MALL),-42.896,147.439,TAS,,9648,0,0.0,2000-01-01,2026-05-31
94060,RUNNYMEDE (WHITEMARSH),-42.637,147.599,TAS,,9648,2086,21.6,2000-01-01,2026-05-31
94061,SANDFORD (MAYDENA),-42.926,147.52,TAS,,9648,8143,84.4,2000-01-01,2026-05-31
94062,SNUG PRIMARY SCHOOL,-43.067,147.253,TAS,,9648,1090,11.3,2000-01-01,2026-05-31
94063,SORELL (WHITLEA),-42.786,147.564,TAS,,9648,4195,43.5,2000-01-01,2026-05-31
94064,WATTLE HILL,-42.761,147.622,TAS,,9648,9601,99.5,2000-01-01,2026-05-31
94066,MOUNT WELLINGTON (THE SPRINGS),-42.916,147.246,TAS,,9648,533,5.5,2000-01-01,2026-05-31
94067,TUNNACK POST OFFICE,-42.462,147.458,TAS,,9648,0,0.0,2000-01-01,2026-05-31
94068,WOODBRIDGE,-43.155,147.239,TAS,,9648,9575,99.2,2000-01-01,2026-05-31
94069,GROVE (COMPARISON),-42.983,147.077,TAS,,9648,3628,37.6,2000-01-01,2026-05-31
94070,ALONNAH AREA SCHOOL,-43.318,147.247,TAS,,9648,5863,60.8,2000-01-01,2026-05-31
94071,EAGLEHAWK NECK (JETTY ROAD),-43.015,147.912,TAS,,9648,8983,93.1,2000-01-01,2026-05-31
94075,TASMAN ISLAND LIGHTHOUSE,-43.25,148.0,TAS,,9648,0,0.0,2000-01-01,2026-05-31
94077,NUBEENA,-43.109,147.744,TAS,,9648,0,0.0,2000-01-01,2026-05-31
94081,MANGALORE (MILFORD),-42.642,147.247,TAS,,9648,413,4.3,2000-01-01,2026-05-31
94082,MOUNT RUMNEY (MOUNT RUMNEY ROAD),-42.857,147.439,TAS,,9648,9281,96.2,2000-01-01,2026-05-31
94083,HOBART (STRICKLAND RESERVE),-42.9,147.269,TAS,,9648,618,6.4,2000-01-01,2026-05-31
94085,SNUG PLAINS (CATARACT FALLS),-43.091,147.202,TAS,,9648,9248,95.9,2000-01-01,2026-05-31
94087,KUNANYI (MOUNT WELLINGTON PINNACLE),-42.895,147.236,TAS,,9648,9317,96.6,2000-01-01,2026-05-31
94088,PARK BEACH,-42.869,147.609,TAS,,9648,814,8.4,2000-01-01,2026-05-31
94089,HUONVILLE (TUTTON AVENUE),-43.029,147.054,TAS,,9648,5961,61.8,2000-01-01,2026-05-31
94091,SEVEN MILE BEACH (ROYAL HOBART GOLF CLUB,-42.859,147.495,TAS,,9648,7610,78.9,2000-01-01,2026-05-31
94097,LEVENDALE,-42.542,147.568,TAS,,9648,9424,97.7,2000-01-01,2026-05-31
94110,RICHMOND (INVERGUHARITY),-42.7,147.5,TAS,,9648,0,0.0,2000-01-01,2026-05-31
94111,TAROONA (TAROONA CRESCENT),-42.952,147.35,TAS,,9648,8916,92.4,2000-01-01,2026-05-31
94112,NUBEENA SOUTH,-43.137,147.762,TAS,,9648,0,0.0,2000-01-01,2026-05-31
94116,GEEVESTON (RIAWUNNA),-43.216,146.905,TAS,,9648,84,0.9,2000-01-01,2026-05-31
94120,SNAKE PLAINS,-42.94,147.224,TAS,,9648,0,0.0,2000-01-01,2026-05-31
94125,MARGATE (SUNNYSIDE),-43.024,147.254,TAS,,9648,9222,95.6,2000-01-01,2026-05-31
94130,ORIELTON (EAST ORIELTON ROAD),-42.747,147.551,TAS,,9648,9590,99.4,2000-01-01,2026-05-31
94137,GEEVESTON (CEMETERY ROAD),-43.165,146.917,TAS,,9648,5673,58.8,2000-01-01,2026-05-31
94139,FERN TREE (GRAYS ROAD),-42.927,147.252,TAS,,9648,6646,68.9,2000-01-01,2026-05-31
94140,MELTON MOWBRAY (LOVELY BANKS),-42.441,147.228,TAS,,9648,7982,82.7,2000-01-01,2026-05-31
94143,MAURICETON (JORDAN RIVER),-42.527,147.124,TAS,,9648,4598,47.7,2000-01-01,2026-05-31
94146,GEEVESTON (FOURFOOT),-43.159,146.92,TAS,,9648,0,0.0,2000-01-01,2026-05-31
94155,TASMAN ISLAND,-43.24,148.002,TAS,,9648,8568,88.8,2000-01-01,2026-05-31
94156,CAMBRIDGE (MILFORD),-42.833,147.517,TAS,,9648,0,0.0,2000-01-01,2026-05-31
94157,PORT ARTHUR (PALMERS LOOKOUT),-43.164,147.833,TAS,,9648,2259,23.4,2000-01-01,2026-05-31
94166,BULL BAY (LAURISTON),-43.09,147.361,TAS,,9648,5729,59.4,2000-01-01,2026-05-31
94177,RICHMOND (STRATHAYR),-42.758,147.382,TAS,,9648,8286,85.9,2000-01-01,2026-05-31
94191,HARTZ MOUNTAIN (KEOGHS PIMPLE),-43.201,146.768,TAS,,9648,9397,97.4,2000-01-01,2026-05-31
94195,TUNNACK FIRE STATION,-42.454,147.461,TAS,,9648,9399,97.4,2000-01-01,2026-05-31
94198,CAPE BRUNY (CAPE BRUNY),-43.489,147.144,TAS,,9648,9518,98.7,2000-01-01,2026-05-31
94201,MELTON MOWBRAY (NORTH STOCKMAN),-42.493,147.198,TAS,,9648,7843,81.3,2000-01-01,2026-05-31
94212,CAMPANIA (KINCORA),-42.687,147.426,TAS,,9648,9463,98.1,2000-01-01,2026-05-31
94227,GLENORCHY (MURRAYFIELD),-42.844,147.267,TAS,,9648,0,0.0,2000-01-01,2026-05-31
95001,BOTHWELL (FRANKLIN STREET),-42.388,147.006,TAS,,9648,9181,95.2,2000-01-01,2026-05-31
95003,BUSHY PARK (BUSHY PARK ESTATES),-42.71,146.898,TAS,,9648,9287,96.3,2000-01-01,2026-05-31
95005,BOTHWELL (CLUNY),-42.316,146.961,TAS,,9648,6708,69.5,2000-01-01,2026-05-31
95008,HAMILTON (URALLA),-42.557,146.835,TAS,,9648,6909,71.6,2000-01-01,2026-05-31
95010,LAKE FENTON,-42.679,146.623,TAS,,9648,0,0.0,2000-01-01,2026-05-31
95011,MAYDENA,-42.764,146.597,TAS,,9648,0,0.0,2000-01-01,2026-05-31
95012,OUSE (MILLBROOK),-42.481,146.711,TAS,,9648,9515,98.6,2000-01-01,2026-05-31
95014,NATIONAL PARK (FORESTRY),-42.692,146.716,TAS,,9648,1242,12.9,2000-01-01,2026-05-31
95015,NEW NORFOLK,-42.783,147.083,TAS,,9648,0,0.0,2000-01-01,2026-05-31
95016,OSTERLEY,-42.337,146.748,TAS,,9648,8884,92.1,2000-01-01,2026-05-31
95017,SHARPES SIDING,-42.717,146.7,TAS,,9648,0,0.0,2000-01-01,2026-05-31
95018,TARRALEAH VILLAGE,-42.3,146.449,TAS,,9648,4560,47.3,2000-01-01,2026-05-31
95019,UXBRIDGE,-42.767,146.867,TAS,,9648,0,0.0,2000-01-01,2026-05-31
95021,VICTORIA VALLEY (GLENROWAN),-42.256,146.709,TAS,,9648,4371,45.3,2000-01-01,2026-05-31
95027,LIAPOOTAH POWER STATION,-42.381,146.508,TAS,,9648,0,0.0,2000-01-01,2026-05-31
95032,CLARENDON,-42.65,146.9,TAS,,9648,0,0.0,2000-01-01,2026-05-31
95033,ELLENDALE POST OFFICE,-42.619,146.717,TAS,,9648,6677,69.2,2000-01-01,2026-05-31
95043,BOTHWELL (RATHO),-42.383,147.0,TAS,,9648,0,0.0,2000-01-01,2026-05-31
95048,OUSE FIRE STATION,-42.484,146.711,TAS,,9648,9497,98.4,2000-01-01,2026-05-31
95052,NEW NORFOLK CARAVAN PARK,-42.776,147.066,TAS,,9648,0,0.0,2000-01-01,2026-05-31
95055,ELDERSLIE SOUTH  (STAPLES SUGARLOAF),-42.623,147.103,TAS,,9648,3895,40.4,2000-01-01,2026-05-31
95060,MOOGARA (UXBRIDGE BACK ROAD),-42.789,146.906,TAS,,9648,3098,32.1,2000-01-01,2026-05-31
95063,MAYDENA POST OFFICE,-42.757,146.624,TAS,,9648,7458,77.3,2000-01-01,2026-05-31
96001,BREONA,-41.783,146.7,TAS,,9648,0,0.0,2000-01-01,2026-05-31
96002,BRONTE HEIGHTS,-42.142,146.493,TAS,,9648,7915,82.0,2000-01-01,2026-05-31
96003,BUTLERS GORGE,-42.275,146.276,TAS,,9648,6470,67.1,2000-01-01,2026-05-31
96004,LIAWENEE HEC,-41.901,146.63,TAS,,9648,0,0.0,2000-01-01,2026-05-31
96005,CRADLE VALLEY (WALDHEIM),-41.638,145.944,TAS,,9648,2494,25.8,2000-01-01,2026-05-31
96009,INTERLAKEN,-42.15,147.167,TAS,,9648,0,0.0,2000-01-01,2026-05-31
96010,SHANNON RIVER (HERMITAGE),-42.254,146.875,TAS,,9648,0,0.0,2000-01-01,2026-05-31
96013,LAKE CRESCENT (SERAT),-42.214,147.107,TAS,,9648,1518,15.7,2000-01-01,2026-05-31
96014,LAKE ECHO POWER STATION,-42.254,146.62,TAS,,9648,4137,42.9,2000-01-01,2026-05-31
96015,LAKE ST CLAIR (HEC),-42.1,146.217,TAS,,9648,0,0.0,2000-01-01,2026-05-31
96021,SHANNON HEC,-42.05,146.75,TAS,,9648,0,0.0,2000-01-01,2026-05-31
96022,STEPPES (OLD POST OFFICE),-42.105,146.893,TAS,,9648,0,0.0,2000-01-01,2026-05-31
96023,WADDAMANA FIELD STUDY CENTRE,-42.127,146.748,TAS,,9648,4237,43.9,2000-01-01,2026-05-31
96024,WIHAREJA,-42.033,146.8,TAS,,9648,0,0.0,2000-01-01,2026-05-31
96025,WOODS (DEN),-41.983,147.1,TAS,,9648,0,0.0,2000-01-01,2026-05-31
96033,LIAWENEE,-41.9,146.669,TAS,,9648,8992,93.2,2000-01-01,2026-05-31
96042,STEPPES (CHRISTIAN MARSH),-42.159,146.883,TAS,,9648,1541,16.0,2000-01-01,2026-05-31
96046,MIENA DAM,-41.982,146.723,TAS,,9648,8796,91.2,2000-01-01,2026-05-31
96051,LAKE ECHO DAM,-42.217,146.638,TAS,,9648,0,0.0,2000-01-01,2026-05-31
96065,LIAWENEE COMPARISON,-41.898,146.667,TAS,,9648,3240,33.6,2000-01-01,2026-05-31
96071,LAKE ST CLAIR NATIONAL PARK,-42.118,146.177,TAS,,9648,8428,87.4,2000-01-01,2026-05-31
97000,CAPE SORELL,-42.199,145.17,TAS,,9648,9396,97.4,2000-01-01,2026-05-31
97003,GORMANSTON (GOULD STREET),-42.075,145.599,TAS,,9648,244,2.5,2000-01-01,2026-05-31
97004,GUILDFORD JUNCTION,-41.433,145.697,TAS,,9648,0,0.0,2000-01-01,2026-05-31
97006,LAKE MARGARET DAM,-41.993,145.572,TAS,,9648,3317,34.4,2000-01-01,2026-05-31
97007,PORT DAVEY (MELALEUCA),-43.43,146.16,TAS,,9648,3037,31.5,2000-01-01,2026-05-31
97008,QUEENSTOWN (COPPER MINE),-42.066,145.568,TAS,,9648,739,7.7,2000-01-01,2026-05-31
97010,REGATTA POINT,-42.17,145.33,TAS,,9648,0,0.0,2000-01-01,2026-05-31
97011,ROSEBERY,-41.767,145.533,TAS,,9648,0,0.0,2000-01-01,2026-05-31
97012,TEMMA (OLD TEMMA FARM),-41.219,144.739,TAS,,9648,4250,44.1,2000-01-01,2026-05-31
97013,TULLAH,-41.733,145.617,TAS,,9648,0,0.0,2000-01-01,2026-05-31
97014,WARATAH (MOUNT ROAD),-41.437,145.526,TAS,,9648,4803,49.8,2000-01-01,2026-05-31
97016,ZEEHAN POST OFFICE,-41.883,145.333,TAS,,9648,0,0.0,2000-01-01,2026-05-31
97020,LAKE MARGARET POWER STATION,-42.004,145.544,TAS,,9648,5707,59.2,2000-01-01,2026-05-31
97021,RENISON BELL,-41.795,145.437,TAS,,9648,6308,65.4,2000-01-01,2026-05-31
97022,BULGOBAC,-41.627,145.595,TAS,,9648,0,0.0,2000-01-01,2026-05-31
97023,CORINNA,-41.651,145.078,TAS,,9648,3287,34.1,2000-01-01,2026-05-31
97034,QUEENSTOWN (7XS),-42.097,145.545,TAS,,9648,0,0.0,2000-01-01,2026-05-31
97036,GRANVILLE HARBOUR,-41.803,145.051,TAS,,9648,4013,41.6,2000-01-01,2026-05-31
97037,BALFOUR,-41.264,144.91,TAS,,9648,2244,23.3,2000-01-01,2026-05-31
97045,ARVE VALLEY (ARVE ROAD),-43.141,146.791,TAS,,9648,453,4.7,2000-01-01,2026-05-31
97047,SAVAGE RIVER MINE,-41.489,145.208,TAS,,9648,9114,94.5,2000-01-01,2026-05-31
97048,STRATHGORDON (THE KNOB),-42.733,145.983,TAS,,9648,0,0.0,2000-01-01,2026-05-31
97053,STRATHGORDON VILLAGE,-42.768,146.046,TAS,,9648,5529,57.3,2000-01-01,2026-05-31
97054,ZEEHAN (WEST COAST PIONEERS MUSEUM),-41.882,145.336,TAS,,9648,9203,95.4,2000-01-01,2026-05-31
97061,STRATHGORDON (GORDON POWER STATION),-42.741,145.982,TAS,,9648,6823,70.7,2000-01-01,2026-05-31
97065,TAHUNE RESERVE,-43.1,146.732,TAS,,9648,507,5.3,2000-01-01,2026-05-31
97067,STRAHAN (VIVIAN STREET),-42.156,145.327,TAS,,9648,0,0.0,2000-01-01,2026-05-31
97072,STRAHAN AERODROME,-42.155,145.291,TAS,,9648,9419,97.6,2000-01-01,2026-05-31
97073,ROSEBERY (HEC SUBSTATION),-41.777,145.538,TAS,,9648,0,0.0,2000-01-01,2026-05-31
97075,NEWTON CREEK HEC,-41.905,145.587,TAS,,9648,0,0.0,2000-01-01,2026-05-31
97078,HELLYER MINE OFFICE,-41.572,145.72,TAS,,9648,0,0.0,2000-01-01,2026-05-31
97083,SCOTTS PEAK DAM,-43.042,146.272,TAS,,9648,9388,97.3,2000-01-01,2026-05-31
97085,MOUNT READ,-41.844,145.542,TAS,,9648,9102,94.3,2000-01-01,2026-05-31
98000,CITY OF MELBOURNE BAY,-40.009,144.111,TAS,,9648,9561,99.1,2000-01-01,2026-05-31
98001,CURRIE POST OFFICE,-39.932,143.849,TAS,,9648,0,0.0,2000-01-01,2026-05-31
98003,HARWELL,-39.918,143.925,TAS,,9648,6938,71.9,2000-01-01,2026-05-31
98004,NARACOOPA,-39.908,144.1,TAS,,9648,8540,88.5,2000-01-01,2026-05-31
98005,PEARSHAPE,-40.067,143.95,TAS,,9648,0,0.0,2000-01-01,2026-05-31
98013,YAMBACOONA,-39.706,143.933,TAS,,9648,4419,45.8,2000-01-01,2026-05-31
98017,KING ISLAND AIRPORT,-39.88,143.886,TAS,,9648,9574,99.2,2000-01-01,2026-05-31
98018,CURRIE NORTH,-39.933,143.867,TAS,,9648,0,0.0,2000-01-01,2026-05-31
99000,CAPE BARREN ISLAND (LONG BEACH),-40.38,148.006,TAS,,9648,9214,95.5,2000-01-01,2026-05-31
99001,DEAL ISLAND,-39.476,147.315,TAS,,9648,9371,97.1,2000-01-01,2026-05-31
99002,LADY BARRON (FRANKLIN PARADE),-40.211,148.247,TAS,,9648,5476,56.8,2000-01-01,2026-05-31
99004,LUGHRATA,-39.967,147.933,TAS,,9648,0,0.0,2000-01-01,2026-05-31
99005,FLINDERS ISLAND AIRPORT,-40.091,148.002,TAS,,9648,9530,98.8,2000-01-01,2026-05-31
99006,THE HERMATIGE,-39.767,147.9,TAS,,9648,0,0.0,2000-01-01,2026-05-31
99007,THULE,-40.117,148.05,TAS,,9648,0,0.0,2000-01-01,2026-05-31
99008,WHITEMARK,-40.117,148.017,TAS,,9648,0,0.0,2000-01-01,2026-05-31
99009,WINGAROO,-39.849,148.017,TAS,,9648,2298,23.8,2000-01-01,2026-05-31
99010,EMITA,-40.017,147.917,TAS,,9648,0,0.0,2000-01-01,2026-05-31
99014,MEMANA (BABEL FARM),-40.019,148.182,TAS,,9648,8573,88.9,2000-01-01,2026-05-31
99015,WHITEMARK POST OFFICE,-40.121,148.017,TAS,,9648,9361,97.0,2000-01-01,2026-05-31
99019,KILLIECRANKIE,-39.837,147.836,TAS,,9648,5319,55.1,2000-01-01,2026-05-31
